  0
SECTION
  2
BLOCKS
  0
ENDSEC
  0
SECTION
  2
ENTITIES
  0
LINE
  8
0
 10
0.278595
 20
-4.42824
 11
0.463791
 21
-4.41269
  0
LINE
  8
0
 10
0.463791
 20
-4.41269
 11
0.648163
 21
-4.3894
  0
LINE
  8
0
 10
0.648163
 20
-4.3894
 11
0.831406
 21
-4.35841
  0
LINE
  8
0
 10
0.831406
 20
-4.35841
 11
1.01318
 21
-4.31976
  0
LINE
  8
0
 10
1.01318
 20
-4.31976
 11
1.19319
 21
-4.27356
  0
LINE
  8
0
 10
1.19319
 20
-4.27356
 11
1.37111
 21
-4.21983
  0
LINE
  8
0
 10
1.37111
 20
-4.21983
 11
1.54662
 21
-4.15872
  0
LINE
  8
0
 10
1.54662
 20
-4.15872
 11
1.71941
 21
-4.0903
  0
LINE
  8
0
 10
1.71941
 20
-4.0903
 11
8.15649
 21
-1.5
  0
LINE
  8
0
 10
8.15649
 20
-1.5
 11
8.15649
 21
1.5
  0
LINE
  8
0
 10
8.15649
 20
1.5
 11
1.71941
 21
4.0903
  0
LINE
  8
0
 10
1.71941
 20
4.0903
 11
1.54662
 21
4.15872
  0
LINE
  8
0
 10
1.54662
 20
4.15872
 11
1.37111
 21
4.21983
  0
LINE
  8
0
 10
1.37111
 20
4.21983
 11
1.19319
 21
4.27356
  0
LINE
  8
0
 10
1.19319
 20
4.27356
 11
1.01318
 21
4.31976
  0
LINE
  8
0
 10
1.01318
 20
4.31976
 11
0.831406
 21
4.35841
  0
LINE
  8
0
 10
0.831406
 20
4.35841
 11
0.648163
 21
4.3894
  0
LINE
  8
0
 10
0.648163
 20
4.3894
 11
0.463791
 21
4.41269
  0
LINE
  8
0
 10
0.463791
 20
4.41269
 11
0.278595
 21
4.42824
  0
LINE
  8
0
 10
0.278595
 20
4.42824
 11
0.0929108
 21
4.43602
  0
LINE
  8
0
 10
0.0929108
 20
4.43602
 11
-0.0929108
 21
4.43602
  0
LINE
  8
0
 10
-0.0929108
 20
4.43602
 11
-0.278595
 21
4.42824
  0
LINE
  8
0
 10
-0.278595
 20
4.42824
 11
-0.463791
 21
4.41269
  0
LINE
  8
0
 10
-0.463791
 20
4.41269
 11
-0.648163
 21
4.3894
  0
LINE
  8
0
 10
-0.648163
 20
4.3894
 11
-0.831406
 21
4.35841
  0
LINE
  8
0
 10
-0.831406
 20
4.35841
 11
-1.01318
 21
4.31976
  0
LINE
  8
0
 10
-1.01318
 20
4.31976
 11
-1.19319
 21
4.27356
  0
LINE
  8
0
 10
-1.19319
 20
4.27356
 11
-1.37111
 21
4.21983
  0
LINE
  8
0
 10
-1.37111
 20
4.21983
 11
-1.54662
 21
4.15872
  0
LINE
  8
0
 10
-1.54662
 20
4.15872
 11
-1.71941
 21
4.0903
  0
LINE
  8
0
 10
-1.71941
 20
4.0903
 11
-8.15649
 21
1.5
  0
LINE
  8
0
 10
-8.15649
 20
1.5
 11
-8.15649
 21
-1.5
  0
LINE
  8
0
 10
-8.15649
 20
-1.5
 11
-1.71941
 21
-4.0903
  0
LINE
  8
0
 10
-1.71941
 20
-4.0903
 11
-1.54662
 21
-4.15872
  0
LINE
  8
0
 10
-1.54662
 20
-4.15872
 11
-1.37111
 21
-4.21983
  0
LINE
  8
0
 10
-1.37111
 20
-4.21983
 11
-1.19319
 21
-4.27356
  0
LINE
  8
0
 10
-1.19319
 20
-4.27356
 11
-1.01318
 21
-4.31976
  0
LINE
  8
0
 10
-1.01318
 20
-4.31976
 11
-0.831406
 21
-4.35841
  0
LINE
  8
0
 10
-0.831406
 20
-4.35841
 11
-0.648163
 21
-4.3894
  0
LINE
  8
0
 10
-0.648163
 20
-4.3894
 11
-0.463791
 21
-4.41269
  0
LINE
  8
0
 10
-0.463791
 20
-4.41269
 11
-0.278595
 21
-4.42824
  0
LINE
  8
0
 10
-0.278595
 20
-4.42824
 11
-0.0929108
 21
-4.43602
  0
LINE
  8
0
 10
-0.0929108
 20
-4.43602
 11
0.0929108
 21
-4.43602
  0
LINE
  8
0
 10
0.0929108
 20
-4.43602
 11
0.278595
 21
-4.42824
  0
LINE
  8
0
 10
-0.00840759
 20
3.48048
 11
-0.0167999
 21
3.48102
  0
LINE
  8
0
 10
-0.0167999
 20
3.48102
 11
-0.0251617
 21
3.48189
  0
LINE
  8
0
 10
-0.0251617
 20
3.48189
 11
-0.0334778
 21
3.48312
  0
LINE
  8
0
 10
-0.0334778
 20
3.48312
 11
-0.0417328
 21
3.4847
  0
LINE
  8
0
 10
-0.0417328
 20
3.4847
 11
-0.0499268
 21
3.48662
  0
LINE
  8
0
 10
-0.0499268
 20
3.48662
 11
-0.0580292
 21
3.48888
  0
LINE
  8
0
 10
-0.0580292
 20
3.48888
 11
-0.0660248
 21
3.49147
  0
LINE
  8
0
 10
-0.0660248
 20
3.49147
 11
-0.0739136
 21
3.4944
  0
LINE
  8
0
 10
-0.0739136
 20
3.4944
 11
-0.081665
 21
3.49767
  0
LINE
  8
0
 10
-0.081665
 20
3.49767
 11
-0.0892639
 21
3.50125
  0
LINE
  8
0
 10
-0.0892639
 20
3.50125
 11
-0.0967255
 21
3.50514
  0
LINE
  8
0
 10
-0.0967255
 20
3.50514
 11
-0.104004
 21
3.50935
  0
LINE
  8
0
 10
-0.104004
 20
3.50935
 11
-0.111099
 21
3.51385
  0
LINE
  8
0
 10
-0.111099
 20
3.51385
 11
-0.118011
 21
3.51865
  0
LINE
  8
0
 10
-0.118011
 20
3.51865
 11
-0.12471
 21
3.52374
  0
LINE
  8
0
 10
-0.12471
 20
3.52374
 11
-0.131195
 21
3.5291
  0
LINE
  8
0
 10
-0.131195
 20
3.5291
 11
-0.137436
 21
3.53473
  0
LINE
  8
0
 10
-0.137436
 20
3.53473
 11
-0.143448
 21
3.5406
  0
LINE
  8
0
 10
-0.143448
 20
3.5406
 11
-0.1492
 21
3.54674
  0
LINE
  8
0
 10
-0.1492
 20
3.54674
 11
-0.154709
 21
3.5531
  0
LINE
  8
0
 10
-0.154709
 20
3.5531
 11
-0.159927
 21
3.55969
  0
LINE
  8
0
 10
-0.159927
 20
3.55969
 11
-0.164871
 21
3.5665
  0
LINE
  8
0
 10
-0.164871
 20
3.5665
 11
-0.169525
 21
3.5735
  0
LINE
  8
0
 10
-0.169525
 20
3.5735
 11
-0.173874
 21
3.5807
  0
LINE
  8
0
 10
-0.173874
 20
3.5807
 11
-0.177933
 21
3.58807
  0
LINE
  8
0
 10
-0.177933
 20
3.58807
 11
-0.181671
 21
3.5956
  0
LINE
  8
0
 10
-0.181671
 20
3.5956
 11
-0.185089
 21
3.60329
  0
LINE
  8
0
 10
-0.185089
 20
3.60329
 11
-0.188187
 21
3.6111
  0
LINE
  8
0
 10
-0.188187
 20
3.6111
 11
-0.190948
 21
3.61905
  0
LINE
  8
0
 10
-0.190948
 20
3.61905
 11
-0.19339
 21
3.62711
  0
LINE
  8
0
 10
-0.19339
 20
3.62711
 11
-0.19548
 21
3.63524
  0
LINE
  8
0
 10
-0.19548
 20
3.63524
 11
-0.19722
 21
3.64348
  0
LINE
  8
0
 10
-0.19722
 20
3.64348
 11
-0.198624
 21
3.65176
  0
LINE
  8
0
 10
-0.198624
 20
3.65176
 11
-0.199677
 21
3.66011
  0
LINE
  8
0
 10
-0.199677
 20
3.66011
 11
-0.200378
 21
3.66849
  0
LINE
  8
0
 10
-0.200378
 20
3.66849
 11
-0.200729
 21
3.6769
  0
LINE
  8
0
 10
-0.200729
 20
3.6769
 11
-0.200729
 21
3.6853
  0
LINE
  8
0
 10
-0.200729
 20
3.6853
 11
-0.200378
 21
3.6937
  0
LINE
  8
0
 10
-0.200378
 20
3.6937
 11
-0.199677
 21
3.70209
  0
LINE
  8
0
 10
-0.199677
 20
3.70209
 11
-0.198624
 21
3.71042
  0
LINE
  8
0
 10
-0.198624
 20
3.71042
 11
-0.19722
 21
3.71872
  0
LINE
  8
0
 10
-0.19722
 20
3.71872
 11
-0.19548
 21
3.72694
  0
LINE
  8
0
 10
-0.19548
 20
3.72694
 11
-0.19339
 21
3.73509
  0
LINE
  8
0
 10
-0.19339
 20
3.73509
 11
-0.190948
 21
3.74313
  0
LINE
  8
0
 10
-0.190948
 20
3.74313
 11
-0.188187
 21
3.75108
  0
LINE
  8
0
 10
-0.188187
 20
3.75108
 11
-0.185089
 21
3.7589
  0
LINE
  8
0
 10
-0.185089
 20
3.7589
 11
-0.181671
 21
3.76659
  0
LINE
  8
0
 10
-0.181671
 20
3.76659
 11
-0.177933
 21
3.77412
  0
LINE
  8
0
 10
-0.177933
 20
3.77412
 11
-0.173874
 21
3.78149
  0
LINE
  8
0
 10
-0.173874
 20
3.78149
 11
-0.169525
 21
3.78868
  0
LINE
  8
0
 10
-0.169525
 20
3.78868
 11
-0.164871
 21
3.79568
  0
LINE
  8
0
 10
-0.164871
 20
3.79568
 11
-0.159927
 21
3.80249
  0
LINE
  8
0
 10
-0.159927
 20
3.80249
 11
-0.154709
 21
3.80908
  0
LINE
  8
0
 10
-0.154709
 20
3.80908
 11
-0.1492
 21
3.81544
  0
LINE
  8
0
 10
-0.1492
 20
3.81544
 11
-0.143448
 21
3.82158
  0
LINE
  8
0
 10
-0.143448
 20
3.82158
 11
-0.137436
 21
3.82747
  0
LINE
  8
0
 10
-0.137436
 20
3.82747
 11
-0.131195
 21
3.83308
  0
LINE
  8
0
 10
-0.131195
 20
3.83308
 11
-0.12471
 21
3.83846
  0
LINE
  8
0
 10
-0.12471
 20
3.83846
 11
-0.118011
 21
3.84354
  0
LINE
  8
0
 10
-0.118011
 20
3.84354
 11
-0.111099
 21
3.84833
  0
LINE
  8
0
 10
-0.111099
 20
3.84833
 11
-0.104004
 21
3.85284
  0
LINE
  8
0
 10
-0.104004
 20
3.85284
 11
-0.0967255
 21
3.85704
  0
LINE
  8
0
 10
-0.0967255
 20
3.85704
 11
-0.0892639
 21
3.86095
  0
LINE
  8
0
 10
-0.0892639
 20
3.86095
 11
-0.081665
 21
3.86452
  0
LINE
  8
0
 10
-0.081665
 20
3.86452
 11
-0.0739136
 21
3.86778
  0
LINE
  8
0
 10
-0.0739136
 20
3.86778
 11
-0.0660248
 21
3.87071
  0
LINE
  8
0
 10
-0.0660248
 20
3.87071
 11
-0.0580292
 21
3.87331
  0
LINE
  8
0
 10
-0.0580292
 20
3.87331
 11
-0.0499268
 21
3.87558
  0
LINE
  8
0
 10
-0.0499268
 20
3.87558
 11
-0.0417328
 21
3.87749
  0
LINE
  8
0
 10
-0.0417328
 20
3.87749
 11
-0.0334778
 21
3.87907
  0
LINE
  8
0
 10
-0.0334778
 20
3.87907
 11
-0.0251617
 21
3.88029
  0
LINE
  8
0
 10
-0.0251617
 20
3.88029
 11
-0.0167999
 21
3.88118
  0
LINE
  8
0
 10
-0.0167999
 20
3.88118
 11
-0.00840759
 21
3.8817
  0
LINE
  8
0
 10
-0.00840759
 20
3.8817
 11
0
 21
3.88188
  0
LINE
  8
0
 10
0
 20
3.88188
 11
0.00840759
 21
3.8817
  0
LINE
  8
0
 10
0.00840759
 20
3.8817
 11
0.0167999
 21
3.88118
  0
LINE
  8
0
 10
0.0167999
 20
3.88118
 11
0.0251617
 21
3.88029
  0
LINE
  8
0
 10
0.0251617
 20
3.88029
 11
0.0334778
 21
3.87907
  0
LINE
  8
0
 10
0.0334778
 20
3.87907
 11
0.0417328
 21
3.87749
  0
LINE
  8
0
 10
0.0417328
 20
3.87749
 11
0.0499268
 21
3.87558
  0
LINE
  8
0
 10
0.0499268
 20
3.87558
 11
0.0580292
 21
3.87331
  0
LINE
  8
0
 10
0.0580292
 20
3.87331
 11
0.0660248
 21
3.87071
  0
LINE
  8
0
 10
0.0660248
 20
3.87071
 11
0.0739136
 21
3.86778
  0
LINE
  8
0
 10
0.0739136
 20
3.86778
 11
0.081665
 21
3.86452
  0
LINE
  8
0
 10
0.081665
 20
3.86452
 11
0.0892639
 21
3.86095
  0
LINE
  8
0
 10
0.0892639
 20
3.86095
 11
0.0967255
 21
3.85704
  0
LINE
  8
0
 10
0.0967255
 20
3.85704
 11
0.104004
 21
3.85284
  0
LINE
  8
0
 10
0.104004
 20
3.85284
 11
0.111099
 21
3.84833
  0
LINE
  8
0
 10
0.111099
 20
3.84833
 11
0.118011
 21
3.84354
  0
LINE
  8
0
 10
0.118011
 20
3.84354
 11
0.12471
 21
3.83846
  0
LINE
  8
0
 10
0.12471
 20
3.83846
 11
0.131195
 21
3.83308
  0
LINE
  8
0
 10
0.131195
 20
3.83308
 11
0.137436
 21
3.82747
  0
LINE
  8
0
 10
0.137436
 20
3.82747
 11
0.143448
 21
3.82158
  0
LINE
  8
0
 10
0.143448
 20
3.82158
 11
0.1492
 21
3.81544
  0
LINE
  8
0
 10
0.1492
 20
3.81544
 11
0.154709
 21
3.80908
  0
LINE
  8
0
 10
0.154709
 20
3.80908
 11
0.159927
 21
3.80249
  0
LINE
  8
0
 10
0.159927
 20
3.80249
 11
0.164871
 21
3.79568
  0
LINE
  8
0
 10
0.164871
 20
3.79568
 11
0.169525
 21
3.78868
  0
LINE
  8
0
 10
0.169525
 20
3.78868
 11
0.173874
 21
3.78149
  0
LINE
  8
0
 10
0.173874
 20
3.78149
 11
0.177933
 21
3.77412
  0
LINE
  8
0
 10
0.177933
 20
3.77412
 11
0.181671
 21
3.76659
  0
LINE
  8
0
 10
0.181671
 20
3.76659
 11
0.185089
 21
3.7589
  0
LINE
  8
0
 10
0.185089
 20
3.7589
 11
0.188187
 21
3.75108
  0
LINE
  8
0
 10
0.188187
 20
3.75108
 11
0.190948
 21
3.74313
  0
LINE
  8
0
 10
0.190948
 20
3.74313
 11
0.19339
 21
3.73509
  0
LINE
  8
0
 10
0.19339
 20
3.73509
 11
0.19548
 21
3.72694
  0
LINE
  8
0
 10
0.19548
 20
3.72694
 11
0.19722
 21
3.71872
  0
LINE
  8
0
 10
0.19722
 20
3.71872
 11
0.198624
 21
3.71042
  0
LINE
  8
0
 10
0.198624
 20
3.71042
 11
0.199677
 21
3.70209
  0
LINE
  8
0
 10
0.199677
 20
3.70209
 11
0.200378
 21
3.6937
  0
LINE
  8
0
 10
0.200378
 20
3.6937
 11
0.200729
 21
3.6853
  0
LINE
  8
0
 10
0.200729
 20
3.6853
 11
0.200729
 21
3.6769
  0
LINE
  8
0
 10
0.200729
 20
3.6769
 11
0.200378
 21
3.66849
  0
LINE
  8
0
 10
0.200378
 20
3.66849
 11
0.199677
 21
3.66011
  0
LINE
  8
0
 10
0.199677
 20
3.66011
 11
0.198624
 21
3.65176
  0
LINE
  8
0
 10
0.198624
 20
3.65176
 11
0.19722
 21
3.64348
  0
LINE
  8
0
 10
0.19722
 20
3.64348
 11
0.19548
 21
3.63524
  0
LINE
  8
0
 10
0.19548
 20
3.63524
 11
0.19339
 21
3.62711
  0
LINE
  8
0
 10
0.19339
 20
3.62711
 11
0.190948
 21
3.61905
  0
LINE
  8
0
 10
0.190948
 20
3.61905
 11
0.188187
 21
3.6111
  0
LINE
  8
0
 10
0.188187
 20
3.6111
 11
0.185089
 21
3.60329
  0
LINE
  8
0
 10
0.185089
 20
3.60329
 11
0.181671
 21
3.5956
  0
LINE
  8
0
 10
0.181671
 20
3.5956
 11
0.177933
 21
3.58807
  0
LINE
  8
0
 10
0.177933
 20
3.58807
 11
0.173874
 21
3.5807
  0
LINE
  8
0
 10
0.173874
 20
3.5807
 11
0.169525
 21
3.5735
  0
LINE
  8
0
 10
0.169525
 20
3.5735
 11
0.164871
 21
3.5665
  0
LINE
  8
0
 10
0.164871
 20
3.5665
 11
0.159927
 21
3.55969
  0
LINE
  8
0
 10
0.159927
 20
3.55969
 11
0.154709
 21
3.5531
  0
LINE
  8
0
 10
0.154709
 20
3.5531
 11
0.1492
 21
3.54674
  0
LINE
  8
0
 10
0.1492
 20
3.54674
 11
0.143448
 21
3.5406
  0
LINE
  8
0
 10
0.143448
 20
3.5406
 11
0.137436
 21
3.53473
  0
LINE
  8
0
 10
0.137436
 20
3.53473
 11
0.131195
 21
3.5291
  0
LINE
  8
0
 10
0.131195
 20
3.5291
 11
0.12471
 21
3.52374
  0
LINE
  8
0
 10
0.12471
 20
3.52374
 11
0.118011
 21
3.51865
  0
LINE
  8
0
 10
0.118011
 20
3.51865
 11
0.111099
 21
3.51385
  0
LINE
  8
0
 10
0.111099
 20
3.51385
 11
0.104004
 21
3.50935
  0
LINE
  8
0
 10
0.104004
 20
3.50935
 11
0.0967255
 21
3.50514
  0
LINE
  8
0
 10
0.0967255
 20
3.50514
 11
0.0892639
 21
3.50125
  0
LINE
  8
0
 10
0.0892639
 20
3.50125
 11
0.081665
 21
3.49767
  0
LINE
  8
0
 10
0.081665
 20
3.49767
 11
0.0739136
 21
3.4944
  0
LINE
  8
0
 10
0.0739136
 20
3.4944
 11
0.0660248
 21
3.49147
  0
LINE
  8
0
 10
0.0660248
 20
3.49147
 11
0.0580292
 21
3.48888
  0
LINE
  8
0
 10
0.0580292
 20
3.48888
 11
0.0499268
 21
3.48662
  0
LINE
  8
0
 10
0.0499268
 20
3.48662
 11
0.0417328
 21
3.4847
  0
LINE
  8
0
 10
0.0417328
 20
3.4847
 11
0.0334778
 21
3.48312
  0
LINE
  8
0
 10
0.0334778
 20
3.48312
 11
0.0251617
 21
3.48189
  0
LINE
  8
0
 10
0.0251617
 20
3.48189
 11
0.0167999
 21
3.48102
  0
LINE
  8
0
 10
0.0167999
 20
3.48102
 11
0.00840759
 21
3.48048
  0
LINE
  8
0
 10
0.00840759
 20
3.48048
 11
0
 21
3.4803
  0
LINE
  8
0
 10
0
 20
3.4803
 11
-0.00840759
 21
3.48048
  0
LINE
  8
0
 10
-0.00840759
 20
2.89978
 11
-0.0167999
 21
2.9003
  0
LINE
  8
0
 10
-0.0167999
 20
2.9003
 11
-0.0251617
 21
2.90118
  0
LINE
  8
0
 10
-0.0251617
 20
2.90118
 11
-0.0334778
 21
2.9024
  0
LINE
  8
0
 10
-0.0334778
 20
2.9024
 11
-0.0417328
 21
2.90399
  0
LINE
  8
0
 10
-0.0417328
 20
2.90399
 11
-0.0499268
 21
2.9059
  0
LINE
  8
0
 10
-0.0499268
 20
2.9059
 11
-0.0580292
 21
2.90817
  0
LINE
  8
0
 10
-0.0580292
 20
2.90817
 11
-0.0660248
 21
2.91077
  0
LINE
  8
0
 10
-0.0660248
 20
2.91077
 11
-0.0739136
 21
2.9137
  0
LINE
  8
0
 10
-0.0739136
 20
2.9137
 11
-0.081665
 21
2.91696
  0
LINE
  8
0
 10
-0.081665
 20
2.91696
 11
-0.0892639
 21
2.92053
  0
LINE
  8
0
 10
-0.0892639
 20
2.92053
 11
-0.0967255
 21
2.92444
  0
LINE
  8
0
 10
-0.0967255
 20
2.92444
 11
-0.104004
 21
2.92863
  0
LINE
  8
0
 10
-0.104004
 20
2.92863
 11
-0.111115
 21
2.93315
  0
LINE
  8
0
 10
-0.111115
 20
2.93315
 11
-0.118011
 21
2.93794
  0
LINE
  8
0
 10
-0.118011
 20
2.93794
 11
-0.12471
 21
2.94302
  0
LINE
  8
0
 10
-0.12471
 20
2.94302
 11
-0.131195
 21
2.94839
  0
LINE
  8
0
 10
-0.131195
 20
2.94839
 11
-0.137436
 21
2.95403
  0
LINE
  8
0
 10
-0.137436
 20
2.95403
 11
-0.143448
 21
2.9599
  0
LINE
  8
0
 10
-0.143448
 20
2.9599
 11
-0.1492
 21
2.96603
  0
LINE
  8
0
 10
-0.1492
 20
2.96603
 11
-0.154709
 21
2.9724
  0
LINE
  8
0
 10
-0.154709
 20
2.9724
 11
-0.159927
 21
2.97899
  0
LINE
  8
0
 10
-0.159927
 20
2.97899
 11
-0.164871
 21
2.98579
  0
LINE
  8
0
 10
-0.164871
 20
2.98579
 11
-0.169525
 21
2.9928
  0
LINE
  8
0
 10
-0.169525
 20
2.9928
 11
-0.173874
 21
2.99998
  0
LINE
  8
0
 10
-0.173874
 20
2.99998
 11
-0.177933
 21
3.00735
  0
LINE
  8
0
 10
-0.177933
 20
3.00735
 11
-0.181671
 21
3.01489
  0
LINE
  8
0
 10
-0.181671
 20
3.01489
 11
-0.185089
 21
3.02258
  0
LINE
  8
0
 10
-0.185089
 20
3.02258
 11
-0.188187
 21
3.0304
  0
LINE
  8
0
 10
-0.188187
 20
3.0304
 11
-0.190948
 21
3.03835
  0
LINE
  8
0
 10
-0.190948
 20
3.03835
 11
-0.19339
 21
3.04639
  0
LINE
  8
0
 10
-0.19339
 20
3.04639
 11
-0.19548
 21
3.05453
  0
LINE
  8
0
 10
-0.19548
 20
3.05453
 11
-0.19722
 21
3.06276
  0
LINE
  8
0
 10
-0.19722
 20
3.06276
 11
-0.198624
 21
3.07106
  0
LINE
  8
0
 10
-0.198624
 20
3.07106
 11
-0.199677
 21
3.07939
  0
LINE
  8
0
 10
-0.199677
 20
3.07939
 11
-0.200378
 21
3.08778
  0
LINE
  8
0
 10
-0.200378
 20
3.08778
 11
-0.200729
 21
3.09618
  0
LINE
  8
0
 10
-0.200729
 20
3.09618
 11
-0.200729
 21
3.10458
  0
LINE
  8
0
 10
-0.200729
 20
3.10458
 11
-0.200378
 21
3.11299
  0
LINE
  8
0
 10
-0.200378
 20
3.11299
 11
-0.199677
 21
3.12137
  0
LINE
  8
0
 10
-0.199677
 20
3.12137
 11
-0.198624
 21
3.12971
  0
LINE
  8
0
 10
-0.198624
 20
3.12971
 11
-0.19722
 21
3.13802
  0
LINE
  8
0
 10
-0.19722
 20
3.13802
 11
-0.19548
 21
3.14624
  0
LINE
  8
0
 10
-0.19548
 20
3.14624
 11
-0.19339
 21
3.15439
  0
LINE
  8
0
 10
-0.19339
 20
3.15439
 11
-0.190948
 21
3.16243
  0
LINE
  8
0
 10
-0.190948
 20
3.16243
 11
-0.188187
 21
3.17038
  0
LINE
  8
0
 10
-0.188187
 20
3.17038
 11
-0.185089
 21
3.17819
  0
LINE
  8
0
 10
-0.185089
 20
3.17819
 11
-0.181671
 21
3.18588
  0
LINE
  8
0
 10
-0.181671
 20
3.18588
 11
-0.177933
 21
3.19341
  0
LINE
  8
0
 10
-0.177933
 20
3.19341
 11
-0.173874
 21
3.20078
  0
LINE
  8
0
 10
-0.173874
 20
3.20078
 11
-0.169525
 21
3.20798
  0
LINE
  8
0
 10
-0.169525
 20
3.20798
 11
-0.164871
 21
3.21498
  0
LINE
  8
0
 10
-0.164871
 20
3.21498
 11
-0.159927
 21
3.22179
  0
LINE
  8
0
 10
-0.159927
 20
3.22179
 11
-0.154709
 21
3.22838
  0
LINE
  8
0
 10
-0.154709
 20
3.22838
 11
-0.1492
 21
3.23474
  0
LINE
  8
0
 10
-0.1492
 20
3.23474
 11
-0.143448
 21
3.24088
  0
LINE
  8
0
 10
-0.143448
 20
3.24088
 11
-0.137436
 21
3.24675
  0
LINE
  8
0
 10
-0.137436
 20
3.24675
 11
-0.131195
 21
3.25238
  0
LINE
  8
0
 10
-0.131195
 20
3.25238
 11
-0.12471
 21
3.25774
  0
LINE
  8
0
 10
-0.12471
 20
3.25774
 11
-0.118011
 21
3.26283
  0
LINE
  8
0
 10
-0.118011
 20
3.26283
 11
-0.111115
 21
3.26762
  0
LINE
  8
0
 10
-0.111115
 20
3.26762
 11
-0.104004
 21
3.27213
  0
LINE
  8
0
 10
-0.104004
 20
3.27213
 11
-0.0967255
 21
3.27634
  0
LINE
  8
0
 10
-0.0967255
 20
3.27634
 11
-0.0892639
 21
3.28023
  0
LINE
  8
0
 10
-0.0892639
 20
3.28023
 11
-0.081665
 21
3.28381
  0
LINE
  8
0
 10
-0.081665
 20
3.28381
 11
-0.0739136
 21
3.28708
  0
LINE
  8
0
 10
-0.0739136
 20
3.28708
 11
-0.0660248
 21
3.29001
  0
LINE
  8
0
 10
-0.0660248
 20
3.29001
 11
-0.0580292
 21
3.2926
  0
LINE
  8
0
 10
-0.0580292
 20
3.2926
 11
-0.0499268
 21
3.29486
  0
LINE
  8
0
 10
-0.0499268
 20
3.29486
 11
-0.0417328
 21
3.29678
  0
LINE
  8
0
 10
-0.0417328
 20
3.29678
 11
-0.0334778
 21
3.29836
  0
LINE
  8
0
 10
-0.0334778
 20
3.29836
 11
-0.0251617
 21
3.29959
  0
LINE
  8
0
 10
-0.0251617
 20
3.29959
 11
-0.0167999
 21
3.30048
  0
LINE
  8
0
 10
-0.0167999
 20
3.30048
 11
-0.00840759
 21
3.30099
  0
LINE
  8
0
 10
-0.00840759
 20
3.30099
 11
0
 21
3.30118
  0
LINE
  8
0
 10
0
 20
3.30118
 11
0.00840759
 21
3.30099
  0
LINE
  8
0
 10
0.00840759
 20
3.30099
 11
0.0167999
 21
3.30048
  0
LINE
  8
0
 10
0.0167999
 20
3.30048
 11
0.0251617
 21
3.29959
  0
LINE
  8
0
 10
0.0251617
 20
3.29959
 11
0.0334778
 21
3.29836
  0
LINE
  8
0
 10
0.0334778
 20
3.29836
 11
0.0417328
 21
3.29678
  0
LINE
  8
0
 10
0.0417328
 20
3.29678
 11
0.0499268
 21
3.29486
  0
LINE
  8
0
 10
0.0499268
 20
3.29486
 11
0.0580292
 21
3.2926
  0
LINE
  8
0
 10
0.0580292
 20
3.2926
 11
0.0660248
 21
3.29001
  0
LINE
  8
0
 10
0.0660248
 20
3.29001
 11
0.0739136
 21
3.28708
  0
LINE
  8
0
 10
0.0739136
 20
3.28708
 11
0.081665
 21
3.28381
  0
LINE
  8
0
 10
0.081665
 20
3.28381
 11
0.0892639
 21
3.28023
  0
LINE
  8
0
 10
0.0892639
 20
3.28023
 11
0.0967255
 21
3.27634
  0
LINE
  8
0
 10
0.0967255
 20
3.27634
 11
0.104004
 21
3.27213
  0
LINE
  8
0
 10
0.104004
 20
3.27213
 11
0.111115
 21
3.26762
  0
LINE
  8
0
 10
0.111115
 20
3.26762
 11
0.118011
 21
3.26283
  0
LINE
  8
0
 10
0.118011
 20
3.26283
 11
0.12471
 21
3.25774
  0
LINE
  8
0
 10
0.12471
 20
3.25774
 11
0.131195
 21
3.25238
  0
LINE
  8
0
 10
0.131195
 20
3.25238
 11
0.137436
 21
3.24675
  0
LINE
  8
0
 10
0.137436
 20
3.24675
 11
0.143448
 21
3.24088
  0
LINE
  8
0
 10
0.143448
 20
3.24088
 11
0.1492
 21
3.23474
  0
LINE
  8
0
 10
0.1492
 20
3.23474
 11
0.154709
 21
3.22838
  0
LINE
  8
0
 10
0.154709
 20
3.22838
 11
0.159927
 21
3.22179
  0
LINE
  8
0
 10
0.159927
 20
3.22179
 11
0.164871
 21
3.21498
  0
LINE
  8
0
 10
0.164871
 20
3.21498
 11
0.169525
 21
3.20798
  0
LINE
  8
0
 10
0.169525
 20
3.20798
 11
0.173874
 21
3.20078
  0
LINE
  8
0
 10
0.173874
 20
3.20078
 11
0.177933
 21
3.19341
  0
LINE
  8
0
 10
0.177933
 20
3.19341
 11
0.181671
 21
3.18588
  0
LINE
  8
0
 10
0.181671
 20
3.18588
 11
0.185089
 21
3.17819
  0
LINE
  8
0
 10
0.185089
 20
3.17819
 11
0.188187
 21
3.17038
  0
LINE
  8
0
 10
0.188187
 20
3.17038
 11
0.190948
 21
3.16243
  0
LINE
  8
0
 10
0.190948
 20
3.16243
 11
0.19339
 21
3.15439
  0
LINE
  8
0
 10
0.19339
 20
3.15439
 11
0.19548
 21
3.14624
  0
LINE
  8
0
 10
0.19548
 20
3.14624
 11
0.19722
 21
3.13802
  0
LINE
  8
0
 10
0.19722
 20
3.13802
 11
0.198624
 21
3.12971
  0
LINE
  8
0
 10
0.198624
 20
3.12971
 11
0.199677
 21
3.12137
  0
LINE
  8
0
 10
0.199677
 20
3.12137
 11
0.200378
 21
3.11299
  0
LINE
  8
0
 10
0.200378
 20
3.11299
 11
0.200729
 21
3.10458
  0
LINE
  8
0
 10
0.200729
 20
3.10458
 11
0.200729
 21
3.09618
  0
LINE
  8
0
 10
0.200729
 20
3.09618
 11
0.200378
 21
3.08778
  0
LINE
  8
0
 10
0.200378
 20
3.08778
 11
0.199677
 21
3.07939
  0
LINE
  8
0
 10
0.199677
 20
3.07939
 11
0.198624
 21
3.07106
  0
LINE
  8
0
 10
0.198624
 20
3.07106
 11
0.19722
 21
3.06276
  0
LINE
  8
0
 10
0.19722
 20
3.06276
 11
0.19548
 21
3.05453
  0
LINE
  8
0
 10
0.19548
 20
3.05453
 11
0.19339
 21
3.04639
  0
LINE
  8
0
 10
0.19339
 20
3.04639
 11
0.190948
 21
3.03835
  0
LINE
  8
0
 10
0.190948
 20
3.03835
 11
0.188187
 21
3.0304
  0
LINE
  8
0
 10
0.188187
 20
3.0304
 11
0.185089
 21
3.02258
  0
LINE
  8
0
 10
0.185089
 20
3.02258
 11
0.181671
 21
3.01489
  0
LINE
  8
0
 10
0.181671
 20
3.01489
 11
0.177933
 21
3.00735
  0
LINE
  8
0
 10
0.177933
 20
3.00735
 11
0.173874
 21
2.99998
  0
LINE
  8
0
 10
0.173874
 20
2.99998
 11
0.169525
 21
2.9928
  0
LINE
  8
0
 10
0.169525
 20
2.9928
 11
0.164871
 21
2.98579
  0
LINE
  8
0
 10
0.164871
 20
2.98579
 11
0.159927
 21
2.97899
  0
LINE
  8
0
 10
0.159927
 20
2.97899
 11
0.154709
 21
2.9724
  0
LINE
  8
0
 10
0.154709
 20
2.9724
 11
0.1492
 21
2.96603
  0
LINE
  8
0
 10
0.1492
 20
2.96603
 11
0.143448
 21
2.9599
  0
LINE
  8
0
 10
0.143448
 20
2.9599
 11
0.137436
 21
2.95403
  0
LINE
  8
0
 10
0.137436
 20
2.95403
 11
0.131195
 21
2.94839
  0
LINE
  8
0
 10
0.131195
 20
2.94839
 11
0.12471
 21
2.94302
  0
LINE
  8
0
 10
0.12471
 20
2.94302
 11
0.118011
 21
2.93794
  0
LINE
  8
0
 10
0.118011
 20
2.93794
 11
0.111115
 21
2.93315
  0
LINE
  8
0
 10
0.111115
 20
2.93315
 11
0.104004
 21
2.92863
  0
LINE
  8
0
 10
0.104004
 20
2.92863
 11
0.0967255
 21
2.92444
  0
LINE
  8
0
 10
0.0967255
 20
2.92444
 11
0.0892639
 21
2.92053
  0
LINE
  8
0
 10
0.0892639
 20
2.92053
 11
0.081665
 21
2.91696
  0
LINE
  8
0
 10
0.081665
 20
2.91696
 11
0.0739136
 21
2.9137
  0
LINE
  8
0
 10
0.0739136
 20
2.9137
 11
0.0660248
 21
2.91077
  0
LINE
  8
0
 10
0.0660248
 20
2.91077
 11
0.0580292
 21
2.90817
  0
LINE
  8
0
 10
0.0580292
 20
2.90817
 11
0.0499268
 21
2.9059
  0
LINE
  8
0
 10
0.0499268
 20
2.9059
 11
0.0417328
 21
2.90399
  0
LINE
  8
0
 10
0.0417328
 20
2.90399
 11
0.0334778
 21
2.9024
  0
LINE
  8
0
 10
0.0334778
 20
2.9024
 11
0.0251617
 21
2.90118
  0
LINE
  8
0
 10
0.0251617
 20
2.90118
 11
0.0167999
 21
2.9003
  0
LINE
  8
0
 10
0.0167999
 20
2.9003
 11
0.00840759
 21
2.89978
  0
LINE
  8
0
 10
0.00840759
 20
2.89978
 11
0
 21
2.8996
  0
LINE
  8
0
 10
0
 20
2.8996
 11
-0.00840759
 21
2.89978
  0
LINE
  8
0
 10
-0.0601807
 20
-2.87338
 11
-0.18045
 21
-2.86833
  0
LINE
  8
0
 10
-0.18045
 20
-2.86833
 11
-0.300415
 21
-2.85826
  0
LINE
  8
0
 10
-0.300415
 20
-2.85826
 11
-0.41983
 21
-2.84317
  0
LINE
  8
0
 10
-0.41983
 20
-2.84317
 11
-0.538528
 21
-2.8231
  0
LINE
  8
0
 10
-0.538528
 20
-2.8231
 11
-0.656281
 21
-2.79808
  0
LINE
  8
0
 10
-0.656281
 20
-2.79808
 11
-0.772873
 21
-2.76814
  0
LINE
  8
0
 10
-0.772873
 20
-2.76814
 11
-0.888107
 21
-2.73334
  0
LINE
  8
0
 10
-0.888107
 20
-2.73334
 11
-1.0018
 21
-2.69376
  0
LINE
  8
0
 10
-1.0018
 20
-2.69376
 11
-1.11372
 21
-2.64944
  0
LINE
  8
0
 10
-1.11372
 20
-2.64944
 11
-1.22369
 21
-2.60048
  0
LINE
  8
0
 10
-1.22369
 20
-2.60048
 11
-1.33151
 21
-2.54695
  0
LINE
  8
0
 10
-1.33151
 20
-2.54695
 11
-1.437
 21
-2.48897
  0
LINE
  8
0
 10
-1.437
 20
-2.48897
 11
-1.53996
 21
-2.42661
  0
LINE
  8
0
 10
-1.53996
 20
-2.42661
 11
-1.64023
 21
-2.35999
  0
LINE
  8
0
 10
-1.64023
 20
-2.35999
 11
-1.73763
 21
-2.28923
  0
LINE
  8
0
 10
-1.73763
 20
-2.28923
 11
-1.83195
 21
-2.21446
  0
LINE
  8
0
 10
-1.83195
 20
-2.21446
 11
-1.92308
 21
-2.1358
  0
LINE
  8
0
 10
-1.92308
 20
-2.1358
 11
-2.01083
 21
-2.05339
  0
LINE
  8
0
 10
-2.01083
 20
-2.05339
 11
-2.09506
 21
-1.96739
  0
LINE
  8
0
 10
-2.09506
 20
-1.96739
 11
-2.17561
 21
-1.87793
  0
LINE
  8
0
 10
-2.17561
 20
-1.87793
 11
-2.25233
 21
-1.78519
  0
LINE
  8
0
 10
-2.25233
 20
-1.78519
 11
-2.32512
 21
-1.6893
  0
LINE
  8
0
 10
-2.32512
 20
-1.6893
 11
-2.39381
 21
-1.59045
  0
LINE
  8
0
 10
-2.39381
 20
-1.59045
 11
-2.45833
 21
-1.48882
  0
LINE
  8
0
 10
-2.45833
 20
-1.48882
 11
-2.51851
 21
-1.38457
  0
LINE
  8
0
 10
-2.51851
 20
-1.38457
 11
-2.57428
 21
-1.27788
  0
LINE
  8
0
 10
-2.57428
 20
-1.27788
 11
-2.62553
 21
-1.16896
  0
LINE
  8
0
 10
-2.62553
 20
-1.16896
 11
-2.67218
 21
-1.05798
  0
LINE
  8
0
 10
-2.67218
 20
-1.05798
 11
-2.71414
 21
-0.94516
  0
LINE
  8
0
 10
-2.71414
 20
-0.94516
 11
-2.75134
 21
-0.830673
  0
LINE
  8
0
 10
-2.75134
 20
-0.830673
 11
-2.78372
 21
-0.714737
  0
LINE
  8
0
 10
-2.78372
 20
-0.714737
 11
-2.8112
 21
-0.597534
  0
LINE
  8
0
 10
-2.8112
 20
-0.597534
 11
-2.83376
 21
-0.479294
  0
LINE
  8
0
 10
-2.83376
 20
-0.479294
 11
-2.85135
 21
-0.360199
  0
LINE
  8
0
 10
-2.85135
 20
-0.360199
 11
-2.86392
 21
-0.240479
  0
LINE
  8
0
 10
-2.86392
 20
-0.240479
 11
-2.87149
 21
-0.120346
  0
LINE
  8
0
 10
-2.87149
 20
-0.120346
 11
-2.87401
 21
0
  0
LINE
  8
0
 10
-2.87401
 20
0
 11
-2.87149
 21
0.120346
  0
LINE
  8
0
 10
-2.87149
 20
0.120346
 11
-2.86392
 21
0.240479
  0
LINE
  8
0
 10
-2.86392
 20
0.240479
 11
-2.85135
 21
0.360199
  0
LINE
  8
0
 10
-2.85135
 20
0.360199
 11
-2.83376
 21
0.479294
  0
LINE
  8
0
 10
-2.83376
 20
0.479294
 11
-2.8112
 21
0.597534
  0
LINE
  8
0
 10
-2.8112
 20
0.597534
 11
-2.78372
 21
0.714737
  0
LINE
  8
0
 10
-2.78372
 20
0.714737
 11
-2.75134
 21
0.830673
  0
LINE
  8
0
 10
-2.75134
 20
0.830673
 11
-2.71414
 21
0.94516
  0
LINE
  8
0
 10
-2.71414
 20
0.94516
 11
-2.67218
 21
1.05798
  0
LINE
  8
0
 10
-2.67218
 20
1.05798
 11
-2.62553
 21
1.16896
  0
LINE
  8
0
 10
-2.62553
 20
1.16896
 11
-2.57428
 21
1.27788
  0
LINE
  8
0
 10
-2.57428
 20
1.27788
 11
-2.51851
 21
1.38457
  0
LINE
  8
0
 10
-2.51851
 20
1.38457
 11
-2.45833
 21
1.48882
  0
LINE
  8
0
 10
-2.45833
 20
1.48882
 11
-2.39381
 21
1.59045
  0
LINE
  8
0
 10
-2.39381
 20
1.59045
 11
-2.32512
 21
1.6893
  0
LINE
  8
0
 10
-2.32512
 20
1.6893
 11
-2.25233
 21
1.78519
  0
LINE
  8
0
 10
-2.25233
 20
1.78519
 11
-2.17561
 21
1.87793
  0
LINE
  8
0
 10
-2.17561
 20
1.87793
 11
-2.09506
 21
1.96739
  0
LINE
  8
0
 10
-2.09506
 20
1.96739
 11
-2.01083
 21
2.05339
  0
LINE
  8
0
 10
-2.01083
 20
2.05339
 11
-1.92308
 21
2.1358
  0
LINE
  8
0
 10
-1.92308
 20
2.1358
 11
-1.83195
 21
2.21446
  0
LINE
  8
0
 10
-1.83195
 20
2.21446
 11
-1.73763
 21
2.28923
  0
LINE
  8
0
 10
-1.73763
 20
2.28923
 11
-1.64023
 21
2.35999
  0
LINE
  8
0
 10
-1.64023
 20
2.35999
 11
-1.53996
 21
2.42661
  0
LINE
  8
0
 10
-1.53996
 20
2.42661
 11
-1.437
 21
2.48897
  0
LINE
  8
0
 10
-1.437
 20
2.48897
 11
-1.33151
 21
2.54695
  0
LINE
  8
0
 10
-1.33151
 20
2.54695
 11
-1.22369
 21
2.60048
  0
LINE
  8
0
 10
-1.22369
 20
2.60048
 11
-1.11372
 21
2.64944
  0
LINE
  8
0
 10
-1.11372
 20
2.64944
 11
-1.0018
 21
2.69376
  0
LINE
  8
0
 10
-1.0018
 20
2.69376
 11
-0.888107
 21
2.73334
  0
LINE
  8
0
 10
-0.888107
 20
2.73334
 11
-0.772873
 21
2.76814
  0
LINE
  8
0
 10
-0.772873
 20
2.76814
 11
-0.656281
 21
2.79808
  0
LINE
  8
0
 10
-0.656281
 20
2.79808
 11
-0.538528
 21
2.8231
  0
LINE
  8
0
 10
-0.538528
 20
2.8231
 11
-0.41983
 21
2.84317
  0
LINE
  8
0
 10
-0.41983
 20
2.84317
 11
-0.300415
 21
2.85826
  0
LINE
  8
0
 10
-0.300415
 20
2.85826
 11
-0.18045
 21
2.86833
  0
LINE
  8
0
 10
-0.18045
 20
2.86833
 11
-0.0601807
 21
2.87338
  0
LINE
  8
0
 10
-0.0601807
 20
2.87338
 11
0.0601807
 21
2.87338
  0
LINE
  8
0
 10
0.0601807
 20
2.87338
 11
0.18045
 21
2.86833
  0
LINE
  8
0
 10
0.18045
 20
2.86833
 11
0.300415
 21
2.85826
  0
LINE
  8
0
 10
0.300415
 20
2.85826
 11
0.41983
 21
2.84317
  0
LINE
  8
0
 10
0.41983
 20
2.84317
 11
0.538528
 21
2.8231
  0
LINE
  8
0
 10
0.538528
 20
2.8231
 11
0.656281
 21
2.79808
  0
LINE
  8
0
 10
0.656281
 20
2.79808
 11
0.772873
 21
2.76814
  0
LINE
  8
0
 10
0.772873
 20
2.76814
 11
0.888107
 21
2.73334
  0
LINE
  8
0
 10
0.888107
 20
2.73334
 11
1.0018
 21
2.69376
  0
LINE
  8
0
 10
1.0018
 20
2.69376
 11
1.11372
 21
2.64944
  0
LINE
  8
0
 10
1.11372
 20
2.64944
 11
1.22369
 21
2.60048
  0
LINE
  8
0
 10
1.22369
 20
2.60048
 11
1.33151
 21
2.54695
  0
LINE
  8
0
 10
1.33151
 20
2.54695
 11
1.437
 21
2.48897
  0
LINE
  8
0
 10
1.437
 20
2.48897
 11
1.53996
 21
2.42661
  0
LINE
  8
0
 10
1.53996
 20
2.42661
 11
1.64023
 21
2.35999
  0
LINE
  8
0
 10
1.64023
 20
2.35999
 11
1.73763
 21
2.28923
  0
LINE
  8
0
 10
1.73763
 20
2.28923
 11
1.83195
 21
2.21446
  0
LINE
  8
0
 10
1.83195
 20
2.21446
 11
1.92308
 21
2.1358
  0
LINE
  8
0
 10
1.92308
 20
2.1358
 11
2.01083
 21
2.05339
  0
LINE
  8
0
 10
2.01083
 20
2.05339
 11
2.09506
 21
1.96739
  0
LINE
  8
0
 10
2.09506
 20
1.96739
 11
2.17561
 21
1.87793
  0
LINE
  8
0
 10
2.17561
 20
1.87793
 11
2.25233
 21
1.78519
  0
LINE
  8
0
 10
2.25233
 20
1.78519
 11
2.32512
 21
1.6893
  0
LINE
  8
0
 10
2.32512
 20
1.6893
 11
2.39381
 21
1.59045
  0
LINE
  8
0
 10
2.39381
 20
1.59045
 11
2.45833
 21
1.48882
  0
LINE
  8
0
 10
2.45833
 20
1.48882
 11
2.51851
 21
1.38457
  0
LINE
  8
0
 10
2.51851
 20
1.38457
 11
2.57428
 21
1.27788
  0
LINE
  8
0
 10
2.57428
 20
1.27788
 11
2.62553
 21
1.16896
  0
LINE
  8
0
 10
2.62553
 20
1.16896
 11
2.67218
 21
1.05798
  0
LINE
  8
0
 10
2.67218
 20
1.05798
 11
2.71414
 21
0.94516
  0
LINE
  8
0
 10
2.71414
 20
0.94516
 11
2.75134
 21
0.830673
  0
LINE
  8
0
 10
2.75134
 20
0.830673
 11
2.78372
 21
0.714737
  0
LINE
  8
0
 10
2.78372
 20
0.714737
 11
2.8112
 21
0.597534
  0
LINE
  8
0
 10
2.8112
 20
0.597534
 11
2.83376
 21
0.479294
  0
LINE
  8
0
 10
2.83376
 20
0.479294
 11
2.85135
 21
0.360199
  0
LINE
  8
0
 10
2.85135
 20
0.360199
 11
2.86392
 21
0.240479
  0
LINE
  8
0
 10
2.86392
 20
0.240479
 11
2.87149
 21
0.120346
  0
LINE
  8
0
 10
2.87149
 20
0.120346
 11
2.87401
 21
0
  0
LINE
  8
0
 10
2.87401
 20
0
 11
2.87149
 21
-0.120346
  0
LINE
  8
0
 10
2.87149
 20
-0.120346
 11
2.86392
 21
-0.240479
  0
LINE
  8
0
 10
2.86392
 20
-0.240479
 11
2.85135
 21
-0.360199
  0
LINE
  8
0
 10
2.85135
 20
-0.360199
 11
2.83376
 21
-0.479294
  0
LINE
  8
0
 10
2.83376
 20
-0.479294
 11
2.8112
 21
-0.597534
  0
LINE
  8
0
 10
2.8112
 20
-0.597534
 11
2.78372
 21
-0.714737
  0
LINE
  8
0
 10
2.78372
 20
-0.714737
 11
2.75134
 21
-0.830673
  0
LINE
  8
0
 10
2.75134
 20
-0.830673
 11
2.71414
 21
-0.94516
  0
LINE
  8
0
 10
2.71414
 20
-0.94516
 11
2.67218
 21
-1.05798
  0
LINE
  8
0
 10
2.67218
 20
-1.05798
 11
2.62553
 21
-1.16896
  0
LINE
  8
0
 10
2.62553
 20
-1.16896
 11
2.57428
 21
-1.27788
  0
LINE
  8
0
 10
2.57428
 20
-1.27788
 11
2.51851
 21
-1.38457
  0
LINE
  8
0
 10
2.51851
 20
-1.38457
 11
2.45833
 21
-1.48882
  0
LINE
  8
0
 10
2.45833
 20
-1.48882
 11
2.39381
 21
-1.59045
  0
LINE
  8
0
 10
2.39381
 20
-1.59045
 11
2.32512
 21
-1.6893
  0
LINE
  8
0
 10
2.32512
 20
-1.6893
 11
2.25233
 21
-1.78519
  0
LINE
  8
0
 10
2.25233
 20
-1.78519
 11
2.17561
 21
-1.87793
  0
LINE
  8
0
 10
2.17561
 20
-1.87793
 11
2.09506
 21
-1.96739
  0
LINE
  8
0
 10
2.09506
 20
-1.96739
 11
2.01083
 21
-2.05339
  0
LINE
  8
0
 10
2.01083
 20
-2.05339
 11
1.92308
 21
-2.1358
  0
LINE
  8
0
 10
1.92308
 20
-2.1358
 11
1.83195
 21
-2.21446
  0
LINE
  8
0
 10
1.83195
 20
-2.21446
 11
1.73763
 21
-2.28923
  0
LINE
  8
0
 10
1.73763
 20
-2.28923
 11
1.64023
 21
-2.35999
  0
LINE
  8
0
 10
1.64023
 20
-2.35999
 11
1.53996
 21
-2.42661
  0
LINE
  8
0
 10
1.53996
 20
-2.42661
 11
1.437
 21
-2.48897
  0
LINE
  8
0
 10
1.437
 20
-2.48897
 11
1.33151
 21
-2.54695
  0
LINE
  8
0
 10
1.33151
 20
-2.54695
 11
1.22369
 21
-2.60048
  0
LINE
  8
0
 10
1.22369
 20
-2.60048
 11
1.11372
 21
-2.64944
  0
LINE
  8
0
 10
1.11372
 20
-2.64944
 11
1.0018
 21
-2.69376
  0
LINE
  8
0
 10
1.0018
 20
-2.69376
 11
0.888107
 21
-2.73334
  0
LINE
  8
0
 10
0.888107
 20
-2.73334
 11
0.772873
 21
-2.76814
  0
LINE
  8
0
 10
0.772873
 20
-2.76814
 11
0.656281
 21
-2.79808
  0
LINE
  8
0
 10
0.656281
 20
-2.79808
 11
0.538528
 21
-2.8231
  0
LINE
  8
0
 10
0.538528
 20
-2.8231
 11
0.41983
 21
-2.84317
  0
LINE
  8
0
 10
0.41983
 20
-2.84317
 11
0.300415
 21
-2.85826
  0
LINE
  8
0
 10
0.300415
 20
-2.85826
 11
0.18045
 21
-2.86833
  0
LINE
  8
0
 10
0.18045
 20
-2.86833
 11
0.0601807
 21
-2.87338
  0
LINE
  8
0
 10
0.0601807
 20
-2.87338
 11
-0.0601807
 21
-2.87338
  0
LINE
  8
0
 10
-3.90382
 20
2.38196
 11
-3.91148
 21
2.38228
  0
LINE
  8
0
 10
-3.91148
 20
2.38228
 11
-3.91913
 21
2.38292
  0
LINE
  8
0
 10
-3.91913
 20
2.38292
 11
-3.92674
 21
2.38388
  0
LINE
  8
0
 10
-3.92674
 20
2.38388
 11
-3.9343
 21
2.38516
  0
LINE
  8
0
 10
-3.9343
 20
2.38516
 11
-3.9418
 21
2.38676
  0
LINE
  8
0
 10
-3.9418
 20
2.38676
 11
-3.94922
 21
2.38867
  0
LINE
  8
0
 10
-3.94922
 20
2.38867
 11
-3.95656
 21
2.39088
  0
LINE
  8
0
 10
-3.95656
 20
2.39088
 11
-3.96381
 21
2.3934
  0
LINE
  8
0
 10
-3.96381
 20
2.3934
 11
-3.97093
 21
2.39622
  0
LINE
  8
0
 10
-3.97093
 20
2.39622
 11
-3.97794
 21
2.39935
  0
LINE
  8
0
 10
-3.97794
 20
2.39935
 11
-3.9848
 21
2.40276
  0
LINE
  8
0
 10
-3.9848
 20
2.40276
 11
-3.99153
 21
2.40645
  0
LINE
  8
0
 10
-3.99153
 20
2.40645
 11
-3.99809
 21
2.41042
  0
LINE
  8
0
 10
-3.99809
 20
2.41042
 11
-4.00447
 21
2.41466
  0
LINE
  8
0
 10
-4.00447
 20
2.41466
 11
-4.01068
 21
2.41917
  0
LINE
  8
0
 10
-4.01068
 20
2.41917
 11
-4.01669
 21
2.42393
  0
LINE
  8
0
 10
-4.01669
 20
2.42393
 11
-4.02249
 21
2.42894
  0
LINE
  8
0
 10
-4.02249
 20
2.42894
 11
-4.02808
 21
2.43419
  0
LINE
  8
0
 10
-4.02808
 20
2.43419
 11
-4.03345
 21
2.43967
  0
LINE
  8
0
 10
-4.03345
 20
2.43967
 11
-4.03857
 21
2.44537
  0
LINE
  8
0
 10
-4.03857
 20
2.44537
 11
-4.04346
 21
2.45128
  0
LINE
  8
0
 10
-4.04346
 20
2.45128
 11
-4.0481
 21
2.45738
  0
LINE
  8
0
 10
-4.0481
 20
2.45738
 11
-4.05247
 21
2.46368
  0
LINE
  8
0
 10
-4.05247
 20
2.46368
 11
-4.05658
 21
2.47015
  0
LINE
  8
0
 10
-4.05658
 20
2.47015
 11
-4.06042
 21
2.47679
  0
LINE
  8
0
 10
-4.06042
 20
2.47679
 11
-4.06396
 21
2.4836
  0
LINE
  8
0
 10
-4.06396
 20
2.4836
 11
-4.06732
 21
2.49072
  0
LINE
  8
0
 10
-4.06732
 20
2.49072
 11
-4.06732
 21
2.63927
  0
LINE
  8
0
 10
-4.06732
 20
2.63927
 11
-4.06396
 21
2.64639
  0
LINE
  8
0
 10
-4.06396
 20
2.64639
 11
-4.06042
 21
2.65318
  0
LINE
  8
0
 10
-4.06042
 20
2.65318
 11
-4.05658
 21
2.65982
  0
LINE
  8
0
 10
-4.05658
 20
2.65982
 11
-4.05247
 21
2.66631
  0
LINE
  8
0
 10
-4.05247
 20
2.66631
 11
-4.0481
 21
2.67259
  0
LINE
  8
0
 10
-4.0481
 20
2.67259
 11
-4.04346
 21
2.67871
  0
LINE
  8
0
 10
-4.04346
 20
2.67871
 11
-4.03857
 21
2.68462
  0
LINE
  8
0
 10
-4.03857
 20
2.68462
 11
-4.03345
 21
2.69031
  0
LINE
  8
0
 10
-4.03345
 20
2.69031
 11
-4.02808
 21
2.69579
  0
LINE
  8
0
 10
-4.02808
 20
2.69579
 11
-4.02249
 21
2.70103
  0
LINE
  8
0
 10
-4.02249
 20
2.70103
 11
-4.01669
 21
2.70605
  0
LINE
  8
0
 10
-4.01669
 20
2.70605
 11
-4.01068
 21
2.71082
  0
LINE
  8
0
 10
-4.01068
 20
2.71082
 11
-4.00447
 21
2.71532
  0
LINE
  8
0
 10
-4.00447
 20
2.71532
 11
-3.99809
 21
2.71956
  0
LINE
  8
0
 10
-3.99809
 20
2.71956
 11
-3.99153
 21
2.72354
  0
LINE
  8
0
 10
-3.99153
 20
2.72354
 11
-3.9848
 21
2.72723
  0
LINE
  8
0
 10
-3.9848
 20
2.72723
 11
-3.97794
 21
2.73064
  0
LINE
  8
0
 10
-3.97794
 20
2.73064
 11
-3.97093
 21
2.73376
  0
LINE
  8
0
 10
-3.97093
 20
2.73376
 11
-3.96381
 21
2.73659
  0
LINE
  8
0
 10
-3.96381
 20
2.73659
 11
-3.95656
 21
2.73911
  0
LINE
  8
0
 10
-3.95656
 20
2.73911
 11
-3.94922
 21
2.74132
  0
LINE
  8
0
 10
-3.94922
 20
2.74132
 11
-3.9418
 21
2.74323
  0
LINE
  8
0
 10
-3.9418
 20
2.74323
 11
-3.9343
 21
2.74483
  0
LINE
  8
0
 10
-3.9343
 20
2.74483
 11
-3.92674
 21
2.74609
  0
LINE
  8
0
 10
-3.92674
 20
2.74609
 11
-3.91913
 21
2.74706
  0
LINE
  8
0
 10
-3.91913
 20
2.74706
 11
-3.91148
 21
2.7477
  0
LINE
  8
0
 10
-3.91148
 20
2.7477
 11
-3.90382
 21
2.74802
  0
LINE
  8
0
 10
-3.90382
 20
2.74802
 11
-3.89616
 21
2.74802
  0
LINE
  8
0
 10
-3.89616
 20
2.74802
 11
-3.8885
 21
2.7477
  0
LINE
  8
0
 10
-3.8885
 20
2.7477
 11
-3.88086
 21
2.74706
  0
LINE
  8
0
 10
-3.88086
 20
2.74706
 11
-3.87325
 21
2.74609
  0
LINE
  8
0
 10
-3.87325
 20
2.74609
 11
-3.86569
 21
2.74483
  0
LINE
  8
0
 10
-3.86569
 20
2.74483
 11
-3.85818
 21
2.74323
  0
LINE
  8
0
 10
-3.85818
 20
2.74323
 11
-3.85077
 21
2.74132
  0
LINE
  8
0
 10
-3.85077
 20
2.74132
 11
-3.84341
 21
2.73911
  0
LINE
  8
0
 10
-3.84341
 20
2.73911
 11
-3.83618
 21
2.73659
  0
LINE
  8
0
 10
-3.83618
 20
2.73659
 11
-3.82906
 21
2.73376
  0
LINE
  8
0
 10
-3.82906
 20
2.73376
 11
-3.82205
 21
2.73064
  0
LINE
  8
0
 10
-3.82205
 20
2.73064
 11
-3.81517
 21
2.72723
  0
LINE
  8
0
 10
-3.81517
 20
2.72723
 11
-3.80846
 21
2.72354
  0
LINE
  8
0
 10
-3.80846
 20
2.72354
 11
-3.8019
 21
2.71956
  0
LINE
  8
0
 10
-3.8019
 20
2.71956
 11
-3.79552
 21
2.71532
  0
LINE
  8
0
 10
-3.79552
 20
2.71532
 11
-3.78931
 21
2.71082
  0
LINE
  8
0
 10
-3.78931
 20
2.71082
 11
-3.78329
 21
2.70605
  0
LINE
  8
0
 10
-3.78329
 20
2.70605
 11
-3.7775
 21
2.70103
  0
LINE
  8
0
 10
-3.7775
 20
2.70103
 11
-3.77191
 21
2.69579
  0
LINE
  8
0
 10
-3.77191
 20
2.69579
 11
-3.76654
 21
2.69031
  0
LINE
  8
0
 10
-3.76654
 20
2.69031
 11
-3.76141
 21
2.68462
  0
LINE
  8
0
 10
-3.76141
 20
2.68462
 11
-3.75652
 21
2.67871
  0
LINE
  8
0
 10
-3.75652
 20
2.67871
 11
-3.75189
 21
2.67259
  0
LINE
  8
0
 10
-3.75189
 20
2.67259
 11
-3.74751
 21
2.66631
  0
LINE
  8
0
 10
-3.74751
 20
2.66631
 11
-3.74341
 21
2.65982
  0
LINE
  8
0
 10
-3.74341
 20
2.65982
 11
-3.73956
 21
2.65318
  0
LINE
  8
0
 10
-3.73956
 20
2.65318
 11
-3.73601
 21
2.64639
  0
LINE
  8
0
 10
-3.73601
 20
2.64639
 11
-3.73267
 21
2.63927
  0
LINE
  8
0
 10
-3.73267
 20
2.63927
 11
-3.73267
 21
2.49072
  0
LINE
  8
0
 10
-3.73267
 20
2.49072
 11
-3.73601
 21
2.4836
  0
LINE
  8
0
 10
-3.73601
 20
2.4836
 11
-3.73956
 21
2.47679
  0
LINE
  8
0
 10
-3.73956
 20
2.47679
 11
-3.74341
 21
2.47015
  0
LINE
  8
0
 10
-3.74341
 20
2.47015
 11
-3.74751
 21
2.46368
  0
LINE
  8
0
 10
-3.74751
 20
2.46368
 11
-3.75189
 21
2.45738
  0
LINE
  8
0
 10
-3.75189
 20
2.45738
 11
-3.75652
 21
2.45128
  0
LINE
  8
0
 10
-3.75652
 20
2.45128
 11
-3.76141
 21
2.44537
  0
LINE
  8
0
 10
-3.76141
 20
2.44537
 11
-3.76654
 21
2.43967
  0
LINE
  8
0
 10
-3.76654
 20
2.43967
 11
-3.77191
 21
2.43419
  0
LINE
  8
0
 10
-3.77191
 20
2.43419
 11
-3.7775
 21
2.42894
  0
LINE
  8
0
 10
-3.7775
 20
2.42894
 11
-3.78329
 21
2.42393
  0
LINE
  8
0
 10
-3.78329
 20
2.42393
 11
-3.78931
 21
2.41917
  0
LINE
  8
0
 10
-3.78931
 20
2.41917
 11
-3.79552
 21
2.41466
  0
LINE
  8
0
 10
-3.79552
 20
2.41466
 11
-3.8019
 21
2.41042
  0
LINE
  8
0
 10
-3.8019
 20
2.41042
 11
-3.80846
 21
2.40645
  0
LINE
  8
0
 10
-3.80846
 20
2.40645
 11
-3.81517
 21
2.40276
  0
LINE
  8
0
 10
-3.81517
 20
2.40276
 11
-3.82205
 21
2.39935
  0
LINE
  8
0
 10
-3.82205
 20
2.39935
 11
-3.82906
 21
2.39622
  0
LINE
  8
0
 10
-3.82906
 20
2.39622
 11
-3.83618
 21
2.3934
  0
LINE
  8
0
 10
-3.83618
 20
2.3934
 11
-3.84341
 21
2.39088
  0
LINE
  8
0
 10
-3.84341
 20
2.39088
 11
-3.85077
 21
2.38867
  0
LINE
  8
0
 10
-3.85077
 20
2.38867
 11
-3.85818
 21
2.38676
  0
LINE
  8
0
 10
-3.85818
 20
2.38676
 11
-3.86569
 21
2.38516
  0
LINE
  8
0
 10
-3.86569
 20
2.38516
 11
-3.87325
 21
2.38388
  0
LINE
  8
0
 10
-3.87325
 20
2.38388
 11
-3.88086
 21
2.38292
  0
LINE
  8
0
 10
-3.88086
 20
2.38292
 11
-3.8885
 21
2.38228
  0
LINE
  8
0
 10
-3.8885
 20
2.38228
 11
-3.89616
 21
2.38196
  0
LINE
  8
0
 10
-3.89616
 20
2.38196
 11
-3.90382
 21
2.38196
  0
LINE
  8
0
 10
2.59978
 20
2.50258
 11
2.59557
 21
2.50281
  0
LINE
  8
0
 10
2.59557
 20
2.50281
 11
2.59138
 21
2.50319
  0
LINE
  8
0
 10
2.59138
 20
2.50319
 11
2.58722
 21
2.50377
  0
LINE
  8
0
 10
2.58722
 20
2.50377
 11
2.58308
 21
2.50452
  0
LINE
  8
0
 10
2.58308
 20
2.50452
 11
2.57898
 21
2.50543
  0
LINE
  8
0
 10
2.57898
 20
2.50543
 11
2.57492
 21
2.50652
  0
LINE
  8
0
 10
2.57492
 20
2.50652
 11
2.57091
 21
2.50778
  0
LINE
  8
0
 10
2.57091
 20
2.50778
 11
2.56694
 21
2.5092
  0
LINE
  8
0
 10
2.56694
 20
2.5092
 11
2.56305
 21
2.51079
  0
LINE
  8
0
 10
2.56305
 20
2.51079
 11
2.55923
 21
2.51254
  0
LINE
  8
0
 10
2.55923
 20
2.51254
 11
2.55548
 21
2.51445
  0
LINE
  8
0
 10
2.55548
 20
2.51445
 11
2.55182
 21
2.51651
  0
LINE
  8
0
 10
2.55182
 20
2.51651
 11
2.54825
 21
2.51872
  0
LINE
  8
0
 10
2.54825
 20
2.51872
 11
2.54477
 21
2.52109
  0
LINE
  8
0
 10
2.54477
 20
2.52109
 11
2.5414
 21
2.52361
  0
LINE
  8
0
 10
2.5414
 20
2.52361
 11
2.53813
 21
2.52625
  0
LINE
  8
0
 10
2.53813
 20
2.52625
 11
2.53497
 21
2.52902
  0
LINE
  8
0
 10
2.53497
 20
2.52902
 11
2.53194
 21
2.53194
  0
LINE
  8
0
 10
2.53194
 20
2.53194
 11
2.52902
 21
2.53497
  0
LINE
  8
0
 10
2.52902
 20
2.53497
 11
2.52625
 21
2.53813
  0
LINE
  8
0
 10
2.52625
 20
2.53813
 11
2.52361
 21
2.5414
  0
LINE
  8
0
 10
2.52361
 20
2.5414
 11
2.52109
 21
2.54477
  0
LINE
  8
0
 10
2.52109
 20
2.54477
 11
2.51872
 21
2.54825
  0
LINE
  8
0
 10
2.51872
 20
2.54825
 11
2.51651
 21
2.55182
  0
LINE
  8
0
 10
2.51651
 20
2.55182
 11
2.51445
 21
2.55548
  0
LINE
  8
0
 10
2.51445
 20
2.55548
 11
2.51254
 21
2.55923
  0
LINE
  8
0
 10
2.51254
 20
2.55923
 11
2.51079
 21
2.56305
  0
LINE
  8
0
 10
2.51079
 20
2.56305
 11
2.5092
 21
2.56694
  0
LINE
  8
0
 10
2.5092
 20
2.56694
 11
2.50778
 21
2.57091
  0
LINE
  8
0
 10
2.50778
 20
2.57091
 11
2.50652
 21
2.57492
  0
LINE
  8
0
 10
2.50652
 20
2.57492
 11
2.50543
 21
2.57898
  0
LINE
  8
0
 10
2.50543
 20
2.57898
 11
2.50452
 21
2.58308
  0
LINE
  8
0
 10
2.50452
 20
2.58308
 11
2.50377
 21
2.58722
  0
LINE
  8
0
 10
2.50377
 20
2.58722
 11
2.50319
 21
2.59138
  0
LINE
  8
0
 10
2.50319
 20
2.59138
 11
2.50281
 21
2.59557
  0
LINE
  8
0
 10
2.50281
 20
2.59557
 11
2.50258
 21
2.59978
  0
LINE
  8
0
 10
2.50258
 20
2.59978
 11
2.50253
 21
2.60397
  0
LINE
  8
0
 10
2.50253
 20
2.60397
 11
2.50267
 21
2.60818
  0
LINE
  8
0
 10
2.50267
 20
2.60818
 11
2.50298
 21
2.61237
  0
LINE
  8
0
 10
2.50298
 20
2.61237
 11
2.50346
 21
2.61655
  0
LINE
  8
0
 10
2.50346
 20
2.61655
 11
2.50412
 21
2.6207
  0
LINE
  8
0
 10
2.50412
 20
2.6207
 11
2.50494
 21
2.62483
  0
LINE
  8
0
 10
2.50494
 20
2.62483
 11
2.50595
 21
2.62891
  0
LINE
  8
0
 10
2.50595
 20
2.62891
 11
2.50713
 21
2.63295
  0
LINE
  8
0
 10
2.50713
 20
2.63295
 11
2.50847
 21
2.63693
  0
LINE
  8
0
 10
2.50847
 20
2.63693
 11
2.50998
 21
2.64085
  0
LINE
  8
0
 10
2.50998
 20
2.64085
 11
2.51164
 21
2.64471
  0
LINE
  8
0
 10
2.51164
 20
2.64471
 11
2.51347
 21
2.6485
  0
LINE
  8
0
 10
2.51347
 20
2.6485
 11
2.51546
 21
2.65221
  0
LINE
  8
0
 10
2.51546
 20
2.65221
 11
2.51759
 21
2.65582
  0
LINE
  8
0
 10
2.51759
 20
2.65582
 11
2.5199
 21
2.65935
  0
LINE
  8
0
 10
2.5199
 20
2.65935
 11
2.52232
 21
2.66278
  0
LINE
  8
0
 10
2.52232
 20
2.66278
 11
2.5249
 21
2.66611
  0
LINE
  8
0
 10
2.5249
 20
2.66611
 11
2.52762
 21
2.66931
  0
LINE
  8
0
 10
2.52762
 20
2.66931
 11
2.53047
 21
2.67241
  0
LINE
  8
0
 10
2.53047
 20
2.67241
 11
2.53343
 21
2.67538
  0
LINE
  8
0
 10
2.53343
 20
2.67538
 11
2.53653
 21
2.67824
  0
LINE
  8
0
 10
2.53653
 20
2.67824
 11
2.53975
 21
2.68094
  0
LINE
  8
0
 10
2.53975
 20
2.68094
 11
2.54306
 21
2.68352
  0
LINE
  8
0
 10
2.54306
 20
2.68352
 11
2.54649
 21
2.68596
  0
LINE
  8
0
 10
2.54649
 20
2.68596
 11
2.55002
 21
2.68825
  0
LINE
  8
0
 10
2.55002
 20
2.68825
 11
2.55363
 21
2.69038
  0
LINE
  8
0
 10
2.55363
 20
2.69038
 11
2.55734
 21
2.69238
  0
LINE
  8
0
 10
2.55734
 20
2.69238
 11
2.56113
 21
2.69421
  0
LINE
  8
0
 10
2.56113
 20
2.69421
 11
2.56499
 21
2.69588
  0
LINE
  8
0
 10
2.56499
 20
2.69588
 11
2.56892
 21
2.69739
  0
LINE
  8
0
 10
2.56892
 20
2.69739
 11
2.57291
 21
2.69873
  0
LINE
  8
0
 10
2.57291
 20
2.69873
 11
2.57693
 21
2.69991
  0
LINE
  8
0
 10
2.57693
 20
2.69991
 11
2.58102
 21
2.7009
  0
LINE
  8
0
 10
2.58102
 20
2.7009
 11
2.58514
 21
2.70174
  0
LINE
  8
0
 10
2.58514
 20
2.70174
 11
2.58929
 21
2.70239
  0
LINE
  8
0
 10
2.58929
 20
2.70239
 11
2.59348
 21
2.70287
  0
LINE
  8
0
 10
2.59348
 20
2.70287
 11
2.59767
 21
2.70319
  0
LINE
  8
0
 10
2.59767
 20
2.70319
 11
2.60187
 21
2.70331
  0
LINE
  8
0
 10
2.60187
 20
2.70331
 11
2.60608
 21
2.70326
  0
LINE
  8
0
 10
2.60608
 20
2.70326
 11
2.61028
 21
2.70305
  0
LINE
  8
0
 10
2.61028
 20
2.70305
 11
2.61446
 21
2.70265
  0
LINE
  8
0
 10
2.61446
 20
2.70265
 11
2.61864
 21
2.70209
  0
LINE
  8
0
 10
2.61864
 20
2.70209
 11
2.62277
 21
2.70134
  0
LINE
  8
0
 10
2.62277
 20
2.70134
 11
2.62688
 21
2.70042
  0
LINE
  8
0
 10
2.62688
 20
2.70042
 11
2.63094
 21
2.69933
  0
LINE
  8
0
 10
2.63094
 20
2.69933
 11
2.63495
 21
2.69807
  0
LINE
  8
0
 10
2.63495
 20
2.69807
 11
2.6389
 21
2.69666
  0
LINE
  8
0
 10
2.6389
 20
2.69666
 11
2.64279
 21
2.69507
  0
LINE
  8
0
 10
2.64279
 20
2.69507
 11
2.64662
 21
2.69331
  0
LINE
  8
0
 10
2.64662
 20
2.69331
 11
2.65036
 21
2.69141
  0
LINE
  8
0
 10
2.65036
 20
2.69141
 11
2.65402
 21
2.68933
  0
LINE
  8
0
 10
2.65402
 20
2.68933
 11
2.65761
 21
2.68712
  0
LINE
  8
0
 10
2.65761
 20
2.68712
 11
2.66109
 21
2.68475
  0
LINE
  8
0
 10
2.66109
 20
2.68475
 11
2.66446
 21
2.68225
  0
LINE
  8
0
 10
2.66446
 20
2.68225
 11
2.66772
 21
2.67961
  0
LINE
  8
0
 10
2.66772
 20
2.67961
 11
2.67088
 21
2.67682
  0
LINE
  8
0
 10
2.67088
 20
2.67682
 11
2.67392
 21
2.67392
  0
LINE
  8
0
 10
2.67392
 20
2.67392
 11
2.67682
 21
2.67088
  0
LINE
  8
0
 10
2.67682
 20
2.67088
 11
2.67961
 21
2.66772
  0
LINE
  8
0
 10
2.67961
 20
2.66772
 11
2.68225
 21
2.66446
  0
LINE
  8
0
 10
2.68225
 20
2.66446
 11
2.68475
 21
2.66109
  0
LINE
  8
0
 10
2.68475
 20
2.66109
 11
2.68712
 21
2.65761
  0
LINE
  8
0
 10
2.68712
 20
2.65761
 11
2.68933
 21
2.65402
  0
LINE
  8
0
 10
2.68933
 20
2.65402
 11
2.69141
 21
2.65036
  0
LINE
  8
0
 10
2.69141
 20
2.65036
 11
2.69331
 21
2.64662
  0
LINE
  8
0
 10
2.69331
 20
2.64662
 11
2.69507
 21
2.64279
  0
LINE
  8
0
 10
2.69507
 20
2.64279
 11
2.69666
 21
2.6389
  0
LINE
  8
0
 10
2.69666
 20
2.6389
 11
2.69807
 21
2.63495
  0
LINE
  8
0
 10
2.69807
 20
2.63495
 11
2.69933
 21
2.63094
  0
LINE
  8
0
 10
2.69933
 20
2.63094
 11
2.70042
 21
2.62688
  0
LINE
  8
0
 10
2.70042
 20
2.62688
 11
2.70134
 21
2.62277
  0
LINE
  8
0
 10
2.70134
 20
2.62277
 11
2.70209
 21
2.61864
  0
LINE
  8
0
 10
2.70209
 20
2.61864
 11
2.70265
 21
2.61446
  0
LINE
  8
0
 10
2.70265
 20
2.61446
 11
2.70305
 21
2.61028
  0
LINE
  8
0
 10
2.70305
 20
2.61028
 11
2.70326
 21
2.60608
  0
LINE
  8
0
 10
2.70326
 20
2.60608
 11
2.70331
 21
2.60187
  0
LINE
  8
0
 10
2.70331
 20
2.60187
 11
2.70319
 21
2.59767
  0
LINE
  8
0
 10
2.70319
 20
2.59767
 11
2.70287
 21
2.59348
  0
LINE
  8
0
 10
2.70287
 20
2.59348
 11
2.70239
 21
2.58929
  0
LINE
  8
0
 10
2.70239
 20
2.58929
 11
2.70174
 21
2.58514
  0
LINE
  8
0
 10
2.70174
 20
2.58514
 11
2.7009
 21
2.58102
  0
LINE
  8
0
 10
2.7009
 20
2.58102
 11
2.69991
 21
2.57693
  0
LINE
  8
0
 10
2.69991
 20
2.57693
 11
2.69873
 21
2.57291
  0
LINE
  8
0
 10
2.69873
 20
2.57291
 11
2.69739
 21
2.56892
  0
LINE
  8
0
 10
2.69739
 20
2.56892
 11
2.69588
 21
2.56499
  0
LINE
  8
0
 10
2.69588
 20
2.56499
 11
2.69421
 21
2.56113
  0
LINE
  8
0
 10
2.69421
 20
2.56113
 11
2.69238
 21
2.55734
  0
LINE
  8
0
 10
2.69238
 20
2.55734
 11
2.69038
 21
2.55363
  0
LINE
  8
0
 10
2.69038
 20
2.55363
 11
2.68825
 21
2.55002
  0
LINE
  8
0
 10
2.68825
 20
2.55002
 11
2.68596
 21
2.54649
  0
LINE
  8
0
 10
2.68596
 20
2.54649
 11
2.68352
 21
2.54306
  0
LINE
  8
0
 10
2.68352
 20
2.54306
 11
2.68094
 21
2.53975
  0
LINE
  8
0
 10
2.68094
 20
2.53975
 11
2.67824
 21
2.53653
  0
LINE
  8
0
 10
2.67824
 20
2.53653
 11
2.67538
 21
2.53343
  0
LINE
  8
0
 10
2.67538
 20
2.53343
 11
2.67241
 21
2.53047
  0
LINE
  8
0
 10
2.67241
 20
2.53047
 11
2.66931
 21
2.52762
  0
LINE
  8
0
 10
2.66931
 20
2.52762
 11
2.66611
 21
2.5249
  0
LINE
  8
0
 10
2.66611
 20
2.5249
 11
2.66278
 21
2.52232
  0
LINE
  8
0
 10
2.66278
 20
2.52232
 11
2.65935
 21
2.5199
  0
LINE
  8
0
 10
2.65935
 20
2.5199
 11
2.65582
 21
2.51759
  0
LINE
  8
0
 10
2.65582
 20
2.51759
 11
2.65221
 21
2.51546
  0
LINE
  8
0
 10
2.65221
 20
2.51546
 11
2.6485
 21
2.51347
  0
LINE
  8
0
 10
2.6485
 20
2.51347
 11
2.64471
 21
2.51164
  0
LINE
  8
0
 10
2.64471
 20
2.51164
 11
2.64085
 21
2.50998
  0
LINE
  8
0
 10
2.64085
 20
2.50998
 11
2.63693
 21
2.50847
  0
LINE
  8
0
 10
2.63693
 20
2.50847
 11
2.63295
 21
2.50713
  0
LINE
  8
0
 10
2.63295
 20
2.50713
 11
2.62891
 21
2.50595
  0
LINE
  8
0
 10
2.62891
 20
2.50595
 11
2.62483
 21
2.50494
  0
LINE
  8
0
 10
2.62483
 20
2.50494
 11
2.6207
 21
2.50412
  0
LINE
  8
0
 10
2.6207
 20
2.50412
 11
2.61655
 21
2.50346
  0
LINE
  8
0
 10
2.61655
 20
2.50346
 11
2.61237
 21
2.50298
  0
LINE
  8
0
 10
2.61237
 20
2.50298
 11
2.60818
 21
2.50267
  0
LINE
  8
0
 10
2.60818
 20
2.50267
 11
2.60397
 21
2.50253
  0
LINE
  8
0
 10
2.60397
 20
2.50253
 11
2.59978
 21
2.50258
  0
LINE
  8
0
 10
-2.60818
 20
2.50267
 11
-2.61237
 21
2.50298
  0
LINE
  8
0
 10
-2.61237
 20
2.50298
 11
-2.61655
 21
2.50346
  0
LINE
  8
0
 10
-2.61655
 20
2.50346
 11
-2.6207
 21
2.50412
  0
LINE
  8
0
 10
-2.6207
 20
2.50412
 11
-2.62483
 21
2.50494
  0
LINE
  8
0
 10
-2.62483
 20
2.50494
 11
-2.62891
 21
2.50595
  0
LINE
  8
0
 10
-2.62891
 20
2.50595
 11
-2.63295
 21
2.50713
  0
LINE
  8
0
 10
-2.63295
 20
2.50713
 11
-2.63693
 21
2.50847
  0
LINE
  8
0
 10
-2.63693
 20
2.50847
 11
-2.64085
 21
2.50998
  0
LINE
  8
0
 10
-2.64085
 20
2.50998
 11
-2.64471
 21
2.51164
  0
LINE
  8
0
 10
-2.64471
 20
2.51164
 11
-2.6485
 21
2.51347
  0
LINE
  8
0
 10
-2.6485
 20
2.51347
 11
-2.65221
 21
2.51546
  0
LINE
  8
0
 10
-2.65221
 20
2.51546
 11
-2.65582
 21
2.51759
  0
LINE
  8
0
 10
-2.65582
 20
2.51759
 11
-2.65935
 21
2.5199
  0
LINE
  8
0
 10
-2.65935
 20
2.5199
 11
-2.66278
 21
2.52232
  0
LINE
  8
0
 10
-2.66278
 20
2.52232
 11
-2.66611
 21
2.5249
  0
LINE
  8
0
 10
-2.66611
 20
2.5249
 11
-2.66931
 21
2.52762
  0
LINE
  8
0
 10
-2.66931
 20
2.52762
 11
-2.67241
 21
2.53047
  0
LINE
  8
0
 10
-2.67241
 20
2.53047
 11
-2.67538
 21
2.53343
  0
LINE
  8
0
 10
-2.67538
 20
2.53343
 11
-2.67824
 21
2.53653
  0
LINE
  8
0
 10
-2.67824
 20
2.53653
 11
-2.68094
 21
2.53975
  0
LINE
  8
0
 10
-2.68094
 20
2.53975
 11
-2.68352
 21
2.54306
  0
LINE
  8
0
 10
-2.68352
 20
2.54306
 11
-2.68596
 21
2.54649
  0
LINE
  8
0
 10
-2.68596
 20
2.54649
 11
-2.68825
 21
2.55002
  0
LINE
  8
0
 10
-2.68825
 20
2.55002
 11
-2.69038
 21
2.55363
  0
LINE
  8
0
 10
-2.69038
 20
2.55363
 11
-2.69238
 21
2.55734
  0
LINE
  8
0
 10
-2.69238
 20
2.55734
 11
-2.69421
 21
2.56113
  0
LINE
  8
0
 10
-2.69421
 20
2.56113
 11
-2.69588
 21
2.56499
  0
LINE
  8
0
 10
-2.69588
 20
2.56499
 11
-2.69739
 21
2.56892
  0
LINE
  8
0
 10
-2.69739
 20
2.56892
 11
-2.69873
 21
2.57291
  0
LINE
  8
0
 10
-2.69873
 20
2.57291
 11
-2.69991
 21
2.57693
  0
LINE
  8
0
 10
-2.69991
 20
2.57693
 11
-2.7009
 21
2.58102
  0
LINE
  8
0
 10
-2.7009
 20
2.58102
 11
-2.70174
 21
2.58514
  0
LINE
  8
0
 10
-2.70174
 20
2.58514
 11
-2.70239
 21
2.58929
  0
LINE
  8
0
 10
-2.70239
 20
2.58929
 11
-2.70287
 21
2.59348
  0
LINE
  8
0
 10
-2.70287
 20
2.59348
 11
-2.70319
 21
2.59767
  0
LINE
  8
0
 10
-2.70319
 20
2.59767
 11
-2.70331
 21
2.60187
  0
LINE
  8
0
 10
-2.70331
 20
2.60187
 11
-2.70326
 21
2.60608
  0
LINE
  8
0
 10
-2.70326
 20
2.60608
 11
-2.70305
 21
2.61028
  0
LINE
  8
0
 10
-2.70305
 20
2.61028
 11
-2.70265
 21
2.61446
  0
LINE
  8
0
 10
-2.70265
 20
2.61446
 11
-2.70209
 21
2.61864
  0
LINE
  8
0
 10
-2.70209
 20
2.61864
 11
-2.70134
 21
2.62277
  0
LINE
  8
0
 10
-2.70134
 20
2.62277
 11
-2.70042
 21
2.62688
  0
LINE
  8
0
 10
-2.70042
 20
2.62688
 11
-2.69933
 21
2.63094
  0
LINE
  8
0
 10
-2.69933
 20
2.63094
 11
-2.69807
 21
2.63495
  0
LINE
  8
0
 10
-2.69807
 20
2.63495
 11
-2.69666
 21
2.6389
  0
LINE
  8
0
 10
-2.69666
 20
2.6389
 11
-2.69507
 21
2.64279
  0
LINE
  8
0
 10
-2.69507
 20
2.64279
 11
-2.69331
 21
2.64662
  0
LINE
  8
0
 10
-2.69331
 20
2.64662
 11
-2.69141
 21
2.65036
  0
LINE
  8
0
 10
-2.69141
 20
2.65036
 11
-2.68933
 21
2.65402
  0
LINE
  8
0
 10
-2.68933
 20
2.65402
 11
-2.68712
 21
2.65761
  0
LINE
  8
0
 10
-2.68712
 20
2.65761
 11
-2.68475
 21
2.66109
  0
LINE
  8
0
 10
-2.68475
 20
2.66109
 11
-2.68225
 21
2.66446
  0
LINE
  8
0
 10
-2.68225
 20
2.66446
 11
-2.67961
 21
2.66772
  0
LINE
  8
0
 10
-2.67961
 20
2.66772
 11
-2.67682
 21
2.67088
  0
LINE
  8
0
 10
-2.67682
 20
2.67088
 11
-2.67392
 21
2.67392
  0
LINE
  8
0
 10
-2.67392
 20
2.67392
 11
-2.67088
 21
2.67682
  0
LINE
  8
0
 10
-2.67088
 20
2.67682
 11
-2.66772
 21
2.67961
  0
LINE
  8
0
 10
-2.66772
 20
2.67961
 11
-2.66446
 21
2.68225
  0
LINE
  8
0
 10
-2.66446
 20
2.68225
 11
-2.66109
 21
2.68475
  0
LINE
  8
0
 10
-2.66109
 20
2.68475
 11
-2.65761
 21
2.68712
  0
LINE
  8
0
 10
-2.65761
 20
2.68712
 11
-2.65402
 21
2.68933
  0
LINE
  8
0
 10
-2.65402
 20
2.68933
 11
-2.65036
 21
2.69141
  0
LINE
  8
0
 10
-2.65036
 20
2.69141
 11
-2.64662
 21
2.69331
  0
LINE
  8
0
 10
-2.64662
 20
2.69331
 11
-2.64279
 21
2.69507
  0
LINE
  8
0
 10
-2.64279
 20
2.69507
 11
-2.6389
 21
2.69666
  0
LINE
  8
0
 10
-2.6389
 20
2.69666
 11
-2.63495
 21
2.69807
  0
LINE
  8
0
 10
-2.63495
 20
2.69807
 11
-2.63094
 21
2.69933
  0
LINE
  8
0
 10
-2.63094
 20
2.69933
 11
-2.62688
 21
2.70042
  0
LINE
  8
0
 10
-2.62688
 20
2.70042
 11
-2.62277
 21
2.70134
  0
LINE
  8
0
 10
-2.62277
 20
2.70134
 11
-2.61864
 21
2.70209
  0
LINE
  8
0
 10
-2.61864
 20
2.70209
 11
-2.61446
 21
2.70265
  0
LINE
  8
0
 10
-2.61446
 20
2.70265
 11
-2.61028
 21
2.70305
  0
LINE
  8
0
 10
-2.61028
 20
2.70305
 11
-2.60608
 21
2.70326
  0
LINE
  8
0
 10
-2.60608
 20
2.70326
 11
-2.60187
 21
2.70331
  0
LINE
  8
0
 10
-2.60187
 20
2.70331
 11
-2.59767
 21
2.70319
  0
LINE
  8
0
 10
-2.59767
 20
2.70319
 11
-2.59348
 21
2.70287
  0
LINE
  8
0
 10
-2.59348
 20
2.70287
 11
-2.58929
 21
2.70239
  0
LINE
  8
0
 10
-2.58929
 20
2.70239
 11
-2.58514
 21
2.70174
  0
LINE
  8
0
 10
-2.58514
 20
2.70174
 11
-2.58102
 21
2.7009
  0
LINE
  8
0
 10
-2.58102
 20
2.7009
 11
-2.57693
 21
2.69991
  0
LINE
  8
0
 10
-2.57693
 20
2.69991
 11
-2.57291
 21
2.69873
  0
LINE
  8
0
 10
-2.57291
 20
2.69873
 11
-2.56892
 21
2.69739
  0
LINE
  8
0
 10
-2.56892
 20
2.69739
 11
-2.56499
 21
2.69588
  0
LINE
  8
0
 10
-2.56499
 20
2.69588
 11
-2.56113
 21
2.69421
  0
LINE
  8
0
 10
-2.56113
 20
2.69421
 11
-2.55734
 21
2.69238
  0
LINE
  8
0
 10
-2.55734
 20
2.69238
 11
-2.55363
 21
2.69038
  0
LINE
  8
0
 10
-2.55363
 20
2.69038
 11
-2.55002
 21
2.68825
  0
LINE
  8
0
 10
-2.55002
 20
2.68825
 11
-2.54649
 21
2.68596
  0
LINE
  8
0
 10
-2.54649
 20
2.68596
 11
-2.54306
 21
2.68352
  0
LINE
  8
0
 10
-2.54306
 20
2.68352
 11
-2.53975
 21
2.68094
  0
LINE
  8
0
 10
-2.53975
 20
2.68094
 11
-2.53653
 21
2.67824
  0
LINE
  8
0
 10
-2.53653
 20
2.67824
 11
-2.53343
 21
2.67538
  0
LINE
  8
0
 10
-2.53343
 20
2.67538
 11
-2.53047
 21
2.67241
  0
LINE
  8
0
 10
-2.53047
 20
2.67241
 11
-2.52762
 21
2.66931
  0
LINE
  8
0
 10
-2.52762
 20
2.66931
 11
-2.5249
 21
2.66611
  0
LINE
  8
0
 10
-2.5249
 20
2.66611
 11
-2.52232
 21
2.66278
  0
LINE
  8
0
 10
-2.52232
 20
2.66278
 11
-2.5199
 21
2.65935
  0
LINE
  8
0
 10
-2.5199
 20
2.65935
 11
-2.51759
 21
2.65582
  0
LINE
  8
0
 10
-2.51759
 20
2.65582
 11
-2.51546
 21
2.65221
  0
LINE
  8
0
 10
-2.51546
 20
2.65221
 11
-2.51347
 21
2.6485
  0
LINE
  8
0
 10
-2.51347
 20
2.6485
 11
-2.51164
 21
2.64471
  0
LINE
  8
0
 10
-2.51164
 20
2.64471
 11
-2.50998
 21
2.64085
  0
LINE
  8
0
 10
-2.50998
 20
2.64085
 11
-2.50847
 21
2.63693
  0
LINE
  8
0
 10
-2.50847
 20
2.63693
 11
-2.50713
 21
2.63295
  0
LINE
  8
0
 10
-2.50713
 20
2.63295
 11
-2.50595
 21
2.62891
  0
LINE
  8
0
 10
-2.50595
 20
2.62891
 11
-2.50494
 21
2.62483
  0
LINE
  8
0
 10
-2.50494
 20
2.62483
 11
-2.50412
 21
2.6207
  0
LINE
  8
0
 10
-2.50412
 20
2.6207
 11
-2.50346
 21
2.61655
  0
LINE
  8
0
 10
-2.50346
 20
2.61655
 11
-2.50298
 21
2.61237
  0
LINE
  8
0
 10
-2.50298
 20
2.61237
 11
-2.50267
 21
2.60818
  0
LINE
  8
0
 10
-2.50267
 20
2.60818
 11
-2.50253
 21
2.60397
  0
LINE
  8
0
 10
-2.50253
 20
2.60397
 11
-2.50258
 21
2.59978
  0
LINE
  8
0
 10
-2.50258
 20
2.59978
 11
-2.50281
 21
2.59557
  0
LINE
  8
0
 10
-2.50281
 20
2.59557
 11
-2.50319
 21
2.59138
  0
LINE
  8
0
 10
-2.50319
 20
2.59138
 11
-2.50377
 21
2.58722
  0
LINE
  8
0
 10
-2.50377
 20
2.58722
 11
-2.50452
 21
2.58308
  0
LINE
  8
0
 10
-2.50452
 20
2.58308
 11
-2.50543
 21
2.57898
  0
LINE
  8
0
 10
-2.50543
 20
2.57898
 11
-2.50652
 21
2.57492
  0
LINE
  8
0
 10
-2.50652
 20
2.57492
 11
-2.50778
 21
2.57091
  0
LINE
  8
0
 10
-2.50778
 20
2.57091
 11
-2.5092
 21
2.56694
  0
LINE
  8
0
 10
-2.5092
 20
2.56694
 11
-2.51079
 21
2.56305
  0
LINE
  8
0
 10
-2.51079
 20
2.56305
 11
-2.51254
 21
2.55923
  0
LINE
  8
0
 10
-2.51254
 20
2.55923
 11
-2.51445
 21
2.55548
  0
LINE
  8
0
 10
-2.51445
 20
2.55548
 11
-2.51651
 21
2.55182
  0
LINE
  8
0
 10
-2.51651
 20
2.55182
 11
-2.51872
 21
2.54825
  0
LINE
  8
0
 10
-2.51872
 20
2.54825
 11
-2.52109
 21
2.54477
  0
LINE
  8
0
 10
-2.52109
 20
2.54477
 11
-2.52361
 21
2.5414
  0
LINE
  8
0
 10
-2.52361
 20
2.5414
 11
-2.52625
 21
2.53813
  0
LINE
  8
0
 10
-2.52625
 20
2.53813
 11
-2.52902
 21
2.53497
  0
LINE
  8
0
 10
-2.52902
 20
2.53497
 11
-2.53194
 21
2.53194
  0
LINE
  8
0
 10
-2.53194
 20
2.53194
 11
-2.53497
 21
2.52902
  0
LINE
  8
0
 10
-2.53497
 20
2.52902
 11
-2.53813
 21
2.52625
  0
LINE
  8
0
 10
-2.53813
 20
2.52625
 11
-2.5414
 21
2.52361
  0
LINE
  8
0
 10
-2.5414
 20
2.52361
 11
-2.54477
 21
2.52109
  0
LINE
  8
0
 10
-2.54477
 20
2.52109
 11
-2.54825
 21
2.51872
  0
LINE
  8
0
 10
-2.54825
 20
2.51872
 11
-2.55182
 21
2.51651
  0
LINE
  8
0
 10
-2.55182
 20
2.51651
 11
-2.55548
 21
2.51445
  0
LINE
  8
0
 10
-2.55548
 20
2.51445
 11
-2.55923
 21
2.51254
  0
LINE
  8
0
 10
-2.55923
 20
2.51254
 11
-2.56305
 21
2.51079
  0
LINE
  8
0
 10
-2.56305
 20
2.51079
 11
-2.56694
 21
2.5092
  0
LINE
  8
0
 10
-2.56694
 20
2.5092
 11
-2.57091
 21
2.50778
  0
LINE
  8
0
 10
-2.57091
 20
2.50778
 11
-2.57492
 21
2.50652
  0
LINE
  8
0
 10
-2.57492
 20
2.50652
 11
-2.57898
 21
2.50543
  0
LINE
  8
0
 10
-2.57898
 20
2.50543
 11
-2.58308
 21
2.50452
  0
LINE
  8
0
 10
-2.58308
 20
2.50452
 11
-2.58722
 21
2.50377
  0
LINE
  8
0
 10
-2.58722
 20
2.50377
 11
-2.59138
 21
2.50319
  0
LINE
  8
0
 10
-2.59138
 20
2.50319
 11
-2.59557
 21
2.50281
  0
LINE
  8
0
 10
-2.59557
 20
2.50281
 11
-2.59978
 21
2.50258
  0
LINE
  8
0
 10
-2.59978
 20
2.50258
 11
-2.60397
 21
2.50253
  0
LINE
  8
0
 10
-2.60397
 20
2.50253
 11
-2.60818
 21
2.50267
  0
LINE
  8
0
 10
-2.19756
 20
2.09204
 11
-2.20175
 21
2.09235
  0
LINE
  8
0
 10
-2.20175
 20
2.09235
 11
-2.20593
 21
2.09283
  0
LINE
  8
0
 10
-2.20593
 20
2.09283
 11
-2.21008
 21
2.09349
  0
LINE
  8
0
 10
-2.21008
 20
2.09349
 11
-2.2142
 21
2.09433
  0
LINE
  8
0
 10
-2.2142
 20
2.09433
 11
-2.21829
 21
2.09532
  0
LINE
  8
0
 10
-2.21829
 20
2.09532
 11
-2.22232
 21
2.0965
  0
LINE
  8
0
 10
-2.22232
 20
2.0965
 11
-2.2263
 21
2.09784
  0
LINE
  8
0
 10
-2.2263
 20
2.09784
 11
-2.23024
 21
2.09935
  0
LINE
  8
0
 10
-2.23024
 20
2.09935
 11
-2.2341
 21
2.10101
  0
LINE
  8
0
 10
-2.2341
 20
2.10101
 11
-2.23788
 21
2.10284
  0
LINE
  8
0
 10
-2.23788
 20
2.10284
 11
-2.24159
 21
2.10484
  0
LINE
  8
0
 10
-2.24159
 20
2.10484
 11
-2.24521
 21
2.10698
  0
LINE
  8
0
 10
-2.24521
 20
2.10698
 11
-2.24873
 21
2.10927
  0
LINE
  8
0
 10
-2.24873
 20
2.10927
 11
-2.25217
 21
2.11171
  0
LINE
  8
0
 10
-2.25217
 20
2.11171
 11
-2.25548
 21
2.11429
  0
LINE
  8
0
 10
-2.25548
 20
2.11429
 11
-2.2587
 21
2.11699
  0
LINE
  8
0
 10
-2.2587
 20
2.11699
 11
-2.2618
 21
2.11984
  0
LINE
  8
0
 10
-2.2618
 20
2.11984
 11
-2.26476
 21
2.12282
  0
LINE
  8
0
 10
-2.26476
 20
2.12282
 11
-2.26761
 21
2.12592
  0
LINE
  8
0
 10
-2.26761
 20
2.12592
 11
-2.27032
 21
2.12912
  0
LINE
  8
0
 10
-2.27032
 20
2.12912
 11
-2.2729
 21
2.13245
  0
LINE
  8
0
 10
-2.2729
 20
2.13245
 11
-2.27533
 21
2.13588
  0
LINE
  8
0
 10
-2.27533
 20
2.13588
 11
-2.27762
 21
2.1394
  0
LINE
  8
0
 10
-2.27762
 20
2.1394
 11
-2.27977
 21
2.14302
  0
LINE
  8
0
 10
-2.27977
 20
2.14302
 11
-2.28175
 21
2.14673
  0
LINE
  8
0
 10
-2.28175
 20
2.14673
 11
-2.28358
 21
2.15051
  0
LINE
  8
0
 10
-2.28358
 20
2.15051
 11
-2.28525
 21
2.15437
  0
LINE
  8
0
 10
-2.28525
 20
2.15437
 11
-2.28676
 21
2.15829
  0
LINE
  8
0
 10
-2.28676
 20
2.15829
 11
-2.2881
 21
2.16228
  0
LINE
  8
0
 10
-2.2881
 20
2.16228
 11
-2.28928
 21
2.16632
  0
LINE
  8
0
 10
-2.28928
 20
2.16632
 11
-2.29028
 21
2.17039
  0
LINE
  8
0
 10
-2.29028
 20
2.17039
 11
-2.29111
 21
2.17453
  0
LINE
  8
0
 10
-2.29111
 20
2.17453
 11
-2.29176
 21
2.17868
  0
LINE
  8
0
 10
-2.29176
 20
2.17868
 11
-2.29225
 21
2.18286
  0
LINE
  8
0
 10
-2.29225
 20
2.18286
 11
-2.29256
 21
2.18704
  0
LINE
  8
0
 10
-2.29256
 20
2.18704
 11
-2.29269
 21
2.19125
  0
LINE
  8
0
 10
-2.29269
 20
2.19125
 11
-2.29265
 21
2.19545
  0
LINE
  8
0
 10
-2.29265
 20
2.19545
 11
-2.29242
 21
2.19966
  0
LINE
  8
0
 10
-2.29242
 20
2.19966
 11
-2.29204
 21
2.20384
  0
LINE
  8
0
 10
-2.29204
 20
2.20384
 11
-2.29146
 21
2.20801
  0
LINE
  8
0
 10
-2.29146
 20
2.20801
 11
-2.29071
 21
2.21214
  0
LINE
  8
0
 10
-2.29071
 20
2.21214
 11
-2.28979
 21
2.21625
  0
LINE
  8
0
 10
-2.28979
 20
2.21625
 11
-2.28871
 21
2.22031
  0
LINE
  8
0
 10
-2.28871
 20
2.22031
 11
-2.28745
 21
2.22432
  0
LINE
  8
0
 10
-2.28745
 20
2.22432
 11
-2.28603
 21
2.22829
  0
LINE
  8
0
 10
-2.28603
 20
2.22829
 11
-2.28444
 21
2.23218
  0
LINE
  8
0
 10
-2.28444
 20
2.23218
 11
-2.28268
 21
2.23599
  0
LINE
  8
0
 10
-2.28268
 20
2.23599
 11
-2.28078
 21
2.23975
  0
LINE
  8
0
 10
-2.28078
 20
2.23975
 11
-2.27872
 21
2.24341
  0
LINE
  8
0
 10
-2.27872
 20
2.24341
 11
-2.2765
 21
2.24698
  0
LINE
  8
0
 10
-2.2765
 20
2.24698
 11
-2.27414
 21
2.25046
  0
LINE
  8
0
 10
-2.27414
 20
2.25046
 11
-2.27162
 21
2.25383
  0
LINE
  8
0
 10
-2.27162
 20
2.25383
 11
-2.26898
 21
2.2571
  0
LINE
  8
0
 10
-2.26898
 20
2.2571
 11
-2.2662
 21
2.26025
  0
LINE
  8
0
 10
-2.2662
 20
2.26025
 11
-2.26329
 21
2.26329
  0
LINE
  8
0
 10
-2.26329
 20
2.26329
 11
-2.26025
 21
2.2662
  0
LINE
  8
0
 10
-2.26025
 20
2.2662
 11
-2.2571
 21
2.26898
  0
LINE
  8
0
 10
-2.2571
 20
2.26898
 11
-2.25383
 21
2.27162
  0
LINE
  8
0
 10
-2.25383
 20
2.27162
 11
-2.25046
 21
2.27414
  0
LINE
  8
0
 10
-2.25046
 20
2.27414
 11
-2.24698
 21
2.2765
  0
LINE
  8
0
 10
-2.24698
 20
2.2765
 11
-2.24341
 21
2.27872
  0
LINE
  8
0
 10
-2.24341
 20
2.27872
 11
-2.23975
 21
2.28078
  0
LINE
  8
0
 10
-2.23975
 20
2.28078
 11
-2.23599
 21
2.28268
  0
LINE
  8
0
 10
-2.23599
 20
2.28268
 11
-2.23218
 21
2.28444
  0
LINE
  8
0
 10
-2.23218
 20
2.28444
 11
-2.22829
 21
2.28603
  0
LINE
  8
0
 10
-2.22829
 20
2.28603
 11
-2.22432
 21
2.28745
  0
LINE
  8
0
 10
-2.22432
 20
2.28745
 11
-2.22031
 21
2.28871
  0
LINE
  8
0
 10
-2.22031
 20
2.28871
 11
-2.21625
 21
2.28979
  0
LINE
  8
0
 10
-2.21625
 20
2.28979
 11
-2.21214
 21
2.29071
  0
LINE
  8
0
 10
-2.21214
 20
2.29071
 11
-2.20801
 21
2.29146
  0
LINE
  8
0
 10
-2.20801
 20
2.29146
 11
-2.20384
 21
2.29204
  0
LINE
  8
0
 10
-2.20384
 20
2.29204
 11
-2.19966
 21
2.29242
  0
LINE
  8
0
 10
-2.19966
 20
2.29242
 11
-2.19545
 21
2.29265
  0
LINE
  8
0
 10
-2.19545
 20
2.29265
 11
-2.19125
 21
2.29269
  0
LINE
  8
0
 10
-2.19125
 20
2.29269
 11
-2.18704
 21
2.29256
  0
LINE
  8
0
 10
-2.18704
 20
2.29256
 11
-2.18286
 21
2.29225
  0
LINE
  8
0
 10
-2.18286
 20
2.29225
 11
-2.17868
 21
2.29176
  0
LINE
  8
0
 10
-2.17868
 20
2.29176
 11
-2.17453
 21
2.29111
  0
LINE
  8
0
 10
-2.17453
 20
2.29111
 11
-2.17039
 21
2.29028
  0
LINE
  8
0
 10
-2.17039
 20
2.29028
 11
-2.16632
 21
2.28928
  0
LINE
  8
0
 10
-2.16632
 20
2.28928
 11
-2.16228
 21
2.2881
  0
LINE
  8
0
 10
-2.16228
 20
2.2881
 11
-2.15829
 21
2.28676
  0
LINE
  8
0
 10
-2.15829
 20
2.28676
 11
-2.15437
 21
2.28525
  0
LINE
  8
0
 10
-2.15437
 20
2.28525
 11
-2.15051
 21
2.28358
  0
LINE
  8
0
 10
-2.15051
 20
2.28358
 11
-2.14673
 21
2.28175
  0
LINE
  8
0
 10
-2.14673
 20
2.28175
 11
-2.14302
 21
2.27977
  0
LINE
  8
0
 10
-2.14302
 20
2.27977
 11
-2.1394
 21
2.27762
  0
LINE
  8
0
 10
-2.1394
 20
2.27762
 11
-2.13588
 21
2.27533
  0
LINE
  8
0
 10
-2.13588
 20
2.27533
 11
-2.13245
 21
2.2729
  0
LINE
  8
0
 10
-2.13245
 20
2.2729
 11
-2.12912
 21
2.27032
  0
LINE
  8
0
 10
-2.12912
 20
2.27032
 11
-2.12592
 21
2.26761
  0
LINE
  8
0
 10
-2.12592
 20
2.26761
 11
-2.12282
 21
2.26476
  0
LINE
  8
0
 10
-2.12282
 20
2.26476
 11
-2.11984
 21
2.2618
  0
LINE
  8
0
 10
-2.11984
 20
2.2618
 11
-2.11699
 21
2.2587
  0
LINE
  8
0
 10
-2.11699
 20
2.2587
 11
-2.11429
 21
2.25548
  0
LINE
  8
0
 10
-2.11429
 20
2.25548
 11
-2.11171
 21
2.25217
  0
LINE
  8
0
 10
-2.11171
 20
2.25217
 11
-2.10927
 21
2.24873
  0
LINE
  8
0
 10
-2.10927
 20
2.24873
 11
-2.10698
 21
2.24521
  0
LINE
  8
0
 10
-2.10698
 20
2.24521
 11
-2.10484
 21
2.24159
  0
LINE
  8
0
 10
-2.10484
 20
2.24159
 11
-2.10284
 21
2.23788
  0
LINE
  8
0
 10
-2.10284
 20
2.23788
 11
-2.10101
 21
2.2341
  0
LINE
  8
0
 10
-2.10101
 20
2.2341
 11
-2.09935
 21
2.23024
  0
LINE
  8
0
 10
-2.09935
 20
2.23024
 11
-2.09784
 21
2.2263
  0
LINE
  8
0
 10
-2.09784
 20
2.2263
 11
-2.0965
 21
2.22232
  0
LINE
  8
0
 10
-2.0965
 20
2.22232
 11
-2.09532
 21
2.21829
  0
LINE
  8
0
 10
-2.09532
 20
2.21829
 11
-2.09433
 21
2.2142
  0
LINE
  8
0
 10
-2.09433
 20
2.2142
 11
-2.09349
 21
2.21008
  0
LINE
  8
0
 10
-2.09349
 20
2.21008
 11
-2.09283
 21
2.20593
  0
LINE
  8
0
 10
-2.09283
 20
2.20593
 11
-2.09235
 21
2.20175
  0
LINE
  8
0
 10
-2.09235
 20
2.20175
 11
-2.09204
 21
2.19756
  0
LINE
  8
0
 10
-2.09204
 20
2.19756
 11
-2.09192
 21
2.19336
  0
LINE
  8
0
 10
-2.09192
 20
2.19336
 11
-2.09196
 21
2.18915
  0
LINE
  8
0
 10
-2.09196
 20
2.18915
 11
-2.09218
 21
2.18495
  0
LINE
  8
0
 10
-2.09218
 20
2.18495
 11
-2.09258
 21
2.18076
  0
LINE
  8
0
 10
-2.09258
 20
2.18076
 11
-2.09314
 21
2.17659
  0
LINE
  8
0
 10
-2.09314
 20
2.17659
 11
-2.09389
 21
2.17245
  0
LINE
  8
0
 10
-2.09389
 20
2.17245
 11
-2.0948
 21
2.16835
  0
LINE
  8
0
 10
-2.0948
 20
2.16835
 11
-2.0959
 21
2.16429
  0
LINE
  8
0
 10
-2.0959
 20
2.16429
 11
-2.09715
 21
2.16028
  0
LINE
  8
0
 10
-2.09715
 20
2.16028
 11
-2.09857
 21
2.15633
  0
LINE
  8
0
 10
-2.09857
 20
2.15633
 11
-2.10016
 21
2.15244
  0
LINE
  8
0
 10
-2.10016
 20
2.15244
 11
-2.10191
 21
2.14861
  0
LINE
  8
0
 10
-2.10191
 20
2.14861
 11
-2.10382
 21
2.14487
  0
LINE
  8
0
 10
-2.10382
 20
2.14487
 11
-2.1059
 21
2.14119
  0
LINE
  8
0
 10
-2.1059
 20
2.14119
 11
-2.10811
 21
2.13762
  0
LINE
  8
0
 10
-2.10811
 20
2.13762
 11
-2.11047
 21
2.13414
  0
LINE
  8
0
 10
-2.11047
 20
2.13414
 11
-2.11298
 21
2.13077
  0
LINE
  8
0
 10
-2.11298
 20
2.13077
 11
-2.11562
 21
2.1275
  0
LINE
  8
0
 10
-2.11562
 20
2.1275
 11
-2.11841
 21
2.12434
  0
LINE
  8
0
 10
-2.11841
 20
2.12434
 11
-2.12131
 21
2.12131
  0
LINE
  8
0
 10
-2.12131
 20
2.12131
 11
-2.12434
 21
2.11841
  0
LINE
  8
0
 10
-2.12434
 20
2.11841
 11
-2.1275
 21
2.11562
  0
LINE
  8
0
 10
-2.1275
 20
2.11562
 11
-2.13077
 21
2.11298
  0
LINE
  8
0
 10
-2.13077
 20
2.11298
 11
-2.13414
 21
2.11047
  0
LINE
  8
0
 10
-2.13414
 20
2.11047
 11
-2.13762
 21
2.10811
  0
LINE
  8
0
 10
-2.13762
 20
2.10811
 11
-2.14119
 21
2.1059
  0
LINE
  8
0
 10
-2.14119
 20
2.1059
 11
-2.14487
 21
2.10382
  0
LINE
  8
0
 10
-2.14487
 20
2.10382
 11
-2.14861
 21
2.10191
  0
LINE
  8
0
 10
-2.14861
 20
2.10191
 11
-2.15244
 21
2.10016
  0
LINE
  8
0
 10
-2.15244
 20
2.10016
 11
-2.15633
 21
2.09857
  0
LINE
  8
0
 10
-2.15633
 20
2.09857
 11
-2.16028
 21
2.09715
  0
LINE
  8
0
 10
-2.16028
 20
2.09715
 11
-2.16429
 21
2.0959
  0
LINE
  8
0
 10
-2.16429
 20
2.0959
 11
-2.16835
 21
2.0948
  0
LINE
  8
0
 10
-2.16835
 20
2.0948
 11
-2.17245
 21
2.09389
  0
LINE
  8
0
 10
-2.17245
 20
2.09389
 11
-2.17659
 21
2.09314
  0
LINE
  8
0
 10
-2.17659
 20
2.09314
 11
-2.18076
 21
2.09258
  0
LINE
  8
0
 10
-2.18076
 20
2.09258
 11
-2.18495
 21
2.09218
  0
LINE
  8
0
 10
-2.18495
 20
2.09218
 11
-2.18915
 21
2.09196
  0
LINE
  8
0
 10
-2.18915
 20
2.09196
 11
-2.19336
 21
2.09192
  0
LINE
  8
0
 10
-2.19336
 20
2.09192
 11
-2.19756
 21
2.09204
  0
LINE
  8
0
 10
2.18915
 20
2.09196
 11
2.18495
 21
2.09218
  0
LINE
  8
0
 10
2.18495
 20
2.09218
 11
2.18076
 21
2.09258
  0
LINE
  8
0
 10
2.18076
 20
2.09258
 11
2.17659
 21
2.09314
  0
LINE
  8
0
 10
2.17659
 20
2.09314
 11
2.17245
 21
2.09389
  0
LINE
  8
0
 10
2.17245
 20
2.09389
 11
2.16835
 21
2.0948
  0
LINE
  8
0
 10
2.16835
 20
2.0948
 11
2.16429
 21
2.0959
  0
LINE
  8
0
 10
2.16429
 20
2.0959
 11
2.16028
 21
2.09715
  0
LINE
  8
0
 10
2.16028
 20
2.09715
 11
2.15633
 21
2.09857
  0
LINE
  8
0
 10
2.15633
 20
2.09857
 11
2.15244
 21
2.10016
  0
LINE
  8
0
 10
2.15244
 20
2.10016
 11
2.14861
 21
2.10191
  0
LINE
  8
0
 10
2.14861
 20
2.10191
 11
2.14487
 21
2.10382
  0
LINE
  8
0
 10
2.14487
 20
2.10382
 11
2.14119
 21
2.1059
  0
LINE
  8
0
 10
2.14119
 20
2.1059
 11
2.13762
 21
2.10811
  0
LINE
  8
0
 10
2.13762
 20
2.10811
 11
2.13414
 21
2.11047
  0
LINE
  8
0
 10
2.13414
 20
2.11047
 11
2.13077
 21
2.11298
  0
LINE
  8
0
 10
2.13077
 20
2.11298
 11
2.1275
 21
2.11562
  0
LINE
  8
0
 10
2.1275
 20
2.11562
 11
2.12434
 21
2.11841
  0
LINE
  8
0
 10
2.12434
 20
2.11841
 11
2.12131
 21
2.12131
  0
LINE
  8
0
 10
2.12131
 20
2.12131
 11
2.11841
 21
2.12434
  0
LINE
  8
0
 10
2.11841
 20
2.12434
 11
2.11562
 21
2.1275
  0
LINE
  8
0
 10
2.11562
 20
2.1275
 11
2.11298
 21
2.13077
  0
LINE
  8
0
 10
2.11298
 20
2.13077
 11
2.11047
 21
2.13414
  0
LINE
  8
0
 10
2.11047
 20
2.13414
 11
2.10811
 21
2.13762
  0
LINE
  8
0
 10
2.10811
 20
2.13762
 11
2.1059
 21
2.14119
  0
LINE
  8
0
 10
2.1059
 20
2.14119
 11
2.10382
 21
2.14487
  0
LINE
  8
0
 10
2.10382
 20
2.14487
 11
2.10191
 21
2.14861
  0
LINE
  8
0
 10
2.10191
 20
2.14861
 11
2.10016
 21
2.15244
  0
LINE
  8
0
 10
2.10016
 20
2.15244
 11
2.09857
 21
2.15633
  0
LINE
  8
0
 10
2.09857
 20
2.15633
 11
2.09715
 21
2.16028
  0
LINE
  8
0
 10
2.09715
 20
2.16028
 11
2.0959
 21
2.16429
  0
LINE
  8
0
 10
2.0959
 20
2.16429
 11
2.0948
 21
2.16835
  0
LINE
  8
0
 10
2.0948
 20
2.16835
 11
2.09389
 21
2.17245
  0
LINE
  8
0
 10
2.09389
 20
2.17245
 11
2.09314
 21
2.17659
  0
LINE
  8
0
 10
2.09314
 20
2.17659
 11
2.09258
 21
2.18076
  0
LINE
  8
0
 10
2.09258
 20
2.18076
 11
2.09218
 21
2.18495
  0
LINE
  8
0
 10
2.09218
 20
2.18495
 11
2.09196
 21
2.18915
  0
LINE
  8
0
 10
2.09196
 20
2.18915
 11
2.09192
 21
2.19336
  0
LINE
  8
0
 10
2.09192
 20
2.19336
 11
2.09204
 21
2.19756
  0
LINE
  8
0
 10
2.09204
 20
2.19756
 11
2.09235
 21
2.20175
  0
LINE
  8
0
 10
2.09235
 20
2.20175
 11
2.09283
 21
2.20593
  0
LINE
  8
0
 10
2.09283
 20
2.20593
 11
2.09349
 21
2.21008
  0
LINE
  8
0
 10
2.09349
 20
2.21008
 11
2.09433
 21
2.2142
  0
LINE
  8
0
 10
2.09433
 20
2.2142
 11
2.09532
 21
2.21829
  0
LINE
  8
0
 10
2.09532
 20
2.21829
 11
2.0965
 21
2.22232
  0
LINE
  8
0
 10
2.0965
 20
2.22232
 11
2.09784
 21
2.2263
  0
LINE
  8
0
 10
2.09784
 20
2.2263
 11
2.09935
 21
2.23024
  0
LINE
  8
0
 10
2.09935
 20
2.23024
 11
2.10101
 21
2.2341
  0
LINE
  8
0
 10
2.10101
 20
2.2341
 11
2.10284
 21
2.23788
  0
LINE
  8
0
 10
2.10284
 20
2.23788
 11
2.10484
 21
2.24159
  0
LINE
  8
0
 10
2.10484
 20
2.24159
 11
2.10698
 21
2.24521
  0
LINE
  8
0
 10
2.10698
 20
2.24521
 11
2.10927
 21
2.24873
  0
LINE
  8
0
 10
2.10927
 20
2.24873
 11
2.11171
 21
2.25217
  0
LINE
  8
0
 10
2.11171
 20
2.25217
 11
2.11429
 21
2.25548
  0
LINE
  8
0
 10
2.11429
 20
2.25548
 11
2.11699
 21
2.2587
  0
LINE
  8
0
 10
2.11699
 20
2.2587
 11
2.11984
 21
2.2618
  0
LINE
  8
0
 10
2.11984
 20
2.2618
 11
2.12282
 21
2.26476
  0
LINE
  8
0
 10
2.12282
 20
2.26476
 11
2.12592
 21
2.26761
  0
LINE
  8
0
 10
2.12592
 20
2.26761
 11
2.12912
 21
2.27032
  0
LINE
  8
0
 10
2.12912
 20
2.27032
 11
2.13245
 21
2.2729
  0
LINE
  8
0
 10
2.13245
 20
2.2729
 11
2.13588
 21
2.27533
  0
LINE
  8
0
 10
2.13588
 20
2.27533
 11
2.1394
 21
2.27762
  0
LINE
  8
0
 10
2.1394
 20
2.27762
 11
2.14302
 21
2.27977
  0
LINE
  8
0
 10
2.14302
 20
2.27977
 11
2.14673
 21
2.28175
  0
LINE
  8
0
 10
2.14673
 20
2.28175
 11
2.15051
 21
2.28358
  0
LINE
  8
0
 10
2.15051
 20
2.28358
 11
2.15437
 21
2.28525
  0
LINE
  8
0
 10
2.15437
 20
2.28525
 11
2.15829
 21
2.28676
  0
LINE
  8
0
 10
2.15829
 20
2.28676
 11
2.16228
 21
2.2881
  0
LINE
  8
0
 10
2.16228
 20
2.2881
 11
2.16632
 21
2.28928
  0
LINE
  8
0
 10
2.16632
 20
2.28928
 11
2.17039
 21
2.29028
  0
LINE
  8
0
 10
2.17039
 20
2.29028
 11
2.17453
 21
2.29111
  0
LINE
  8
0
 10
2.17453
 20
2.29111
 11
2.17868
 21
2.29176
  0
LINE
  8
0
 10
2.17868
 20
2.29176
 11
2.18286
 21
2.29225
  0
LINE
  8
0
 10
2.18286
 20
2.29225
 11
2.18704
 21
2.29256
  0
LINE
  8
0
 10
2.18704
 20
2.29256
 11
2.19125
 21
2.29269
  0
LINE
  8
0
 10
2.19125
 20
2.29269
 11
2.19545
 21
2.29265
  0
LINE
  8
0
 10
2.19545
 20
2.29265
 11
2.19966
 21
2.29242
  0
LINE
  8
0
 10
2.19966
 20
2.29242
 11
2.20384
 21
2.29204
  0
LINE
  8
0
 10
2.20384
 20
2.29204
 11
2.20801
 21
2.29146
  0
LINE
  8
0
 10
2.20801
 20
2.29146
 11
2.21214
 21
2.29071
  0
LINE
  8
0
 10
2.21214
 20
2.29071
 11
2.21625
 21
2.28979
  0
LINE
  8
0
 10
2.21625
 20
2.28979
 11
2.22031
 21
2.28871
  0
LINE
  8
0
 10
2.22031
 20
2.28871
 11
2.22432
 21
2.28745
  0
LINE
  8
0
 10
2.22432
 20
2.28745
 11
2.22829
 21
2.28603
  0
LINE
  8
0
 10
2.22829
 20
2.28603
 11
2.23218
 21
2.28444
  0
LINE
  8
0
 10
2.23218
 20
2.28444
 11
2.23599
 21
2.28268
  0
LINE
  8
0
 10
2.23599
 20
2.28268
 11
2.23975
 21
2.28078
  0
LINE
  8
0
 10
2.23975
 20
2.28078
 11
2.24341
 21
2.27872
  0
LINE
  8
0
 10
2.24341
 20
2.27872
 11
2.24698
 21
2.2765
  0
LINE
  8
0
 10
2.24698
 20
2.2765
 11
2.25046
 21
2.27414
  0
LINE
  8
0
 10
2.25046
 20
2.27414
 11
2.25383
 21
2.27162
  0
LINE
  8
0
 10
2.25383
 20
2.27162
 11
2.2571
 21
2.26898
  0
LINE
  8
0
 10
2.2571
 20
2.26898
 11
2.26025
 21
2.2662
  0
LINE
  8
0
 10
2.26025
 20
2.2662
 11
2.26329
 21
2.26329
  0
LINE
  8
0
 10
2.26329
 20
2.26329
 11
2.2662
 21
2.26025
  0
LINE
  8
0
 10
2.2662
 20
2.26025
 11
2.26898
 21
2.2571
  0
LINE
  8
0
 10
2.26898
 20
2.2571
 11
2.27162
 21
2.25383
  0
LINE
  8
0
 10
2.27162
 20
2.25383
 11
2.27414
 21
2.25046
  0
LINE
  8
0
 10
2.27414
 20
2.25046
 11
2.2765
 21
2.24698
  0
LINE
  8
0
 10
2.2765
 20
2.24698
 11
2.27872
 21
2.24341
  0
LINE
  8
0
 10
2.27872
 20
2.24341
 11
2.28078
 21
2.23975
  0
LINE
  8
0
 10
2.28078
 20
2.23975
 11
2.28268
 21
2.23599
  0
LINE
  8
0
 10
2.28268
 20
2.23599
 11
2.28444
 21
2.23218
  0
LINE
  8
0
 10
2.28444
 20
2.23218
 11
2.28603
 21
2.22829
  0
LINE
  8
0
 10
2.28603
 20
2.22829
 11
2.28745
 21
2.22432
  0
LINE
  8
0
 10
2.28745
 20
2.22432
 11
2.28871
 21
2.22031
  0
LINE
  8
0
 10
2.28871
 20
2.22031
 11
2.28979
 21
2.21625
  0
LINE
  8
0
 10
2.28979
 20
2.21625
 11
2.29071
 21
2.21214
  0
LINE
  8
0
 10
2.29071
 20
2.21214
 11
2.29146
 21
2.20801
  0
LINE
  8
0
 10
2.29146
 20
2.20801
 11
2.29204
 21
2.20384
  0
LINE
  8
0
 10
2.29204
 20
2.20384
 11
2.29242
 21
2.19966
  0
LINE
  8
0
 10
2.29242
 20
2.19966
 11
2.29265
 21
2.19545
  0
LINE
  8
0
 10
2.29265
 20
2.19545
 11
2.29269
 21
2.19125
  0
LINE
  8
0
 10
2.29269
 20
2.19125
 11
2.29256
 21
2.18704
  0
LINE
  8
0
 10
2.29256
 20
2.18704
 11
2.29225
 21
2.18286
  0
LINE
  8
0
 10
2.29225
 20
2.18286
 11
2.29176
 21
2.17868
  0
LINE
  8
0
 10
2.29176
 20
2.17868
 11
2.29111
 21
2.17453
  0
LINE
  8
0
 10
2.29111
 20
2.17453
 11
2.29028
 21
2.17039
  0
LINE
  8
0
 10
2.29028
 20
2.17039
 11
2.28928
 21
2.16632
  0
LINE
  8
0
 10
2.28928
 20
2.16632
 11
2.2881
 21
2.16228
  0
LINE
  8
0
 10
2.2881
 20
2.16228
 11
2.28676
 21
2.15829
  0
LINE
  8
0
 10
2.28676
 20
2.15829
 11
2.28525
 21
2.15437
  0
LINE
  8
0
 10
2.28525
 20
2.15437
 11
2.28358
 21
2.15051
  0
LINE
  8
0
 10
2.28358
 20
2.15051
 11
2.28175
 21
2.14673
  0
LINE
  8
0
 10
2.28175
 20
2.14673
 11
2.27977
 21
2.14302
  0
LINE
  8
0
 10
2.27977
 20
2.14302
 11
2.27762
 21
2.1394
  0
LINE
  8
0
 10
2.27762
 20
2.1394
 11
2.27533
 21
2.13588
  0
LINE
  8
0
 10
2.27533
 20
2.13588
 11
2.2729
 21
2.13245
  0
LINE
  8
0
 10
2.2729
 20
2.13245
 11
2.27032
 21
2.12912
  0
LINE
  8
0
 10
2.27032
 20
2.12912
 11
2.26761
 21
2.12592
  0
LINE
  8
0
 10
2.26761
 20
2.12592
 11
2.26476
 21
2.12282
  0
LINE
  8
0
 10
2.26476
 20
2.12282
 11
2.2618
 21
2.11984
  0
LINE
  8
0
 10
2.2618
 20
2.11984
 11
2.2587
 21
2.11699
  0
LINE
  8
0
 10
2.2587
 20
2.11699
 11
2.25548
 21
2.11429
  0
LINE
  8
0
 10
2.25548
 20
2.11429
 11
2.25217
 21
2.11171
  0
LINE
  8
0
 10
2.25217
 20
2.11171
 11
2.24873
 21
2.10927
  0
LINE
  8
0
 10
2.24873
 20
2.10927
 11
2.24521
 21
2.10698
  0
LINE
  8
0
 10
2.24521
 20
2.10698
 11
2.24159
 21
2.10484
  0
LINE
  8
0
 10
2.24159
 20
2.10484
 11
2.23788
 21
2.10284
  0
LINE
  8
0
 10
2.23788
 20
2.10284
 11
2.2341
 21
2.10101
  0
LINE
  8
0
 10
2.2341
 20
2.10101
 11
2.23024
 21
2.09935
  0
LINE
  8
0
 10
2.23024
 20
2.09935
 11
2.2263
 21
2.09784
  0
LINE
  8
0
 10
2.2263
 20
2.09784
 11
2.22232
 21
2.0965
  0
LINE
  8
0
 10
2.22232
 20
2.0965
 11
2.21829
 21
2.09532
  0
LINE
  8
0
 10
2.21829
 20
2.09532
 11
2.2142
 21
2.09433
  0
LINE
  8
0
 10
2.2142
 20
2.09433
 11
2.21008
 21
2.09349
  0
LINE
  8
0
 10
2.21008
 20
2.09349
 11
2.20593
 21
2.09283
  0
LINE
  8
0
 10
2.20593
 20
2.09283
 11
2.20175
 21
2.09235
  0
LINE
  8
0
 10
2.20175
 20
2.09235
 11
2.19756
 21
2.09204
  0
LINE
  8
0
 10
2.19756
 20
2.09204
 11
2.19336
 21
2.09192
  0
LINE
  8
0
 10
2.19336
 20
2.09192
 11
2.18915
 21
2.09196
  0
LINE
  8
0
 10
-4.55672
 20
1.34427
 11
-4.5601
 21
1.34441
  0
LINE
  8
0
 10
-4.5601
 20
1.34441
 11
-4.56348
 21
1.34468
  0
LINE
  8
0
 10
-4.56348
 20
1.34468
 11
-4.56682
 21
1.34511
  0
LINE
  8
0
 10
-4.56682
 20
1.34511
 11
-4.57016
 21
1.34567
  0
LINE
  8
0
 10
-4.57016
 20
1.34567
 11
-4.57346
 21
1.34637
  0
LINE
  8
0
 10
-4.57346
 20
1.34637
 11
-4.57674
 21
1.34721
  0
LINE
  8
0
 10
-4.57674
 20
1.34721
 11
-4.57997
 21
1.34819
  0
LINE
  8
0
 10
-4.57997
 20
1.34819
 11
-4.58316
 21
1.3493
  0
LINE
  8
0
 10
-4.58316
 20
1.3493
 11
-4.5863
 21
1.35056
  0
LINE
  8
0
 10
-4.5863
 20
1.35056
 11
-4.5894
 21
1.35193
  0
LINE
  8
0
 10
-4.5894
 20
1.35193
 11
-4.59242
 21
1.35342
  0
LINE
  8
0
 10
-4.59242
 20
1.35342
 11
-4.59538
 21
1.35506
  0
LINE
  8
0
 10
-4.59538
 20
1.35506
 11
-4.59828
 21
1.35681
  0
LINE
  8
0
 10
-4.59828
 20
1.35681
 11
-4.60109
 21
1.35867
  0
LINE
  8
0
 10
-4.60109
 20
1.35867
 11
-4.60384
 21
1.36067
  0
LINE
  8
0
 10
-4.60384
 20
1.36067
 11
-4.60648
 21
1.36276
  0
LINE
  8
0
 10
-4.60648
 20
1.36276
 11
-4.60904
 21
1.36497
  0
LINE
  8
0
 10
-4.60904
 20
1.36497
 11
-4.6115
 21
1.36729
  0
LINE
  8
0
 10
-4.6115
 20
1.36729
 11
-4.61386
 21
1.36971
  0
LINE
  8
0
 10
-4.61386
 20
1.36971
 11
-4.61613
 21
1.37222
  0
LINE
  8
0
 10
-4.61613
 20
1.37222
 11
-4.61829
 21
1.37482
  0
LINE
  8
0
 10
-4.61829
 20
1.37482
 11
-4.62033
 21
1.37752
  0
LINE
  8
0
 10
-4.62033
 20
1.37752
 11
-4.62225
 21
1.38029
  0
LINE
  8
0
 10
-4.62225
 20
1.38029
 11
-4.62407
 21
1.38315
  0
LINE
  8
0
 10
-4.62407
 20
1.38315
 11
-4.62576
 21
1.38608
  0
LINE
  8
0
 10
-4.62576
 20
1.38608
 11
-4.62732
 21
1.38907
  0
LINE
  8
0
 10
-4.62732
 20
1.38907
 11
-4.62877
 21
1.39212
  0
LINE
  8
0
 10
-4.62877
 20
1.39212
 11
-4.63008
 21
1.39525
  0
LINE
  8
0
 10
-4.63008
 20
1.39525
 11
-4.63126
 21
1.39841
  0
LINE
  8
0
 10
-4.63126
 20
1.39841
 11
-4.63229
 21
1.40163
  0
LINE
  8
0
 10
-4.63229
 20
1.40163
 11
-4.63321
 21
1.40488
  0
LINE
  8
0
 10
-4.63321
 20
1.40488
 11
-4.63397
 21
1.40817
  0
LINE
  8
0
 10
-4.63397
 20
1.40817
 11
-4.63461
 21
1.4115
  0
LINE
  8
0
 10
-4.63461
 20
1.4115
 11
-4.6351
 21
1.41484
  0
LINE
  8
0
 10
-4.6351
 20
1.41484
 11
-4.63545
 21
1.4182
  0
LINE
  8
0
 10
-4.63545
 20
1.4182
 11
-4.63567
 21
1.42157
  0
LINE
  8
0
 10
-4.63567
 20
1.42157
 11
-4.63574
 21
1.42496
  0
LINE
  8
0
 10
-4.63574
 20
1.42496
 11
-4.63567
 21
1.42833
  0
LINE
  8
0
 10
-4.63567
 20
1.42833
 11
-4.63545
 21
1.4317
  0
LINE
  8
0
 10
-4.63545
 20
1.4317
 11
-4.6351
 21
1.43507
  0
LINE
  8
0
 10
-4.6351
 20
1.43507
 11
-4.63461
 21
1.43842
  0
LINE
  8
0
 10
-4.63461
 20
1.43842
 11
-4.63397
 21
1.44173
  0
LINE
  8
0
 10
-4.63397
 20
1.44173
 11
-4.63321
 21
1.44502
  0
LINE
  8
0
 10
-4.63321
 20
1.44502
 11
-4.63229
 21
1.44827
  0
LINE
  8
0
 10
-4.63229
 20
1.44827
 11
-4.63126
 21
1.45149
  0
LINE
  8
0
 10
-4.63126
 20
1.45149
 11
-4.63008
 21
1.45467
  0
LINE
  8
0
 10
-4.63008
 20
1.45467
 11
-4.62877
 21
1.45778
  0
LINE
  8
0
 10
-4.62877
 20
1.45778
 11
-4.62732
 21
1.46085
  0
LINE
  8
0
 10
-4.62732
 20
1.46085
 11
-4.62576
 21
1.46384
  0
LINE
  8
0
 10
-4.62576
 20
1.46384
 11
-4.62407
 21
1.46677
  0
LINE
  8
0
 10
-4.62407
 20
1.46677
 11
-4.62225
 21
1.46962
  0
LINE
  8
0
 10
-4.62225
 20
1.46962
 11
-4.62033
 21
1.4724
  0
LINE
  8
0
 10
-4.62033
 20
1.4724
 11
-4.61829
 21
1.47508
  0
LINE
  8
0
 10
-4.61829
 20
1.47508
 11
-4.61613
 21
1.47769
  0
LINE
  8
0
 10
-4.61613
 20
1.47769
 11
-4.61386
 21
1.48019
  0
LINE
  8
0
 10
-4.61386
 20
1.48019
 11
-4.6115
 21
1.48262
  0
LINE
  8
0
 10
-4.6115
 20
1.48262
 11
-4.60904
 21
1.48492
  0
LINE
  8
0
 10
-4.60904
 20
1.48492
 11
-4.60648
 21
1.48714
  0
LINE
  8
0
 10
-4.60648
 20
1.48714
 11
-4.60384
 21
1.48924
  0
LINE
  8
0
 10
-4.60384
 20
1.48924
 11
-4.60109
 21
1.49123
  0
LINE
  8
0
 10
-4.60109
 20
1.49123
 11
-4.59828
 21
1.4931
  0
LINE
  8
0
 10
-4.59828
 20
1.4931
 11
-4.59538
 21
1.49484
  0
LINE
  8
0
 10
-4.59538
 20
1.49484
 11
-4.59242
 21
1.49648
  0
LINE
  8
0
 10
-4.59242
 20
1.49648
 11
-4.5894
 21
1.49799
  0
LINE
  8
0
 10
-4.5894
 20
1.49799
 11
-4.5863
 21
1.49936
  0
LINE
  8
0
 10
-4.5863
 20
1.49936
 11
-4.58316
 21
1.5006
  0
LINE
  8
0
 10
-4.58316
 20
1.5006
 11
-4.57997
 21
1.50171
  0
LINE
  8
0
 10
-4.57997
 20
1.50171
 11
-4.57674
 21
1.50269
  0
LINE
  8
0
 10
-4.57674
 20
1.50269
 11
-4.57346
 21
1.50352
  0
LINE
  8
0
 10
-4.57346
 20
1.50352
 11
-4.57016
 21
1.50423
  0
LINE
  8
0
 10
-4.57016
 20
1.50423
 11
-4.56682
 21
1.50479
  0
LINE
  8
0
 10
-4.56682
 20
1.50479
 11
-4.56348
 21
1.50522
  0
LINE
  8
0
 10
-4.56348
 20
1.50522
 11
-4.5601
 21
1.50551
  0
LINE
  8
0
 10
-4.5601
 20
1.50551
 11
-4.55672
 21
1.50565
  0
LINE
  8
0
 10
-4.55672
 20
1.50565
 11
-4.55334
 21
1.50565
  0
LINE
  8
0
 10
-4.55334
 20
1.50565
 11
-4.54996
 21
1.50551
  0
LINE
  8
0
 10
-4.54996
 20
1.50551
 11
-4.5466
 21
1.50522
  0
LINE
  8
0
 10
-4.5466
 20
1.50522
 11
-4.54324
 21
1.50479
  0
LINE
  8
0
 10
-4.54324
 20
1.50479
 11
-4.5399
 21
1.50423
  0
LINE
  8
0
 10
-4.5399
 20
1.50423
 11
-4.53661
 21
1.50352
  0
LINE
  8
0
 10
-4.53661
 20
1.50352
 11
-4.53333
 21
1.50269
  0
LINE
  8
0
 10
-4.53333
 20
1.50269
 11
-4.53009
 21
1.50171
  0
LINE
  8
0
 10
-4.53009
 20
1.50171
 11
-4.5269
 21
1.5006
  0
LINE
  8
0
 10
-4.5269
 20
1.5006
 11
-4.52376
 21
1.49936
  0
LINE
  8
0
 10
-4.52376
 20
1.49936
 11
-4.52068
 21
1.49799
  0
LINE
  8
0
 10
-4.52068
 20
1.49799
 11
-4.51764
 21
1.49648
  0
LINE
  8
0
 10
-4.51764
 20
1.49648
 11
-4.51468
 21
1.49484
  0
LINE
  8
0
 10
-4.51468
 20
1.49484
 11
-4.51178
 21
1.4931
  0
LINE
  8
0
 10
-4.51178
 20
1.4931
 11
-4.50897
 21
1.49123
  0
LINE
  8
0
 10
-4.50897
 20
1.49123
 11
-4.50624
 21
1.48924
  0
LINE
  8
0
 10
-4.50624
 20
1.48924
 11
-4.50359
 21
1.48714
  0
LINE
  8
0
 10
-4.50359
 20
1.48714
 11
-4.50102
 21
1.48492
  0
LINE
  8
0
 10
-4.50102
 20
1.48492
 11
-4.49857
 21
1.48262
  0
LINE
  8
0
 10
-4.49857
 20
1.48262
 11
-4.4962
 21
1.48019
  0
LINE
  8
0
 10
-4.4962
 20
1.48019
 11
-4.49394
 21
1.47769
  0
LINE
  8
0
 10
-4.49394
 20
1.47769
 11
-4.49178
 21
1.47508
  0
LINE
  8
0
 10
-4.49178
 20
1.47508
 11
-4.48973
 21
1.4724
  0
LINE
  8
0
 10
-4.48973
 20
1.4724
 11
-4.48781
 21
1.46962
  0
LINE
  8
0
 10
-4.48781
 20
1.46962
 11
-4.48599
 21
1.46677
  0
LINE
  8
0
 10
-4.48599
 20
1.46677
 11
-4.48431
 21
1.46384
  0
LINE
  8
0
 10
-4.48431
 20
1.46384
 11
-4.48274
 21
1.46085
  0
LINE
  8
0
 10
-4.48274
 20
1.46085
 11
-4.48131
 21
1.45778
  0
LINE
  8
0
 10
-4.48131
 20
1.45778
 11
-4.48
 21
1.45467
  0
LINE
  8
0
 10
-4.48
 20
1.45467
 11
-4.47881
 21
1.45149
  0
LINE
  8
0
 10
-4.47881
 20
1.45149
 11
-4.47777
 21
1.44827
  0
LINE
  8
0
 10
-4.47777
 20
1.44827
 11
-4.47685
 21
1.44502
  0
LINE
  8
0
 10
-4.47685
 20
1.44502
 11
-4.47609
 21
1.44173
  0
LINE
  8
0
 10
-4.47609
 20
1.44173
 11
-4.47545
 21
1.43842
  0
LINE
  8
0
 10
-4.47545
 20
1.43842
 11
-4.47496
 21
1.43507
  0
LINE
  8
0
 10
-4.47496
 20
1.43507
 11
-4.47461
 21
1.4317
  0
LINE
  8
0
 10
-4.47461
 20
1.4317
 11
-4.4744
 21
1.42833
  0
LINE
  8
0
 10
-4.4744
 20
1.42833
 11
-4.47432
 21
1.42496
  0
LINE
  8
0
 10
-4.47432
 20
1.42496
 11
-4.4744
 21
1.42157
  0
LINE
  8
0
 10
-4.4744
 20
1.42157
 11
-4.47461
 21
1.4182
  0
LINE
  8
0
 10
-4.47461
 20
1.4182
 11
-4.47496
 21
1.41484
  0
LINE
  8
0
 10
-4.47496
 20
1.41484
 11
-4.47545
 21
1.4115
  0
LINE
  8
0
 10
-4.47545
 20
1.4115
 11
-4.47609
 21
1.40817
  0
LINE
  8
0
 10
-4.47609
 20
1.40817
 11
-4.47685
 21
1.40488
  0
LINE
  8
0
 10
-4.47685
 20
1.40488
 11
-4.47777
 21
1.40163
  0
LINE
  8
0
 10
-4.47777
 20
1.40163
 11
-4.47881
 21
1.39841
  0
LINE
  8
0
 10
-4.47881
 20
1.39841
 11
-4.48
 21
1.39525
  0
LINE
  8
0
 10
-4.48
 20
1.39525
 11
-4.48131
 21
1.39212
  0
LINE
  8
0
 10
-4.48131
 20
1.39212
 11
-4.48274
 21
1.38907
  0
LINE
  8
0
 10
-4.48274
 20
1.38907
 11
-4.48431
 21
1.38608
  0
LINE
  8
0
 10
-4.48431
 20
1.38608
 11
-4.48599
 21
1.38315
  0
LINE
  8
0
 10
-4.48599
 20
1.38315
 11
-4.48781
 21
1.38029
  0
LINE
  8
0
 10
-4.48781
 20
1.38029
 11
-4.48973
 21
1.37752
  0
LINE
  8
0
 10
-4.48973
 20
1.37752
 11
-4.49178
 21
1.37482
  0
LINE
  8
0
 10
-4.49178
 20
1.37482
 11
-4.49394
 21
1.37222
  0
LINE
  8
0
 10
-4.49394
 20
1.37222
 11
-4.4962
 21
1.36971
  0
LINE
  8
0
 10
-4.4962
 20
1.36971
 11
-4.49857
 21
1.36729
  0
LINE
  8
0
 10
-4.49857
 20
1.36729
 11
-4.50102
 21
1.36497
  0
LINE
  8
0
 10
-4.50102
 20
1.36497
 11
-4.50359
 21
1.36276
  0
LINE
  8
0
 10
-4.50359
 20
1.36276
 11
-4.50624
 21
1.36067
  0
LINE
  8
0
 10
-4.50624
 20
1.36067
 11
-4.50897
 21
1.35867
  0
LINE
  8
0
 10
-4.50897
 20
1.35867
 11
-4.51178
 21
1.35681
  0
LINE
  8
0
 10
-4.51178
 20
1.35681
 11
-4.51468
 21
1.35506
  0
LINE
  8
0
 10
-4.51468
 20
1.35506
 11
-4.51764
 21
1.35342
  0
LINE
  8
0
 10
-4.51764
 20
1.35342
 11
-4.52068
 21
1.35193
  0
LINE
  8
0
 10
-4.52068
 20
1.35193
 11
-4.52376
 21
1.35056
  0
LINE
  8
0
 10
-4.52376
 20
1.35056
 11
-4.5269
 21
1.3493
  0
LINE
  8
0
 10
-4.5269
 20
1.3493
 11
-4.53009
 21
1.34819
  0
LINE
  8
0
 10
-4.53009
 20
1.34819
 11
-4.53333
 21
1.34721
  0
LINE
  8
0
 10
-4.53333
 20
1.34721
 11
-4.53661
 21
1.34637
  0
LINE
  8
0
 10
-4.53661
 20
1.34637
 11
-4.5399
 21
1.34567
  0
LINE
  8
0
 10
-4.5399
 20
1.34567
 11
-4.54324
 21
1.34511
  0
LINE
  8
0
 10
-4.54324
 20
1.34511
 11
-4.5466
 21
1.34468
  0
LINE
  8
0
 10
-4.5466
 20
1.34468
 11
-4.54996
 21
1.34441
  0
LINE
  8
0
 10
-4.54996
 20
1.34441
 11
-4.55334
 21
1.34427
  0
LINE
  8
0
 10
-4.55334
 20
1.34427
 11
-4.55672
 21
1.34427
  0
LINE
  8
0
 10
-5.18665
 20
1.34427
 11
-5.19002
 21
1.34441
  0
LINE
  8
0
 10
-5.19002
 20
1.34441
 11
-5.19339
 21
1.34468
  0
LINE
  8
0
 10
-5.19339
 20
1.34468
 11
-5.19675
 21
1.34511
  0
LINE
  8
0
 10
-5.19675
 20
1.34511
 11
-5.20007
 21
1.34567
  0
LINE
  8
0
 10
-5.20007
 20
1.34567
 11
-5.20338
 21
1.34637
  0
LINE
  8
0
 10
-5.20338
 20
1.34637
 11
-5.20665
 21
1.34721
  0
LINE
  8
0
 10
-5.20665
 20
1.34721
 11
-5.2099
 21
1.34819
  0
LINE
  8
0
 10
-5.2099
 20
1.34819
 11
-5.21309
 21
1.3493
  0
LINE
  8
0
 10
-5.21309
 20
1.3493
 11
-5.21623
 21
1.35056
  0
LINE
  8
0
 10
-5.21623
 20
1.35056
 11
-5.21931
 21
1.35193
  0
LINE
  8
0
 10
-5.21931
 20
1.35193
 11
-5.22235
 21
1.35342
  0
LINE
  8
0
 10
-5.22235
 20
1.35342
 11
-5.22531
 21
1.35506
  0
LINE
  8
0
 10
-5.22531
 20
1.35506
 11
-5.2282
 21
1.35681
  0
LINE
  8
0
 10
-5.2282
 20
1.35681
 11
-5.23102
 21
1.35867
  0
LINE
  8
0
 10
-5.23102
 20
1.35867
 11
-5.23375
 21
1.36067
  0
LINE
  8
0
 10
-5.23375
 20
1.36067
 11
-5.2364
 21
1.36276
  0
LINE
  8
0
 10
-5.2364
 20
1.36276
 11
-5.23895
 21
1.36497
  0
LINE
  8
0
 10
-5.23895
 20
1.36497
 11
-5.24142
 21
1.36729
  0
LINE
  8
0
 10
-5.24142
 20
1.36729
 11
-5.24379
 21
1.36971
  0
LINE
  8
0
 10
-5.24379
 20
1.36971
 11
-5.24605
 21
1.37222
  0
LINE
  8
0
 10
-5.24605
 20
1.37222
 11
-5.2482
 21
1.37482
  0
LINE
  8
0
 10
-5.2482
 20
1.37482
 11
-5.25024
 21
1.37752
  0
LINE
  8
0
 10
-5.25024
 20
1.37752
 11
-5.25218
 21
1.38029
  0
LINE
  8
0
 10
-5.25218
 20
1.38029
 11
-5.25398
 21
1.38315
  0
LINE
  8
0
 10
-5.25398
 20
1.38315
 11
-5.25568
 21
1.38608
  0
LINE
  8
0
 10
-5.25568
 20
1.38608
 11
-5.25725
 21
1.38907
  0
LINE
  8
0
 10
-5.25725
 20
1.38907
 11
-5.25868
 21
1.39212
  0
LINE
  8
0
 10
-5.25868
 20
1.39212
 11
-5.25999
 21
1.39525
  0
LINE
  8
0
 10
-5.25999
 20
1.39525
 11
-5.26117
 21
1.39841
  0
LINE
  8
0
 10
-5.26117
 20
1.39841
 11
-5.26222
 21
1.40163
  0
LINE
  8
0
 10
-5.26222
 20
1.40163
 11
-5.26312
 21
1.40488
  0
LINE
  8
0
 10
-5.26312
 20
1.40488
 11
-5.2639
 21
1.40817
  0
LINE
  8
0
 10
-5.2639
 20
1.40817
 11
-5.26453
 21
1.4115
  0
LINE
  8
0
 10
-5.26453
 20
1.4115
 11
-5.26503
 21
1.41484
  0
LINE
  8
0
 10
-5.26503
 20
1.41484
 11
-5.26538
 21
1.4182
  0
LINE
  8
0
 10
-5.26538
 20
1.4182
 11
-5.26559
 21
1.42157
  0
LINE
  8
0
 10
-5.26559
 20
1.42157
 11
-5.26566
 21
1.42496
  0
LINE
  8
0
 10
-5.26566
 20
1.42496
 11
-5.26559
 21
1.42833
  0
LINE
  8
0
 10
-5.26559
 20
1.42833
 11
-5.26538
 21
1.4317
  0
LINE
  8
0
 10
-5.26538
 20
1.4317
 11
-5.26503
 21
1.43507
  0
LINE
  8
0
 10
-5.26503
 20
1.43507
 11
-5.26453
 21
1.43842
  0
LINE
  8
0
 10
-5.26453
 20
1.43842
 11
-5.2639
 21
1.44173
  0
LINE
  8
0
 10
-5.2639
 20
1.44173
 11
-5.26312
 21
1.44502
  0
LINE
  8
0
 10
-5.26312
 20
1.44502
 11
-5.26222
 21
1.44827
  0
LINE
  8
0
 10
-5.26222
 20
1.44827
 11
-5.26117
 21
1.45149
  0
LINE
  8
0
 10
-5.26117
 20
1.45149
 11
-5.25999
 21
1.45467
  0
LINE
  8
0
 10
-5.25999
 20
1.45467
 11
-5.25868
 21
1.45778
  0
LINE
  8
0
 10
-5.25868
 20
1.45778
 11
-5.25725
 21
1.46085
  0
LINE
  8
0
 10
-5.25725
 20
1.46085
 11
-5.25568
 21
1.46384
  0
LINE
  8
0
 10
-5.25568
 20
1.46384
 11
-5.25398
 21
1.46677
  0
LINE
  8
0
 10
-5.25398
 20
1.46677
 11
-5.25218
 21
1.46962
  0
LINE
  8
0
 10
-5.25218
 20
1.46962
 11
-5.25024
 21
1.4724
  0
LINE
  8
0
 10
-5.25024
 20
1.4724
 11
-5.2482
 21
1.47508
  0
LINE
  8
0
 10
-5.2482
 20
1.47508
 11
-5.24605
 21
1.47769
  0
LINE
  8
0
 10
-5.24605
 20
1.47769
 11
-5.24379
 21
1.48019
  0
LINE
  8
0
 10
-5.24379
 20
1.48019
 11
-5.24142
 21
1.48262
  0
LINE
  8
0
 10
-5.24142
 20
1.48262
 11
-5.23895
 21
1.48492
  0
LINE
  8
0
 10
-5.23895
 20
1.48492
 11
-5.2364
 21
1.48714
  0
LINE
  8
0
 10
-5.2364
 20
1.48714
 11
-5.23375
 21
1.48924
  0
LINE
  8
0
 10
-5.23375
 20
1.48924
 11
-5.23102
 21
1.49123
  0
LINE
  8
0
 10
-5.23102
 20
1.49123
 11
-5.2282
 21
1.4931
  0
LINE
  8
0
 10
-5.2282
 20
1.4931
 11
-5.22531
 21
1.49484
  0
LINE
  8
0
 10
-5.22531
 20
1.49484
 11
-5.22235
 21
1.49648
  0
LINE
  8
0
 10
-5.22235
 20
1.49648
 11
-5.21931
 21
1.49799
  0
LINE
  8
0
 10
-5.21931
 20
1.49799
 11
-5.21623
 21
1.49936
  0
LINE
  8
0
 10
-5.21623
 20
1.49936
 11
-5.21309
 21
1.5006
  0
LINE
  8
0
 10
-5.21309
 20
1.5006
 11
-5.2099
 21
1.50171
  0
LINE
  8
0
 10
-5.2099
 20
1.50171
 11
-5.20665
 21
1.50269
  0
LINE
  8
0
 10
-5.20665
 20
1.50269
 11
-5.20338
 21
1.50352
  0
LINE
  8
0
 10
-5.20338
 20
1.50352
 11
-5.20007
 21
1.50423
  0
LINE
  8
0
 10
-5.20007
 20
1.50423
 11
-5.19675
 21
1.50479
  0
LINE
  8
0
 10
-5.19675
 20
1.50479
 11
-5.19339
 21
1.50522
  0
LINE
  8
0
 10
-5.19339
 20
1.50522
 11
-5.19002
 21
1.50551
  0
LINE
  8
0
 10
-5.19002
 20
1.50551
 11
-5.18665
 21
1.50565
  0
LINE
  8
0
 10
-5.18665
 20
1.50565
 11
-5.18326
 21
1.50565
  0
LINE
  8
0
 10
-5.18326
 20
1.50565
 11
-5.17989
 21
1.50551
  0
LINE
  8
0
 10
-5.17989
 20
1.50551
 11
-5.17651
 21
1.50522
  0
LINE
  8
0
 10
-5.17651
 20
1.50522
 11
-5.17316
 21
1.50479
  0
LINE
  8
0
 10
-5.17316
 20
1.50479
 11
-5.16983
 21
1.50423
  0
LINE
  8
0
 10
-5.16983
 20
1.50423
 11
-5.16652
 21
1.50352
  0
LINE
  8
0
 10
-5.16652
 20
1.50352
 11
-5.16325
 21
1.50269
  0
LINE
  8
0
 10
-5.16325
 20
1.50269
 11
-5.16002
 21
1.50171
  0
LINE
  8
0
 10
-5.16002
 20
1.50171
 11
-5.15681
 21
1.5006
  0
LINE
  8
0
 10
-5.15681
 20
1.5006
 11
-5.15367
 21
1.49936
  0
LINE
  8
0
 10
-5.15367
 20
1.49936
 11
-5.15059
 21
1.49799
  0
LINE
  8
0
 10
-5.15059
 20
1.49799
 11
-5.14757
 21
1.49648
  0
LINE
  8
0
 10
-5.14757
 20
1.49648
 11
-5.14459
 21
1.49484
  0
LINE
  8
0
 10
-5.14459
 20
1.49484
 11
-5.14171
 21
1.4931
  0
LINE
  8
0
 10
-5.14171
 20
1.4931
 11
-5.13889
 21
1.49123
  0
LINE
  8
0
 10
-5.13889
 20
1.49123
 11
-5.13615
 21
1.48924
  0
LINE
  8
0
 10
-5.13615
 20
1.48924
 11
-5.13351
 21
1.48714
  0
LINE
  8
0
 10
-5.13351
 20
1.48714
 11
-5.13095
 21
1.48492
  0
LINE
  8
0
 10
-5.13095
 20
1.48492
 11
-5.12848
 21
1.48262
  0
LINE
  8
0
 10
-5.12848
 20
1.48262
 11
-5.12611
 21
1.48019
  0
LINE
  8
0
 10
-5.12611
 20
1.48019
 11
-5.12386
 21
1.47769
  0
LINE
  8
0
 10
-5.12386
 20
1.47769
 11
-5.1217
 21
1.47508
  0
LINE
  8
0
 10
-5.1217
 20
1.47508
 11
-5.11966
 21
1.4724
  0
LINE
  8
0
 10
-5.11966
 20
1.4724
 11
-5.11772
 21
1.46962
  0
LINE
  8
0
 10
-5.11772
 20
1.46962
 11
-5.11592
 21
1.46677
  0
LINE
  8
0
 10
-5.11592
 20
1.46677
 11
-5.11423
 21
1.46384
  0
LINE
  8
0
 10
-5.11423
 20
1.46384
 11
-5.11266
 21
1.46085
  0
LINE
  8
0
 10
-5.11266
 20
1.46085
 11
-5.11122
 21
1.45778
  0
LINE
  8
0
 10
-5.11122
 20
1.45778
 11
-5.10991
 21
1.45467
  0
LINE
  8
0
 10
-5.10991
 20
1.45467
 11
-5.10873
 21
1.45149
  0
LINE
  8
0
 10
-5.10873
 20
1.45149
 11
-5.10768
 21
1.44827
  0
LINE
  8
0
 10
-5.10768
 20
1.44827
 11
-5.10678
 21
1.44502
  0
LINE
  8
0
 10
-5.10678
 20
1.44502
 11
-5.106
 21
1.44173
  0
LINE
  8
0
 10
-5.106
 20
1.44173
 11
-5.10538
 21
1.43842
  0
LINE
  8
0
 10
-5.10538
 20
1.43842
 11
-5.10487
 21
1.43507
  0
LINE
  8
0
 10
-5.10487
 20
1.43507
 11
-5.10452
 21
1.4317
  0
LINE
  8
0
 10
-5.10452
 20
1.4317
 11
-5.10431
 21
1.42833
  0
LINE
  8
0
 10
-5.10431
 20
1.42833
 11
-5.10425
 21
1.42496
  0
LINE
  8
0
 10
-5.10425
 20
1.42496
 11
-5.10431
 21
1.42157
  0
LINE
  8
0
 10
-5.10431
 20
1.42157
 11
-5.10452
 21
1.4182
  0
LINE
  8
0
 10
-5.10452
 20
1.4182
 11
-5.10487
 21
1.41484
  0
LINE
  8
0
 10
-5.10487
 20
1.41484
 11
-5.10538
 21
1.4115
  0
LINE
  8
0
 10
-5.10538
 20
1.4115
 11
-5.106
 21
1.40817
  0
LINE
  8
0
 10
-5.106
 20
1.40817
 11
-5.10678
 21
1.40488
  0
LINE
  8
0
 10
-5.10678
 20
1.40488
 11
-5.10768
 21
1.40163
  0
LINE
  8
0
 10
-5.10768
 20
1.40163
 11
-5.10873
 21
1.39841
  0
LINE
  8
0
 10
-5.10873
 20
1.39841
 11
-5.10991
 21
1.39525
  0
LINE
  8
0
 10
-5.10991
 20
1.39525
 11
-5.11122
 21
1.39212
  0
LINE
  8
0
 10
-5.11122
 20
1.39212
 11
-5.11266
 21
1.38907
  0
LINE
  8
0
 10
-5.11266
 20
1.38907
 11
-5.11423
 21
1.38608
  0
LINE
  8
0
 10
-5.11423
 20
1.38608
 11
-5.11592
 21
1.38315
  0
LINE
  8
0
 10
-5.11592
 20
1.38315
 11
-5.11772
 21
1.38029
  0
LINE
  8
0
 10
-5.11772
 20
1.38029
 11
-5.11966
 21
1.37752
  0
LINE
  8
0
 10
-5.11966
 20
1.37752
 11
-5.1217
 21
1.37482
  0
LINE
  8
0
 10
-5.1217
 20
1.37482
 11
-5.12386
 21
1.37222
  0
LINE
  8
0
 10
-5.12386
 20
1.37222
 11
-5.12611
 21
1.36971
  0
LINE
  8
0
 10
-5.12611
 20
1.36971
 11
-5.12848
 21
1.36729
  0
LINE
  8
0
 10
-5.12848
 20
1.36729
 11
-5.13095
 21
1.36497
  0
LINE
  8
0
 10
-5.13095
 20
1.36497
 11
-5.13351
 21
1.36276
  0
LINE
  8
0
 10
-5.13351
 20
1.36276
 11
-5.13615
 21
1.36067
  0
LINE
  8
0
 10
-5.13615
 20
1.36067
 11
-5.13889
 21
1.35867
  0
LINE
  8
0
 10
-5.13889
 20
1.35867
 11
-5.14171
 21
1.35681
  0
LINE
  8
0
 10
-5.14171
 20
1.35681
 11
-5.14459
 21
1.35506
  0
LINE
  8
0
 10
-5.14459
 20
1.35506
 11
-5.14757
 21
1.35342
  0
LINE
  8
0
 10
-5.14757
 20
1.35342
 11
-5.15059
 21
1.35193
  0
LINE
  8
0
 10
-5.15059
 20
1.35193
 11
-5.15367
 21
1.35056
  0
LINE
  8
0
 10
-5.15367
 20
1.35056
 11
-5.15681
 21
1.3493
  0
LINE
  8
0
 10
-5.15681
 20
1.3493
 11
-5.16002
 21
1.34819
  0
LINE
  8
0
 10
-5.16002
 20
1.34819
 11
-5.16325
 21
1.34721
  0
LINE
  8
0
 10
-5.16325
 20
1.34721
 11
-5.16652
 21
1.34637
  0
LINE
  8
0
 10
-5.16652
 20
1.34637
 11
-5.16983
 21
1.34567
  0
LINE
  8
0
 10
-5.16983
 20
1.34567
 11
-5.17316
 21
1.34511
  0
LINE
  8
0
 10
-5.17316
 20
1.34511
 11
-5.17651
 21
1.34468
  0
LINE
  8
0
 10
-5.17651
 20
1.34468
 11
-5.17989
 21
1.34441
  0
LINE
  8
0
 10
-5.17989
 20
1.34441
 11
-5.18326
 21
1.34427
  0
LINE
  8
0
 10
-5.18326
 20
1.34427
 11
-5.18665
 21
1.34427
  0
LINE
  8
0
 10
-4.87584
 20
0.830521
 11
-4.88754
 21
0.831024
  0
LINE
  8
0
 10
-4.88754
 20
0.831024
 11
-4.89922
 21
0.832001
  0
LINE
  8
0
 10
-4.89922
 20
0.832001
 11
-4.91083
 21
0.833466
  0
LINE
  8
0
 10
-4.91083
 20
0.833466
 11
-4.92236
 21
0.835419
  0
LINE
  8
0
 10
-4.92236
 20
0.835419
 11
-4.93382
 21
0.837845
  0
LINE
  8
0
 10
-4.93382
 20
0.837845
 11
-4.94516
 21
0.840759
  0
LINE
  8
0
 10
-4.94516
 20
0.840759
 11
-4.95638
 21
0.844147
  0
LINE
  8
0
 10
-4.95638
 20
0.844147
 11
-4.96742
 21
0.847992
  0
LINE
  8
0
 10
-4.96742
 20
0.847992
 11
-4.97832
 21
0.85231
  0
LINE
  8
0
 10
-4.97832
 20
0.85231
 11
-4.98901
 21
0.857071
  0
LINE
  8
0
 10
-4.98901
 20
0.857071
 11
-4.9995
 21
0.862274
  0
LINE
  8
0
 10
-4.9995
 20
0.862274
 11
-5.00975
 21
0.86792
  0
LINE
  8
0
 10
-5.00975
 20
0.86792
 11
-5.01978
 21
0.873978
  0
LINE
  8
0
 10
-5.01978
 20
0.873978
 11
-5.02953
 21
0.880463
  0
LINE
  8
0
 10
-5.02953
 20
0.880463
 11
-5.039
 21
0.887344
  0
LINE
  8
0
 10
-5.039
 20
0.887344
 11
-5.04817
 21
0.894608
  0
LINE
  8
0
 10
-5.04817
 20
0.894608
 11
-5.05704
 21
0.902267
  0
LINE
  8
0
 10
-5.05704
 20
0.902267
 11
-5.06557
 21
0.910278
  0
LINE
  8
0
 10
-5.06557
 20
0.910278
 11
-5.07376
 21
0.91864
  0
LINE
  8
0
 10
-5.07376
 20
0.91864
 11
-5.08159
 21
0.927338
  0
LINE
  8
0
 10
-5.08159
 20
0.927338
 11
-5.08905
 21
0.936371
  0
LINE
  8
0
 10
-5.08905
 20
0.936371
 11
-5.09613
 21
0.945694
  0
LINE
  8
0
 10
-5.09613
 20
0.945694
 11
-5.10281
 21
0.955307
  0
LINE
  8
0
 10
-5.10281
 20
0.955307
 11
-5.10909
 21
0.965195
  0
LINE
  8
0
 10
-5.10909
 20
0.965195
 11
-5.11494
 21
0.975327
  0
LINE
  8
0
 10
-5.11494
 20
0.975327
 11
-5.12036
 21
0.985703
  0
LINE
  8
0
 10
-5.12036
 20
0.985703
 11
-5.12535
 21
0.996292
  0
LINE
  8
0
 10
-5.12535
 20
0.996292
 11
-5.12988
 21
1.0071
  0
LINE
  8
0
 10
-5.12988
 20
1.0071
 11
-5.13397
 21
1.01807
  0
LINE
  8
0
 10
-5.13397
 20
1.01807
 11
-5.13759
 21
1.02921
  0
LINE
  8
0
 10
-5.13759
 20
1.02921
 11
-5.14073
 21
1.04048
  0
LINE
  8
0
 10
-5.14073
 20
1.04048
 11
-5.14342
 21
1.05188
  0
LINE
  8
0
 10
-5.14342
 20
1.05188
 11
-5.1456
 21
1.06337
  0
LINE
  8
0
 10
-5.1456
 20
1.06337
 11
-5.14731
 21
1.07497
  0
LINE
  8
0
 10
-5.14731
 20
1.07497
 11
-5.14854
 21
1.08661
  0
LINE
  8
0
 10
-5.14854
 20
1.08661
 11
-5.14928
 21
1.09828
  0
LINE
  8
0
 10
-5.14928
 20
1.09828
 11
-5.14952
 21
1.10999
  0
LINE
  8
0
 10
-5.14952
 20
1.10999
 11
-5.14928
 21
1.1217
  0
LINE
  8
0
 10
-5.14928
 20
1.1217
 11
-5.14854
 21
1.13338
  0
LINE
  8
0
 10
-5.14854
 20
1.13338
 11
-5.14731
 21
1.14502
  0
LINE
  8
0
 10
-5.14731
 20
1.14502
 11
-5.1456
 21
1.1566
  0
LINE
  8
0
 10
-5.1456
 20
1.1566
 11
-5.14342
 21
1.16811
  0
LINE
  8
0
 10
-5.14342
 20
1.16811
 11
-5.14073
 21
1.1795
  0
LINE
  8
0
 10
-5.14073
 20
1.1795
 11
-5.13759
 21
1.19078
  0
LINE
  8
0
 10
-5.13759
 20
1.19078
 11
-5.13397
 21
1.20192
  0
LINE
  8
0
 10
-5.13397
 20
1.20192
 11
-5.12988
 21
1.21289
  0
LINE
  8
0
 10
-5.12988
 20
1.21289
 11
-5.12535
 21
1.22368
  0
LINE
  8
0
 10
-5.12535
 20
1.22368
 11
-5.12036
 21
1.23428
  0
LINE
  8
0
 10
-5.12036
 20
1.23428
 11
-5.11494
 21
1.24466
  0
LINE
  8
0
 10
-5.11494
 20
1.24466
 11
-5.10909
 21
1.25479
  0
LINE
  8
0
 10
-5.10909
 20
1.25479
 11
-5.10281
 21
1.26468
  0
LINE
  8
0
 10
-5.10281
 20
1.26468
 11
-5.09613
 21
1.27429
  0
LINE
  8
0
 10
-5.09613
 20
1.27429
 11
-5.08905
 21
1.28362
  0
LINE
  8
0
 10
-5.08905
 20
1.28362
 11
-5.08159
 21
1.29265
  0
LINE
  8
0
 10
-5.08159
 20
1.29265
 11
-5.07376
 21
1.30135
  0
LINE
  8
0
 10
-5.07376
 20
1.30135
 11
-5.06557
 21
1.30971
  0
LINE
  8
0
 10
-5.06557
 20
1.30971
 11
-5.05704
 21
1.31772
  0
LINE
  8
0
 10
-5.05704
 20
1.31772
 11
-5.04817
 21
1.32538
  0
LINE
  8
0
 10
-5.04817
 20
1.32538
 11
-5.039
 21
1.33264
  0
LINE
  8
0
 10
-5.039
 20
1.33264
 11
-5.02953
 21
1.33952
  0
LINE
  8
0
 10
-5.02953
 20
1.33952
 11
-5.01978
 21
1.34601
  0
LINE
  8
0
 10
-5.01978
 20
1.34601
 11
-5.00975
 21
1.35207
  0
LINE
  8
0
 10
-5.00975
 20
1.35207
 11
-4.9995
 21
1.35771
  0
LINE
  8
0
 10
-4.9995
 20
1.35771
 11
-4.98901
 21
1.36292
  0
LINE
  8
0
 10
-4.98901
 20
1.36292
 11
-4.97832
 21
1.36768
  0
LINE
  8
0
 10
-4.97832
 20
1.36768
 11
-4.96742
 21
1.37199
  0
LINE
  8
0
 10
-4.96742
 20
1.37199
 11
-4.95638
 21
1.37584
  0
LINE
  8
0
 10
-4.95638
 20
1.37584
 11
-4.94516
 21
1.37923
  0
LINE
  8
0
 10
-4.94516
 20
1.37923
 11
-4.93382
 21
1.38214
  0
LINE
  8
0
 10
-4.93382
 20
1.38214
 11
-4.92236
 21
1.38457
  0
LINE
  8
0
 10
-4.92236
 20
1.38457
 11
-4.91083
 21
1.38652
  0
LINE
  8
0
 10
-4.91083
 20
1.38652
 11
-4.89922
 21
1.38799
  0
LINE
  8
0
 10
-4.89922
 20
1.38799
 11
-4.88754
 21
1.38896
  0
LINE
  8
0
 10
-4.88754
 20
1.38896
 11
-4.87584
 21
1.38947
  0
LINE
  8
0
 10
-4.87584
 20
1.38947
 11
-4.86414
 21
1.38947
  0
LINE
  8
0
 10
-4.86414
 20
1.38947
 11
-4.85245
 21
1.38896
  0
LINE
  8
0
 10
-4.85245
 20
1.38896
 11
-4.84077
 21
1.38799
  0
LINE
  8
0
 10
-4.84077
 20
1.38799
 11
-4.82916
 21
1.38652
  0
LINE
  8
0
 10
-4.82916
 20
1.38652
 11
-4.81761
 21
1.38457
  0
LINE
  8
0
 10
-4.81761
 20
1.38457
 11
-4.80617
 21
1.38214
  0
LINE
  8
0
 10
-4.80617
 20
1.38214
 11
-4.79483
 21
1.37923
  0
LINE
  8
0
 10
-4.79483
 20
1.37923
 11
-4.78362
 21
1.37584
  0
LINE
  8
0
 10
-4.78362
 20
1.37584
 11
-4.77255
 21
1.37199
  0
LINE
  8
0
 10
-4.77255
 20
1.37199
 11
-4.76167
 21
1.36768
  0
LINE
  8
0
 10
-4.76167
 20
1.36768
 11
-4.75098
 21
1.36292
  0
LINE
  8
0
 10
-4.75098
 20
1.36292
 11
-4.74049
 21
1.35771
  0
LINE
  8
0
 10
-4.74049
 20
1.35771
 11
-4.73022
 21
1.35207
  0
LINE
  8
0
 10
-4.73022
 20
1.35207
 11
-4.72021
 21
1.34601
  0
LINE
  8
0
 10
-4.72021
 20
1.34601
 11
-4.71046
 21
1.33952
  0
LINE
  8
0
 10
-4.71046
 20
1.33952
 11
-4.70099
 21
1.33264
  0
LINE
  8
0
 10
-4.70099
 20
1.33264
 11
-4.69182
 21
1.32538
  0
LINE
  8
0
 10
-4.69182
 20
1.32538
 11
-4.68295
 21
1.31772
  0
LINE
  8
0
 10
-4.68295
 20
1.31772
 11
-4.67442
 21
1.30971
  0
LINE
  8
0
 10
-4.67442
 20
1.30971
 11
-4.66623
 21
1.30135
  0
LINE
  8
0
 10
-4.66623
 20
1.30135
 11
-4.65839
 21
1.29265
  0
LINE
  8
0
 10
-4.65839
 20
1.29265
 11
-4.65092
 21
1.28362
  0
LINE
  8
0
 10
-4.65092
 20
1.28362
 11
-4.64384
 21
1.27429
  0
LINE
  8
0
 10
-4.64384
 20
1.27429
 11
-4.63716
 21
1.26468
  0
LINE
  8
0
 10
-4.63716
 20
1.26468
 11
-4.63089
 21
1.25479
  0
LINE
  8
0
 10
-4.63089
 20
1.25479
 11
-4.62505
 21
1.24466
  0
LINE
  8
0
 10
-4.62505
 20
1.24466
 11
-4.61961
 21
1.23428
  0
LINE
  8
0
 10
-4.61961
 20
1.23428
 11
-4.61464
 21
1.22368
  0
LINE
  8
0
 10
-4.61464
 20
1.22368
 11
-4.61009
 21
1.21289
  0
LINE
  8
0
 10
-4.61009
 20
1.21289
 11
-4.60602
 21
1.20192
  0
LINE
  8
0
 10
-4.60602
 20
1.20192
 11
-4.6024
 21
1.19078
  0
LINE
  8
0
 10
-4.6024
 20
1.19078
 11
-4.59924
 21
1.1795
  0
LINE
  8
0
 10
-4.59924
 20
1.1795
 11
-4.59657
 21
1.16811
  0
LINE
  8
0
 10
-4.59657
 20
1.16811
 11
-4.59438
 21
1.1566
  0
LINE
  8
0
 10
-4.59438
 20
1.1566
 11
-4.59267
 21
1.14502
  0
LINE
  8
0
 10
-4.59267
 20
1.14502
 11
-4.59145
 21
1.13338
  0
LINE
  8
0
 10
-4.59145
 20
1.13338
 11
-4.59071
 21
1.1217
  0
LINE
  8
0
 10
-4.59071
 20
1.1217
 11
-4.59047
 21
1.10999
  0
LINE
  8
0
 10
-4.59047
 20
1.10999
 11
-4.59071
 21
1.09828
  0
LINE
  8
0
 10
-4.59071
 20
1.09828
 11
-4.59145
 21
1.08661
  0
LINE
  8
0
 10
-4.59145
 20
1.08661
 11
-4.59267
 21
1.07497
  0
LINE
  8
0
 10
-4.59267
 20
1.07497
 11
-4.59438
 21
1.06337
  0
LINE
  8
0
 10
-4.59438
 20
1.06337
 11
-4.59657
 21
1.05188
  0
LINE
  8
0
 10
-4.59657
 20
1.05188
 11
-4.59924
 21
1.04048
  0
LINE
  8
0
 10
-4.59924
 20
1.04048
 11
-4.6024
 21
1.02921
  0
LINE
  8
0
 10
-4.6024
 20
1.02921
 11
-4.60602
 21
1.01807
  0
LINE
  8
0
 10
-4.60602
 20
1.01807
 11
-4.61009
 21
1.0071
  0
LINE
  8
0
 10
-4.61009
 20
1.0071
 11
-4.61464
 21
0.996292
  0
LINE
  8
0
 10
-4.61464
 20
0.996292
 11
-4.61961
 21
0.985703
  0
LINE
  8
0
 10
-4.61961
 20
0.985703
 11
-4.62505
 21
0.975327
  0
LINE
  8
0
 10
-4.62505
 20
0.975327
 11
-4.63089
 21
0.965195
  0
LINE
  8
0
 10
-4.63089
 20
0.965195
 11
-4.63716
 21
0.955307
  0
LINE
  8
0
 10
-4.63716
 20
0.955307
 11
-4.64384
 21
0.945694
  0
LINE
  8
0
 10
-4.64384
 20
0.945694
 11
-4.65092
 21
0.936371
  0
LINE
  8
0
 10
-4.65092
 20
0.936371
 11
-4.65839
 21
0.927338
  0
LINE
  8
0
 10
-4.65839
 20
0.927338
 11
-4.66623
 21
0.91864
  0
LINE
  8
0
 10
-4.66623
 20
0.91864
 11
-4.67442
 21
0.910278
  0
LINE
  8
0
 10
-4.67442
 20
0.910278
 11
-4.68295
 21
0.902267
  0
LINE
  8
0
 10
-4.68295
 20
0.902267
 11
-4.69182
 21
0.894608
  0
LINE
  8
0
 10
-4.69182
 20
0.894608
 11
-4.70099
 21
0.887344
  0
LINE
  8
0
 10
-4.70099
 20
0.887344
 11
-4.71046
 21
0.880463
  0
LINE
  8
0
 10
-4.71046
 20
0.880463
 11
-4.72021
 21
0.873978
  0
LINE
  8
0
 10
-4.72021
 20
0.873978
 11
-4.73022
 21
0.86792
  0
LINE
  8
0
 10
-4.73022
 20
0.86792
 11
-4.74049
 21
0.862274
  0
LINE
  8
0
 10
-4.74049
 20
0.862274
 11
-4.75098
 21
0.857071
  0
LINE
  8
0
 10
-4.75098
 20
0.857071
 11
-4.76167
 21
0.85231
  0
LINE
  8
0
 10
-4.76167
 20
0.85231
 11
-4.77255
 21
0.847992
  0
LINE
  8
0
 10
-4.77255
 20
0.847992
 11
-4.78362
 21
0.844147
  0
LINE
  8
0
 10
-4.78362
 20
0.844147
 11
-4.79483
 21
0.840759
  0
LINE
  8
0
 10
-4.79483
 20
0.840759
 11
-4.80617
 21
0.837845
  0
LINE
  8
0
 10
-4.80617
 20
0.837845
 11
-4.81761
 21
0.835419
  0
LINE
  8
0
 10
-4.81761
 20
0.835419
 11
-4.82916
 21
0.833466
  0
LINE
  8
0
 10
-4.82916
 20
0.833466
 11
-4.84077
 21
0.832001
  0
LINE
  8
0
 10
-4.84077
 20
0.832001
 11
-4.85245
 21
0.831024
  0
LINE
  8
0
 10
-4.85245
 20
0.831024
 11
-4.86414
 21
0.830521
  0
LINE
  8
0
 10
-4.86414
 20
0.830521
 11
-4.87584
 21
0.830521
  0
LINE
  8
0
 10
-6.45837
 20
1.17914
 11
-6.46176
 21
1.17929
  0
LINE
  8
0
 10
-6.46176
 20
1.17929
 11
-6.46512
 21
1.17957
  0
LINE
  8
0
 10
-6.46512
 20
1.17957
 11
-6.46848
 21
1.17999
  0
LINE
  8
0
 10
-6.46848
 20
1.17999
 11
-6.47182
 21
1.18056
  0
LINE
  8
0
 10
-6.47182
 20
1.18056
 11
-6.47511
 21
1.18126
  0
LINE
  8
0
 10
-6.47511
 20
1.18126
 11
-6.47839
 21
1.1821
  0
LINE
  8
0
 10
-6.47839
 20
1.1821
 11
-6.48163
 21
1.18307
  0
LINE
  8
0
 10
-6.48163
 20
1.18307
 11
-6.48482
 21
1.18419
  0
LINE
  8
0
 10
-6.48482
 20
1.18419
 11
-6.48796
 21
1.18542
  0
LINE
  8
0
 10
-6.48796
 20
1.18542
 11
-6.49106
 21
1.18681
  0
LINE
  8
0
 10
-6.49106
 20
1.18681
 11
-6.49408
 21
1.18831
  0
LINE
  8
0
 10
-6.49408
 20
1.18831
 11
-6.49704
 21
1.18994
  0
LINE
  8
0
 10
-6.49704
 20
1.18994
 11
-6.49994
 21
1.1917
  0
LINE
  8
0
 10
-6.49994
 20
1.1917
 11
-6.50275
 21
1.19356
  0
LINE
  8
0
 10
-6.50275
 20
1.19356
 11
-6.50549
 21
1.19554
  0
LINE
  8
0
 10
-6.50549
 20
1.19554
 11
-6.50813
 21
1.19765
  0
LINE
  8
0
 10
-6.50813
 20
1.19765
 11
-6.5107
 21
1.19986
  0
LINE
  8
0
 10
-6.5107
 20
1.19986
 11
-6.51315
 21
1.20216
  0
LINE
  8
0
 10
-6.51315
 20
1.20216
 11
-6.51552
 21
1.20459
  0
LINE
  8
0
 10
-6.51552
 20
1.20459
 11
-6.51779
 21
1.20709
  0
LINE
  8
0
 10
-6.51779
 20
1.20709
 11
-6.51994
 21
1.2097
  0
LINE
  8
0
 10
-6.51994
 20
1.2097
 11
-6.52199
 21
1.2124
  0
LINE
  8
0
 10
-6.52199
 20
1.2124
 11
-6.52391
 21
1.21516
  0
LINE
  8
0
 10
-6.52391
 20
1.21516
 11
-6.52573
 21
1.21803
  0
LINE
  8
0
 10
-6.52573
 20
1.21803
 11
-6.52742
 21
1.22095
  0
LINE
  8
0
 10
-6.52742
 20
1.22095
 11
-6.52898
 21
1.22395
  0
LINE
  8
0
 10
-6.52898
 20
1.22395
 11
-6.53043
 21
1.22701
  0
LINE
  8
0
 10
-6.53043
 20
1.22701
 11
-6.53172
 21
1.23012
  0
LINE
  8
0
 10
-6.53172
 20
1.23012
 11
-6.53291
 21
1.23329
  0
LINE
  8
0
 10
-6.53291
 20
1.23329
 11
-6.53395
 21
1.23651
  0
LINE
  8
0
 10
-6.53395
 20
1.23651
 11
-6.53487
 21
1.23976
  0
LINE
  8
0
 10
-6.53487
 20
1.23976
 11
-6.53563
 21
1.24306
  0
LINE
  8
0
 10
-6.53563
 20
1.24306
 11
-6.53627
 21
1.24637
  0
LINE
  8
0
 10
-6.53627
 20
1.24637
 11
-6.53676
 21
1.24973
  0
LINE
  8
0
 10
-6.53676
 20
1.24973
 11
-6.53711
 21
1.25308
  0
LINE
  8
0
 10
-6.53711
 20
1.25308
 11
-6.53732
 21
1.25645
  0
LINE
  8
0
 10
-6.53732
 20
1.25645
 11
-6.5374
 21
1.25984
  0
LINE
  8
0
 10
-6.5374
 20
1.25984
 11
-6.53732
 21
1.26321
  0
LINE
  8
0
 10
-6.53732
 20
1.26321
 11
-6.53711
 21
1.26659
  0
LINE
  8
0
 10
-6.53711
 20
1.26659
 11
-6.53676
 21
1.26994
  0
LINE
  8
0
 10
-6.53676
 20
1.26994
 11
-6.53627
 21
1.2733
  0
LINE
  8
0
 10
-6.53627
 20
1.2733
 11
-6.53563
 21
1.27661
  0
LINE
  8
0
 10
-6.53563
 20
1.27661
 11
-6.53487
 21
1.27991
  0
LINE
  8
0
 10
-6.53487
 20
1.27991
 11
-6.53395
 21
1.28316
  0
LINE
  8
0
 10
-6.53395
 20
1.28316
 11
-6.53291
 21
1.28638
  0
LINE
  8
0
 10
-6.53291
 20
1.28638
 11
-6.53172
 21
1.28955
  0
LINE
  8
0
 10
-6.53172
 20
1.28955
 11
-6.53043
 21
1.29266
  0
LINE
  8
0
 10
-6.53043
 20
1.29266
 11
-6.52898
 21
1.29572
  0
LINE
  8
0
 10
-6.52898
 20
1.29572
 11
-6.52742
 21
1.29872
  0
LINE
  8
0
 10
-6.52742
 20
1.29872
 11
-6.52573
 21
1.30165
  0
LINE
  8
0
 10
-6.52573
 20
1.30165
 11
-6.52391
 21
1.3045
  0
LINE
  8
0
 10
-6.52391
 20
1.3045
 11
-6.52199
 21
1.30728
  0
LINE
  8
0
 10
-6.52199
 20
1.30728
 11
-6.51994
 21
1.30997
  0
LINE
  8
0
 10
-6.51994
 20
1.30997
 11
-6.51779
 21
1.31258
  0
LINE
  8
0
 10
-6.51779
 20
1.31258
 11
-6.51552
 21
1.31508
  0
LINE
  8
0
 10
-6.51552
 20
1.31508
 11
-6.51315
 21
1.3175
  0
LINE
  8
0
 10
-6.51315
 20
1.3175
 11
-6.5107
 21
1.31981
  0
LINE
  8
0
 10
-6.5107
 20
1.31981
 11
-6.50813
 21
1.32202
  0
LINE
  8
0
 10
-6.50813
 20
1.32202
 11
-6.50549
 21
1.32413
  0
LINE
  8
0
 10
-6.50549
 20
1.32413
 11
-6.50275
 21
1.32611
  0
LINE
  8
0
 10
-6.50275
 20
1.32611
 11
-6.49994
 21
1.32797
  0
LINE
  8
0
 10
-6.49994
 20
1.32797
 11
-6.49704
 21
1.32973
  0
LINE
  8
0
 10
-6.49704
 20
1.32973
 11
-6.49408
 21
1.33136
  0
LINE
  8
0
 10
-6.49408
 20
1.33136
 11
-6.49106
 21
1.33286
  0
LINE
  8
0
 10
-6.49106
 20
1.33286
 11
-6.48796
 21
1.33424
  0
LINE
  8
0
 10
-6.48796
 20
1.33424
 11
-6.48482
 21
1.33548
  0
LINE
  8
0
 10
-6.48482
 20
1.33548
 11
-6.48163
 21
1.33659
  0
LINE
  8
0
 10
-6.48163
 20
1.33659
 11
-6.47839
 21
1.33757
  0
LINE
  8
0
 10
-6.47839
 20
1.33757
 11
-6.47511
 21
1.33841
  0
LINE
  8
0
 10
-6.47511
 20
1.33841
 11
-6.47182
 21
1.33911
  0
LINE
  8
0
 10
-6.47182
 20
1.33911
 11
-6.46848
 21
1.33968
  0
LINE
  8
0
 10
-6.46848
 20
1.33968
 11
-6.46512
 21
1.3401
  0
LINE
  8
0
 10
-6.46512
 20
1.3401
 11
-6.46176
 21
1.34038
  0
LINE
  8
0
 10
-6.46176
 20
1.34038
 11
-6.45837
 21
1.34053
  0
LINE
  8
0
 10
-6.45837
 20
1.34053
 11
-6.455
 21
1.34053
  0
LINE
  8
0
 10
-6.455
 20
1.34053
 11
-6.45161
 21
1.34038
  0
LINE
  8
0
 10
-6.45161
 20
1.34038
 11
-6.44826
 21
1.3401
  0
LINE
  8
0
 10
-6.44826
 20
1.3401
 11
-6.4449
 21
1.33968
  0
LINE
  8
0
 10
-6.4449
 20
1.33968
 11
-6.44156
 21
1.33911
  0
LINE
  8
0
 10
-6.44156
 20
1.33911
 11
-6.43826
 21
1.33841
  0
LINE
  8
0
 10
-6.43826
 20
1.33841
 11
-6.43498
 21
1.33757
  0
LINE
  8
0
 10
-6.43498
 20
1.33757
 11
-6.43175
 21
1.33659
  0
LINE
  8
0
 10
-6.43175
 20
1.33659
 11
-6.42856
 21
1.33548
  0
LINE
  8
0
 10
-6.42856
 20
1.33548
 11
-6.42542
 21
1.33424
  0
LINE
  8
0
 10
-6.42542
 20
1.33424
 11
-6.42232
 21
1.33286
  0
LINE
  8
0
 10
-6.42232
 20
1.33286
 11
-6.4193
 21
1.33136
  0
LINE
  8
0
 10
-6.4193
 20
1.33136
 11
-6.41634
 21
1.32973
  0
LINE
  8
0
 10
-6.41634
 20
1.32973
 11
-6.41344
 21
1.32797
  0
LINE
  8
0
 10
-6.41344
 20
1.32797
 11
-6.41063
 21
1.32611
  0
LINE
  8
0
 10
-6.41063
 20
1.32611
 11
-6.4079
 21
1.32413
  0
LINE
  8
0
 10
-6.4079
 20
1.32413
 11
-6.40524
 21
1.32202
  0
LINE
  8
0
 10
-6.40524
 20
1.32202
 11
-6.40268
 21
1.31981
  0
LINE
  8
0
 10
-6.40268
 20
1.31981
 11
-6.40022
 21
1.3175
  0
LINE
  8
0
 10
-6.40022
 20
1.3175
 11
-6.39786
 21
1.31508
  0
LINE
  8
0
 10
-6.39786
 20
1.31508
 11
-6.3956
 21
1.31258
  0
LINE
  8
0
 10
-6.3956
 20
1.31258
 11
-6.39343
 21
1.30997
  0
LINE
  8
0
 10
-6.39343
 20
1.30997
 11
-6.39139
 21
1.30728
  0
LINE
  8
0
 10
-6.39139
 20
1.30728
 11
-6.38947
 21
1.3045
  0
LINE
  8
0
 10
-6.38947
 20
1.3045
 11
-6.38765
 21
1.30165
  0
LINE
  8
0
 10
-6.38765
 20
1.30165
 11
-6.38597
 21
1.29872
  0
LINE
  8
0
 10
-6.38597
 20
1.29872
 11
-6.3844
 21
1.29572
  0
LINE
  8
0
 10
-6.3844
 20
1.29572
 11
-6.38297
 21
1.29266
  0
LINE
  8
0
 10
-6.38297
 20
1.29266
 11
-6.38165
 21
1.28955
  0
LINE
  8
0
 10
-6.38165
 20
1.28955
 11
-6.38046
 21
1.28638
  0
LINE
  8
0
 10
-6.38046
 20
1.28638
 11
-6.37943
 21
1.28316
  0
LINE
  8
0
 10
-6.37943
 20
1.28316
 11
-6.37851
 21
1.27991
  0
LINE
  8
0
 10
-6.37851
 20
1.27991
 11
-6.37775
 21
1.27661
  0
LINE
  8
0
 10
-6.37775
 20
1.27661
 11
-6.37711
 21
1.2733
  0
LINE
  8
0
 10
-6.37711
 20
1.2733
 11
-6.37662
 21
1.26994
  0
LINE
  8
0
 10
-6.37662
 20
1.26994
 11
-6.37627
 21
1.26659
  0
LINE
  8
0
 10
-6.37627
 20
1.26659
 11
-6.37605
 21
1.26321
  0
LINE
  8
0
 10
-6.37605
 20
1.26321
 11
-6.37598
 21
1.25984
  0
LINE
  8
0
 10
-6.37598
 20
1.25984
 11
-6.37605
 21
1.25645
  0
LINE
  8
0
 10
-6.37605
 20
1.25645
 11
-6.37627
 21
1.25308
  0
LINE
  8
0
 10
-6.37627
 20
1.25308
 11
-6.37662
 21
1.24973
  0
LINE
  8
0
 10
-6.37662
 20
1.24973
 11
-6.37711
 21
1.24637
  0
LINE
  8
0
 10
-6.37711
 20
1.24637
 11
-6.37775
 21
1.24306
  0
LINE
  8
0
 10
-6.37775
 20
1.24306
 11
-6.37851
 21
1.23976
  0
LINE
  8
0
 10
-6.37851
 20
1.23976
 11
-6.37943
 21
1.23651
  0
LINE
  8
0
 10
-6.37943
 20
1.23651
 11
-6.38046
 21
1.23329
  0
LINE
  8
0
 10
-6.38046
 20
1.23329
 11
-6.38165
 21
1.23012
  0
LINE
  8
0
 10
-6.38165
 20
1.23012
 11
-6.38297
 21
1.22701
  0
LINE
  8
0
 10
-6.38297
 20
1.22701
 11
-6.3844
 21
1.22395
  0
LINE
  8
0
 10
-6.3844
 20
1.22395
 11
-6.38597
 21
1.22095
  0
LINE
  8
0
 10
-6.38597
 20
1.22095
 11
-6.38765
 21
1.21803
  0
LINE
  8
0
 10
-6.38765
 20
1.21803
 11
-6.38947
 21
1.21516
  0
LINE
  8
0
 10
-6.38947
 20
1.21516
 11
-6.39139
 21
1.2124
  0
LINE
  8
0
 10
-6.39139
 20
1.2124
 11
-6.39343
 21
1.2097
  0
LINE
  8
0
 10
-6.39343
 20
1.2097
 11
-6.3956
 21
1.20709
  0
LINE
  8
0
 10
-6.3956
 20
1.20709
 11
-6.39786
 21
1.20459
  0
LINE
  8
0
 10
-6.39786
 20
1.20459
 11
-6.40022
 21
1.20216
  0
LINE
  8
0
 10
-6.40022
 20
1.20216
 11
-6.40268
 21
1.19986
  0
LINE
  8
0
 10
-6.40268
 20
1.19986
 11
-6.40524
 21
1.19765
  0
LINE
  8
0
 10
-6.40524
 20
1.19765
 11
-6.4079
 21
1.19554
  0
LINE
  8
0
 10
-6.4079
 20
1.19554
 11
-6.41063
 21
1.19356
  0
LINE
  8
0
 10
-6.41063
 20
1.19356
 11
-6.41344
 21
1.1917
  0
LINE
  8
0
 10
-6.41344
 20
1.1917
 11
-6.41634
 21
1.18994
  0
LINE
  8
0
 10
-6.41634
 20
1.18994
 11
-6.4193
 21
1.18831
  0
LINE
  8
0
 10
-6.4193
 20
1.18831
 11
-6.42232
 21
1.18681
  0
LINE
  8
0
 10
-6.42232
 20
1.18681
 11
-6.42542
 21
1.18542
  0
LINE
  8
0
 10
-6.42542
 20
1.18542
 11
-6.42856
 21
1.18419
  0
LINE
  8
0
 10
-6.42856
 20
1.18419
 11
-6.43175
 21
1.18307
  0
LINE
  8
0
 10
-6.43175
 20
1.18307
 11
-6.43498
 21
1.1821
  0
LINE
  8
0
 10
-6.43498
 20
1.1821
 11
-6.43826
 21
1.18126
  0
LINE
  8
0
 10
-6.43826
 20
1.18126
 11
-6.44156
 21
1.18056
  0
LINE
  8
0
 10
-6.44156
 20
1.18056
 11
-6.4449
 21
1.17999
  0
LINE
  8
0
 10
-6.4449
 20
1.17999
 11
-6.44826
 21
1.17957
  0
LINE
  8
0
 10
-6.44826
 20
1.17957
 11
-6.45161
 21
1.17929
  0
LINE
  8
0
 10
-6.45161
 20
1.17929
 11
-6.455
 21
1.17914
  0
LINE
  8
0
 10
-6.455
 20
1.17914
 11
-6.45837
 21
1.17914
  0
LINE
  8
0
 10
7.71484
 20
1.17914
 11
7.71147
 21
1.17929
  0
LINE
  8
0
 10
7.71147
 20
1.17929
 11
7.7081
 21
1.17957
  0
LINE
  8
0
 10
7.7081
 20
1.17957
 11
7.70474
 21
1.17999
  0
LINE
  8
0
 10
7.70474
 20
1.17999
 11
7.70142
 21
1.18056
  0
LINE
  8
0
 10
7.70142
 20
1.18056
 11
7.6981
 21
1.18126
  0
LINE
  8
0
 10
7.6981
 20
1.18126
 11
7.69482
 21
1.1821
  0
LINE
  8
0
 10
7.69482
 20
1.1821
 11
7.69159
 21
1.18307
  0
LINE
  8
0
 10
7.69159
 20
1.18307
 11
7.6884
 21
1.18419
  0
LINE
  8
0
 10
7.6884
 20
1.18419
 11
7.68526
 21
1.18542
  0
LINE
  8
0
 10
7.68526
 20
1.18542
 11
7.68217
 21
1.18681
  0
LINE
  8
0
 10
7.68217
 20
1.18681
 11
7.67914
 21
1.18831
  0
LINE
  8
0
 10
7.67914
 20
1.18831
 11
7.67618
 21
1.18994
  0
LINE
  8
0
 10
7.67618
 20
1.18994
 11
7.67328
 21
1.1917
  0
LINE
  8
0
 10
7.67328
 20
1.1917
 11
7.67047
 21
1.19356
  0
LINE
  8
0
 10
7.67047
 20
1.19356
 11
7.66774
 21
1.19554
  0
LINE
  8
0
 10
7.66774
 20
1.19554
 11
7.66508
 21
1.19765
  0
LINE
  8
0
 10
7.66508
 20
1.19765
 11
7.66252
 21
1.19986
  0
LINE
  8
0
 10
7.66252
 20
1.19986
 11
7.66006
 21
1.20216
  0
LINE
  8
0
 10
7.66006
 20
1.20216
 11
7.6577
 21
1.20459
  0
LINE
  8
0
 10
7.6577
 20
1.20459
 11
7.65544
 21
1.20709
  0
LINE
  8
0
 10
7.65544
 20
1.20709
 11
7.65327
 21
1.2097
  0
LINE
  8
0
 10
7.65327
 20
1.2097
 11
7.65123
 21
1.2124
  0
LINE
  8
0
 10
7.65123
 20
1.2124
 11
7.64931
 21
1.21516
  0
LINE
  8
0
 10
7.64931
 20
1.21516
 11
7.64749
 21
1.21803
  0
LINE
  8
0
 10
7.64749
 20
1.21803
 11
7.64581
 21
1.22095
  0
LINE
  8
0
 10
7.64581
 20
1.22095
 11
7.64424
 21
1.22395
  0
LINE
  8
0
 10
7.64424
 20
1.22395
 11
7.64281
 21
1.22701
  0
LINE
  8
0
 10
7.64281
 20
1.22701
 11
7.64149
 21
1.23012
  0
LINE
  8
0
 10
7.64149
 20
1.23012
 11
7.64032
 21
1.23329
  0
LINE
  8
0
 10
7.64032
 20
1.23329
 11
7.63927
 21
1.23651
  0
LINE
  8
0
 10
7.63927
 20
1.23651
 11
7.63835
 21
1.23976
  0
LINE
  8
0
 10
7.63835
 20
1.23976
 11
7.63759
 21
1.24306
  0
LINE
  8
0
 10
7.63759
 20
1.24306
 11
7.63695
 21
1.24637
  0
LINE
  8
0
 10
7.63695
 20
1.24637
 11
7.63646
 21
1.24973
  0
LINE
  8
0
 10
7.63646
 20
1.24973
 11
7.63611
 21
1.25308
  0
LINE
  8
0
 10
7.63611
 20
1.25308
 11
7.63589
 21
1.25645
  0
LINE
  8
0
 10
7.63589
 20
1.25645
 11
7.63582
 21
1.25984
  0
LINE
  8
0
 10
7.63582
 20
1.25984
 11
7.63589
 21
1.26321
  0
LINE
  8
0
 10
7.63589
 20
1.26321
 11
7.63611
 21
1.26659
  0
LINE
  8
0
 10
7.63611
 20
1.26659
 11
7.63646
 21
1.26994
  0
LINE
  8
0
 10
7.63646
 20
1.26994
 11
7.63695
 21
1.2733
  0
LINE
  8
0
 10
7.63695
 20
1.2733
 11
7.63759
 21
1.27661
  0
LINE
  8
0
 10
7.63759
 20
1.27661
 11
7.63835
 21
1.27991
  0
LINE
  8
0
 10
7.63835
 20
1.27991
 11
7.63927
 21
1.28316
  0
LINE
  8
0
 10
7.63927
 20
1.28316
 11
7.64032
 21
1.28638
  0
LINE
  8
0
 10
7.64032
 20
1.28638
 11
7.64149
 21
1.28955
  0
LINE
  8
0
 10
7.64149
 20
1.28955
 11
7.64281
 21
1.29266
  0
LINE
  8
0
 10
7.64281
 20
1.29266
 11
7.64424
 21
1.29572
  0
LINE
  8
0
 10
7.64424
 20
1.29572
 11
7.64581
 21
1.29872
  0
LINE
  8
0
 10
7.64581
 20
1.29872
 11
7.64749
 21
1.30165
  0
LINE
  8
0
 10
7.64749
 20
1.30165
 11
7.64931
 21
1.3045
  0
LINE
  8
0
 10
7.64931
 20
1.3045
 11
7.65123
 21
1.30728
  0
LINE
  8
0
 10
7.65123
 20
1.30728
 11
7.65327
 21
1.30997
  0
LINE
  8
0
 10
7.65327
 20
1.30997
 11
7.65544
 21
1.31258
  0
LINE
  8
0
 10
7.65544
 20
1.31258
 11
7.6577
 21
1.31508
  0
LINE
  8
0
 10
7.6577
 20
1.31508
 11
7.66006
 21
1.3175
  0
LINE
  8
0
 10
7.66006
 20
1.3175
 11
7.66252
 21
1.31981
  0
LINE
  8
0
 10
7.66252
 20
1.31981
 11
7.66508
 21
1.32202
  0
LINE
  8
0
 10
7.66508
 20
1.32202
 11
7.66774
 21
1.32413
  0
LINE
  8
0
 10
7.66774
 20
1.32413
 11
7.67047
 21
1.32611
  0
LINE
  8
0
 10
7.67047
 20
1.32611
 11
7.67328
 21
1.32797
  0
LINE
  8
0
 10
7.67328
 20
1.32797
 11
7.67618
 21
1.32973
  0
LINE
  8
0
 10
7.67618
 20
1.32973
 11
7.67914
 21
1.33136
  0
LINE
  8
0
 10
7.67914
 20
1.33136
 11
7.68217
 21
1.33286
  0
LINE
  8
0
 10
7.68217
 20
1.33286
 11
7.68526
 21
1.33424
  0
LINE
  8
0
 10
7.68526
 20
1.33424
 11
7.6884
 21
1.33548
  0
LINE
  8
0
 10
7.6884
 20
1.33548
 11
7.69159
 21
1.33659
  0
LINE
  8
0
 10
7.69159
 20
1.33659
 11
7.69482
 21
1.33757
  0
LINE
  8
0
 10
7.69482
 20
1.33757
 11
7.6981
 21
1.33841
  0
LINE
  8
0
 10
7.6981
 20
1.33841
 11
7.70142
 21
1.33911
  0
LINE
  8
0
 10
7.70142
 20
1.33911
 11
7.70474
 21
1.33968
  0
LINE
  8
0
 10
7.70474
 20
1.33968
 11
7.7081
 21
1.3401
  0
LINE
  8
0
 10
7.7081
 20
1.3401
 11
7.71147
 21
1.34038
  0
LINE
  8
0
 10
7.71147
 20
1.34038
 11
7.71484
 21
1.34053
  0
LINE
  8
0
 10
7.71484
 20
1.34053
 11
7.71822
 21
1.34053
  0
LINE
  8
0
 10
7.71822
 20
1.34053
 11
7.7216
 21
1.34038
  0
LINE
  8
0
 10
7.7216
 20
1.34038
 11
7.72498
 21
1.3401
  0
LINE
  8
0
 10
7.72498
 20
1.3401
 11
7.72832
 21
1.33968
  0
LINE
  8
0
 10
7.72832
 20
1.33968
 11
7.73166
 21
1.33911
  0
LINE
  8
0
 10
7.73166
 20
1.33911
 11
7.73495
 21
1.33841
  0
LINE
  8
0
 10
7.73495
 20
1.33841
 11
7.73824
 21
1.33757
  0
LINE
  8
0
 10
7.73824
 20
1.33757
 11
7.74147
 21
1.33659
  0
LINE
  8
0
 10
7.74147
 20
1.33659
 11
7.74466
 21
1.33548
  0
LINE
  8
0
 10
7.74466
 20
1.33548
 11
7.7478
 21
1.33424
  0
LINE
  8
0
 10
7.7478
 20
1.33424
 11
7.7509
 21
1.33286
  0
LINE
  8
0
 10
7.7509
 20
1.33286
 11
7.75392
 21
1.33136
  0
LINE
  8
0
 10
7.75392
 20
1.33136
 11
7.75688
 21
1.32973
  0
LINE
  8
0
 10
7.75688
 20
1.32973
 11
7.75978
 21
1.32797
  0
LINE
  8
0
 10
7.75978
 20
1.32797
 11
7.76259
 21
1.32611
  0
LINE
  8
0
 10
7.76259
 20
1.32611
 11
7.76534
 21
1.32413
  0
LINE
  8
0
 10
7.76534
 20
1.32413
 11
7.76797
 21
1.32202
  0
LINE
  8
0
 10
7.76797
 20
1.32202
 11
7.77054
 21
1.31981
  0
LINE
  8
0
 10
7.77054
 20
1.31981
 11
7.77299
 21
1.3175
  0
LINE
  8
0
 10
7.77299
 20
1.3175
 11
7.77536
 21
1.31508
  0
LINE
  8
0
 10
7.77536
 20
1.31508
 11
7.77763
 21
1.31258
  0
LINE
  8
0
 10
7.77763
 20
1.31258
 11
7.77979
 21
1.30997
  0
LINE
  8
0
 10
7.77979
 20
1.30997
 11
7.78183
 21
1.30728
  0
LINE
  8
0
 10
7.78183
 20
1.30728
 11
7.78375
 21
1.3045
  0
LINE
  8
0
 10
7.78375
 20
1.3045
 11
7.78557
 21
1.30165
  0
LINE
  8
0
 10
7.78557
 20
1.30165
 11
7.78726
 21
1.29872
  0
LINE
  8
0
 10
7.78726
 20
1.29872
 11
7.78882
 21
1.29572
  0
LINE
  8
0
 10
7.78882
 20
1.29572
 11
7.79027
 21
1.29266
  0
LINE
  8
0
 10
7.79027
 20
1.29266
 11
7.79158
 21
1.28955
  0
LINE
  8
0
 10
7.79158
 20
1.28955
 11
7.79276
 21
1.28638
  0
LINE
  8
0
 10
7.79276
 20
1.28638
 11
7.79379
 21
1.28316
  0
LINE
  8
0
 10
7.79379
 20
1.28316
 11
7.79471
 21
1.27991
  0
LINE
  8
0
 10
7.79471
 20
1.27991
 11
7.79547
 21
1.27661
  0
LINE
  8
0
 10
7.79547
 20
1.27661
 11
7.79611
 21
1.2733
  0
LINE
  8
0
 10
7.79611
 20
1.2733
 11
7.7966
 21
1.26994
  0
LINE
  8
0
 10
7.7966
 20
1.26994
 11
7.79695
 21
1.26659
  0
LINE
  8
0
 10
7.79695
 20
1.26659
 11
7.79716
 21
1.26321
  0
LINE
  8
0
 10
7.79716
 20
1.26321
 11
7.79724
 21
1.25984
  0
LINE
  8
0
 10
7.79724
 20
1.25984
 11
7.79716
 21
1.25645
  0
LINE
  8
0
 10
7.79716
 20
1.25645
 11
7.79695
 21
1.25308
  0
LINE
  8
0
 10
7.79695
 20
1.25308
 11
7.7966
 21
1.24973
  0
LINE
  8
0
 10
7.7966
 20
1.24973
 11
7.79611
 21
1.24637
  0
LINE
  8
0
 10
7.79611
 20
1.24637
 11
7.79547
 21
1.24306
  0
LINE
  8
0
 10
7.79547
 20
1.24306
 11
7.79471
 21
1.23976
  0
LINE
  8
0
 10
7.79471
 20
1.23976
 11
7.79379
 21
1.23651
  0
LINE
  8
0
 10
7.79379
 20
1.23651
 11
7.79276
 21
1.23329
  0
LINE
  8
0
 10
7.79276
 20
1.23329
 11
7.79158
 21
1.23012
  0
LINE
  8
0
 10
7.79158
 20
1.23012
 11
7.79027
 21
1.22701
  0
LINE
  8
0
 10
7.79027
 20
1.22701
 11
7.78882
 21
1.22395
  0
LINE
  8
0
 10
7.78882
 20
1.22395
 11
7.78726
 21
1.22095
  0
LINE
  8
0
 10
7.78726
 20
1.22095
 11
7.78557
 21
1.21803
  0
LINE
  8
0
 10
7.78557
 20
1.21803
 11
7.78375
 21
1.21516
  0
LINE
  8
0
 10
7.78375
 20
1.21516
 11
7.78183
 21
1.2124
  0
LINE
  8
0
 10
7.78183
 20
1.2124
 11
7.77979
 21
1.2097
  0
LINE
  8
0
 10
7.77979
 20
1.2097
 11
7.77763
 21
1.20709
  0
LINE
  8
0
 10
7.77763
 20
1.20709
 11
7.77536
 21
1.20459
  0
LINE
  8
0
 10
7.77536
 20
1.20459
 11
7.77299
 21
1.20216
  0
LINE
  8
0
 10
7.77299
 20
1.20216
 11
7.77054
 21
1.19986
  0
LINE
  8
0
 10
7.77054
 20
1.19986
 11
7.76797
 21
1.19765
  0
LINE
  8
0
 10
7.76797
 20
1.19765
 11
7.76534
 21
1.19554
  0
LINE
  8
0
 10
7.76534
 20
1.19554
 11
7.76259
 21
1.19356
  0
LINE
  8
0
 10
7.76259
 20
1.19356
 11
7.75978
 21
1.1917
  0
LINE
  8
0
 10
7.75978
 20
1.1917
 11
7.75688
 21
1.18994
  0
LINE
  8
0
 10
7.75688
 20
1.18994
 11
7.75392
 21
1.18831
  0
LINE
  8
0
 10
7.75392
 20
1.18831
 11
7.7509
 21
1.18681
  0
LINE
  8
0
 10
7.7509
 20
1.18681
 11
7.7478
 21
1.18542
  0
LINE
  8
0
 10
7.7478
 20
1.18542
 11
7.74466
 21
1.18419
  0
LINE
  8
0
 10
7.74466
 20
1.18419
 11
7.74147
 21
1.18307
  0
LINE
  8
0
 10
7.74147
 20
1.18307
 11
7.73824
 21
1.1821
  0
LINE
  8
0
 10
7.73824
 20
1.1821
 11
7.73495
 21
1.18126
  0
LINE
  8
0
 10
7.73495
 20
1.18126
 11
7.73166
 21
1.18056
  0
LINE
  8
0
 10
7.73166
 20
1.18056
 11
7.72832
 21
1.17999
  0
LINE
  8
0
 10
7.72832
 20
1.17999
 11
7.72498
 21
1.17957
  0
LINE
  8
0
 10
7.72498
 20
1.17957
 11
7.7216
 21
1.17929
  0
LINE
  8
0
 10
7.7216
 20
1.17929
 11
7.71822
 21
1.17914
  0
LINE
  8
0
 10
7.71822
 20
1.17914
 11
7.71484
 21
1.17914
  0
LINE
  8
0
 10
-7.71822
 20
1.17914
 11
-7.7216
 21
1.17929
  0
LINE
  8
0
 10
-7.7216
 20
1.17929
 11
-7.72498
 21
1.17957
  0
LINE
  8
0
 10
-7.72498
 20
1.17957
 11
-7.72832
 21
1.17999
  0
LINE
  8
0
 10
-7.72832
 20
1.17999
 11
-7.73166
 21
1.18056
  0
LINE
  8
0
 10
-7.73166
 20
1.18056
 11
-7.73495
 21
1.18126
  0
LINE
  8
0
 10
-7.73495
 20
1.18126
 11
-7.73824
 21
1.1821
  0
LINE
  8
0
 10
-7.73824
 20
1.1821
 11
-7.74147
 21
1.18307
  0
LINE
  8
0
 10
-7.74147
 20
1.18307
 11
-7.74466
 21
1.18419
  0
LINE
  8
0
 10
-7.74466
 20
1.18419
 11
-7.7478
 21
1.18542
  0
LINE
  8
0
 10
-7.7478
 20
1.18542
 11
-7.7509
 21
1.18681
  0
LINE
  8
0
 10
-7.7509
 20
1.18681
 11
-7.75392
 21
1.18831
  0
LINE
  8
0
 10
-7.75392
 20
1.18831
 11
-7.75688
 21
1.18994
  0
LINE
  8
0
 10
-7.75688
 20
1.18994
 11
-7.75978
 21
1.1917
  0
LINE
  8
0
 10
-7.75978
 20
1.1917
 11
-7.76259
 21
1.19356
  0
LINE
  8
0
 10
-7.76259
 20
1.19356
 11
-7.76534
 21
1.19554
  0
LINE
  8
0
 10
-7.76534
 20
1.19554
 11
-7.76797
 21
1.19765
  0
LINE
  8
0
 10
-7.76797
 20
1.19765
 11
-7.77054
 21
1.19986
  0
LINE
  8
0
 10
-7.77054
 20
1.19986
 11
-7.77299
 21
1.20216
  0
LINE
  8
0
 10
-7.77299
 20
1.20216
 11
-7.77536
 21
1.20459
  0
LINE
  8
0
 10
-7.77536
 20
1.20459
 11
-7.77763
 21
1.20709
  0
LINE
  8
0
 10
-7.77763
 20
1.20709
 11
-7.77979
 21
1.2097
  0
LINE
  8
0
 10
-7.77979
 20
1.2097
 11
-7.78183
 21
1.2124
  0
LINE
  8
0
 10
-7.78183
 20
1.2124
 11
-7.78375
 21
1.21516
  0
LINE
  8
0
 10
-7.78375
 20
1.21516
 11
-7.78557
 21
1.21803
  0
LINE
  8
0
 10
-7.78557
 20
1.21803
 11
-7.78726
 21
1.22095
  0
LINE
  8
0
 10
-7.78726
 20
1.22095
 11
-7.78882
 21
1.22395
  0
LINE
  8
0
 10
-7.78882
 20
1.22395
 11
-7.79027
 21
1.22701
  0
LINE
  8
0
 10
-7.79027
 20
1.22701
 11
-7.79158
 21
1.23012
  0
LINE
  8
0
 10
-7.79158
 20
1.23012
 11
-7.79276
 21
1.23329
  0
LINE
  8
0
 10
-7.79276
 20
1.23329
 11
-7.79379
 21
1.23651
  0
LINE
  8
0
 10
-7.79379
 20
1.23651
 11
-7.79471
 21
1.23976
  0
LINE
  8
0
 10
-7.79471
 20
1.23976
 11
-7.79547
 21
1.24306
  0
LINE
  8
0
 10
-7.79547
 20
1.24306
 11
-7.79611
 21
1.24637
  0
LINE
  8
0
 10
-7.79611
 20
1.24637
 11
-7.7966
 21
1.24973
  0
LINE
  8
0
 10
-7.7966
 20
1.24973
 11
-7.79695
 21
1.25308
  0
LINE
  8
0
 10
-7.79695
 20
1.25308
 11
-7.79716
 21
1.25645
  0
LINE
  8
0
 10
-7.79716
 20
1.25645
 11
-7.79724
 21
1.25984
  0
LINE
  8
0
 10
-7.79724
 20
1.25984
 11
-7.79716
 21
1.26321
  0
LINE
  8
0
 10
-7.79716
 20
1.26321
 11
-7.79695
 21
1.26659
  0
LINE
  8
0
 10
-7.79695
 20
1.26659
 11
-7.7966
 21
1.26994
  0
LINE
  8
0
 10
-7.7966
 20
1.26994
 11
-7.79611
 21
1.2733
  0
LINE
  8
0
 10
-7.79611
 20
1.2733
 11
-7.79547
 21
1.27661
  0
LINE
  8
0
 10
-7.79547
 20
1.27661
 11
-7.79471
 21
1.27991
  0
LINE
  8
0
 10
-7.79471
 20
1.27991
 11
-7.79379
 21
1.28316
  0
LINE
  8
0
 10
-7.79379
 20
1.28316
 11
-7.79276
 21
1.28638
  0
LINE
  8
0
 10
-7.79276
 20
1.28638
 11
-7.79158
 21
1.28955
  0
LINE
  8
0
 10
-7.79158
 20
1.28955
 11
-7.79027
 21
1.29266
  0
LINE
  8
0
 10
-7.79027
 20
1.29266
 11
-7.78882
 21
1.29572
  0
LINE
  8
0
 10
-7.78882
 20
1.29572
 11
-7.78726
 21
1.29872
  0
LINE
  8
0
 10
-7.78726
 20
1.29872
 11
-7.78557
 21
1.30165
  0
LINE
  8
0
 10
-7.78557
 20
1.30165
 11
-7.78375
 21
1.3045
  0
LINE
  8
0
 10
-7.78375
 20
1.3045
 11
-7.78183
 21
1.30728
  0
LINE
  8
0
 10
-7.78183
 20
1.30728
 11
-7.77979
 21
1.30997
  0
LINE
  8
0
 10
-7.77979
 20
1.30997
 11
-7.77763
 21
1.31258
  0
LINE
  8
0
 10
-7.77763
 20
1.31258
 11
-7.77536
 21
1.31508
  0
LINE
  8
0
 10
-7.77536
 20
1.31508
 11
-7.77299
 21
1.3175
  0
LINE
  8
0
 10
-7.77299
 20
1.3175
 11
-7.77054
 21
1.31981
  0
LINE
  8
0
 10
-7.77054
 20
1.31981
 11
-7.76797
 21
1.32202
  0
LINE
  8
0
 10
-7.76797
 20
1.32202
 11
-7.76534
 21
1.32413
  0
LINE
  8
0
 10
-7.76534
 20
1.32413
 11
-7.76259
 21
1.32611
  0
LINE
  8
0
 10
-7.76259
 20
1.32611
 11
-7.75978
 21
1.32797
  0
LINE
  8
0
 10
-7.75978
 20
1.32797
 11
-7.75688
 21
1.32973
  0
LINE
  8
0
 10
-7.75688
 20
1.32973
 11
-7.75392
 21
1.33136
  0
LINE
  8
0
 10
-7.75392
 20
1.33136
 11
-7.7509
 21
1.33286
  0
LINE
  8
0
 10
-7.7509
 20
1.33286
 11
-7.7478
 21
1.33424
  0
LINE
  8
0
 10
-7.7478
 20
1.33424
 11
-7.74466
 21
1.33548
  0
LINE
  8
0
 10
-7.74466
 20
1.33548
 11
-7.74147
 21
1.33659
  0
LINE
  8
0
 10
-7.74147
 20
1.33659
 11
-7.73824
 21
1.33757
  0
LINE
  8
0
 10
-7.73824
 20
1.33757
 11
-7.73495
 21
1.33841
  0
LINE
  8
0
 10
-7.73495
 20
1.33841
 11
-7.73166
 21
1.33911
  0
LINE
  8
0
 10
-7.73166
 20
1.33911
 11
-7.72832
 21
1.33968
  0
LINE
  8
0
 10
-7.72832
 20
1.33968
 11
-7.72498
 21
1.3401
  0
LINE
  8
0
 10
-7.72498
 20
1.3401
 11
-7.7216
 21
1.34038
  0
LINE
  8
0
 10
-7.7216
 20
1.34038
 11
-7.71822
 21
1.34053
  0
LINE
  8
0
 10
-7.71822
 20
1.34053
 11
-7.71484
 21
1.34053
  0
LINE
  8
0
 10
-7.71484
 20
1.34053
 11
-7.71147
 21
1.34038
  0
LINE
  8
0
 10
-7.71147
 20
1.34038
 11
-7.7081
 21
1.3401
  0
LINE
  8
0
 10
-7.7081
 20
1.3401
 11
-7.70474
 21
1.33968
  0
LINE
  8
0
 10
-7.70474
 20
1.33968
 11
-7.70142
 21
1.33911
  0
LINE
  8
0
 10
-7.70142
 20
1.33911
 11
-7.6981
 21
1.33841
  0
LINE
  8
0
 10
-7.6981
 20
1.33841
 11
-7.69482
 21
1.33757
  0
LINE
  8
0
 10
-7.69482
 20
1.33757
 11
-7.69159
 21
1.33659
  0
LINE
  8
0
 10
-7.69159
 20
1.33659
 11
-7.6884
 21
1.33548
  0
LINE
  8
0
 10
-7.6884
 20
1.33548
 11
-7.68526
 21
1.33424
  0
LINE
  8
0
 10
-7.68526
 20
1.33424
 11
-7.68217
 21
1.33286
  0
LINE
  8
0
 10
-7.68217
 20
1.33286
 11
-7.67914
 21
1.33136
  0
LINE
  8
0
 10
-7.67914
 20
1.33136
 11
-7.67618
 21
1.32973
  0
LINE
  8
0
 10
-7.67618
 20
1.32973
 11
-7.67328
 21
1.32797
  0
LINE
  8
0
 10
-7.67328
 20
1.32797
 11
-7.67047
 21
1.32611
  0
LINE
  8
0
 10
-7.67047
 20
1.32611
 11
-7.66774
 21
1.32413
  0
LINE
  8
0
 10
-7.66774
 20
1.32413
 11
-7.66508
 21
1.32202
  0
LINE
  8
0
 10
-7.66508
 20
1.32202
 11
-7.66252
 21
1.31981
  0
LINE
  8
0
 10
-7.66252
 20
1.31981
 11
-7.66006
 21
1.3175
  0
LINE
  8
0
 10
-7.66006
 20
1.3175
 11
-7.6577
 21
1.31508
  0
LINE
  8
0
 10
-7.6577
 20
1.31508
 11
-7.65544
 21
1.31258
  0
LINE
  8
0
 10
-7.65544
 20
1.31258
 11
-7.65327
 21
1.30997
  0
LINE
  8
0
 10
-7.65327
 20
1.30997
 11
-7.65123
 21
1.30728
  0
LINE
  8
0
 10
-7.65123
 20
1.30728
 11
-7.64931
 21
1.3045
  0
LINE
  8
0
 10
-7.64931
 20
1.3045
 11
-7.64749
 21
1.30165
  0
LINE
  8
0
 10
-7.64749
 20
1.30165
 11
-7.64581
 21
1.29872
  0
LINE
  8
0
 10
-7.64581
 20
1.29872
 11
-7.64424
 21
1.29572
  0
LINE
  8
0
 10
-7.64424
 20
1.29572
 11
-7.64281
 21
1.29266
  0
LINE
  8
0
 10
-7.64281
 20
1.29266
 11
-7.64149
 21
1.28955
  0
LINE
  8
0
 10
-7.64149
 20
1.28955
 11
-7.64032
 21
1.28638
  0
LINE
  8
0
 10
-7.64032
 20
1.28638
 11
-7.63927
 21
1.28316
  0
LINE
  8
0
 10
-7.63927
 20
1.28316
 11
-7.63835
 21
1.27991
  0
LINE
  8
0
 10
-7.63835
 20
1.27991
 11
-7.63759
 21
1.27661
  0
LINE
  8
0
 10
-7.63759
 20
1.27661
 11
-7.63695
 21
1.2733
  0
LINE
  8
0
 10
-7.63695
 20
1.2733
 11
-7.63646
 21
1.26994
  0
LINE
  8
0
 10
-7.63646
 20
1.26994
 11
-7.63611
 21
1.26659
  0
LINE
  8
0
 10
-7.63611
 20
1.26659
 11
-7.63589
 21
1.26321
  0
LINE
  8
0
 10
-7.63589
 20
1.26321
 11
-7.63582
 21
1.25984
  0
LINE
  8
0
 10
-7.63582
 20
1.25984
 11
-7.63589
 21
1.25645
  0
LINE
  8
0
 10
-7.63589
 20
1.25645
 11
-7.63611
 21
1.25308
  0
LINE
  8
0
 10
-7.63611
 20
1.25308
 11
-7.63646
 21
1.24973
  0
LINE
  8
0
 10
-7.63646
 20
1.24973
 11
-7.63695
 21
1.24637
  0
LINE
  8
0
 10
-7.63695
 20
1.24637
 11
-7.63759
 21
1.24306
  0
LINE
  8
0
 10
-7.63759
 20
1.24306
 11
-7.63835
 21
1.23976
  0
LINE
  8
0
 10
-7.63835
 20
1.23976
 11
-7.63927
 21
1.23651
  0
LINE
  8
0
 10
-7.63927
 20
1.23651
 11
-7.64032
 21
1.23329
  0
LINE
  8
0
 10
-7.64032
 20
1.23329
 11
-7.64149
 21
1.23012
  0
LINE
  8
0
 10
-7.64149
 20
1.23012
 11
-7.64281
 21
1.22701
  0
LINE
  8
0
 10
-7.64281
 20
1.22701
 11
-7.64424
 21
1.22395
  0
LINE
  8
0
 10
-7.64424
 20
1.22395
 11
-7.64581
 21
1.22095
  0
LINE
  8
0
 10
-7.64581
 20
1.22095
 11
-7.64749
 21
1.21803
  0
LINE
  8
0
 10
-7.64749
 20
1.21803
 11
-7.64931
 21
1.21516
  0
LINE
  8
0
 10
-7.64931
 20
1.21516
 11
-7.65123
 21
1.2124
  0
LINE
  8
0
 10
-7.65123
 20
1.2124
 11
-7.65327
 21
1.2097
  0
LINE
  8
0
 10
-7.65327
 20
1.2097
 11
-7.65544
 21
1.20709
  0
LINE
  8
0
 10
-7.65544
 20
1.20709
 11
-7.6577
 21
1.20459
  0
LINE
  8
0
 10
-7.6577
 20
1.20459
 11
-7.66006
 21
1.20216
  0
LINE
  8
0
 10
-7.66006
 20
1.20216
 11
-7.66252
 21
1.19986
  0
LINE
  8
0
 10
-7.66252
 20
1.19986
 11
-7.66508
 21
1.19765
  0
LINE
  8
0
 10
-7.66508
 20
1.19765
 11
-7.66774
 21
1.19554
  0
LINE
  8
0
 10
-7.66774
 20
1.19554
 11
-7.67047
 21
1.19356
  0
LINE
  8
0
 10
-7.67047
 20
1.19356
 11
-7.67328
 21
1.1917
  0
LINE
  8
0
 10
-7.67328
 20
1.1917
 11
-7.67618
 21
1.18994
  0
LINE
  8
0
 10
-7.67618
 20
1.18994
 11
-7.67914
 21
1.18831
  0
LINE
  8
0
 10
-7.67914
 20
1.18831
 11
-7.68217
 21
1.18681
  0
LINE
  8
0
 10
-7.68217
 20
1.18681
 11
-7.68526
 21
1.18542
  0
LINE
  8
0
 10
-7.68526
 20
1.18542
 11
-7.6884
 21
1.18419
  0
LINE
  8
0
 10
-7.6884
 20
1.18419
 11
-7.69159
 21
1.18307
  0
LINE
  8
0
 10
-7.69159
 20
1.18307
 11
-7.69482
 21
1.1821
  0
LINE
  8
0
 10
-7.69482
 20
1.1821
 11
-7.6981
 21
1.18126
  0
LINE
  8
0
 10
-7.6981
 20
1.18126
 11
-7.70142
 21
1.18056
  0
LINE
  8
0
 10
-7.70142
 20
1.18056
 11
-7.70474
 21
1.17999
  0
LINE
  8
0
 10
-7.70474
 20
1.17999
 11
-7.7081
 21
1.17957
  0
LINE
  8
0
 10
-7.7081
 20
1.17957
 11
-7.71147
 21
1.17929
  0
LINE
  8
0
 10
-7.71147
 20
1.17929
 11
-7.71484
 21
1.17914
  0
LINE
  8
0
 10
-7.71484
 20
1.17914
 11
-7.71822
 21
1.17914
  0
LINE
  8
0
 10
6.455
 20
1.17914
 11
6.45161
 21
1.17929
  0
LINE
  8
0
 10
6.45161
 20
1.17929
 11
6.44826
 21
1.17957
  0
LINE
  8
0
 10
6.44826
 20
1.17957
 11
6.4449
 21
1.17999
  0
LINE
  8
0
 10
6.4449
 20
1.17999
 11
6.44156
 21
1.18056
  0
LINE
  8
0
 10
6.44156
 20
1.18056
 11
6.43826
 21
1.18126
  0
LINE
  8
0
 10
6.43826
 20
1.18126
 11
6.43498
 21
1.1821
  0
LINE
  8
0
 10
6.43498
 20
1.1821
 11
6.43175
 21
1.18307
  0
LINE
  8
0
 10
6.43175
 20
1.18307
 11
6.42856
 21
1.18419
  0
LINE
  8
0
 10
6.42856
 20
1.18419
 11
6.42542
 21
1.18542
  0
LINE
  8
0
 10
6.42542
 20
1.18542
 11
6.42232
 21
1.18681
  0
LINE
  8
0
 10
6.42232
 20
1.18681
 11
6.4193
 21
1.18831
  0
LINE
  8
0
 10
6.4193
 20
1.18831
 11
6.41634
 21
1.18994
  0
LINE
  8
0
 10
6.41634
 20
1.18994
 11
6.41344
 21
1.1917
  0
LINE
  8
0
 10
6.41344
 20
1.1917
 11
6.41063
 21
1.19356
  0
LINE
  8
0
 10
6.41063
 20
1.19356
 11
6.4079
 21
1.19554
  0
LINE
  8
0
 10
6.4079
 20
1.19554
 11
6.40524
 21
1.19765
  0
LINE
  8
0
 10
6.40524
 20
1.19765
 11
6.40268
 21
1.19986
  0
LINE
  8
0
 10
6.40268
 20
1.19986
 11
6.40022
 21
1.20216
  0
LINE
  8
0
 10
6.40022
 20
1.20216
 11
6.39786
 21
1.20459
  0
LINE
  8
0
 10
6.39786
 20
1.20459
 11
6.3956
 21
1.20709
  0
LINE
  8
0
 10
6.3956
 20
1.20709
 11
6.39343
 21
1.2097
  0
LINE
  8
0
 10
6.39343
 20
1.2097
 11
6.39139
 21
1.2124
  0
LINE
  8
0
 10
6.39139
 20
1.2124
 11
6.38947
 21
1.21516
  0
LINE
  8
0
 10
6.38947
 20
1.21516
 11
6.38765
 21
1.21803
  0
LINE
  8
0
 10
6.38765
 20
1.21803
 11
6.38597
 21
1.22095
  0
LINE
  8
0
 10
6.38597
 20
1.22095
 11
6.3844
 21
1.22395
  0
LINE
  8
0
 10
6.3844
 20
1.22395
 11
6.38297
 21
1.22701
  0
LINE
  8
0
 10
6.38297
 20
1.22701
 11
6.38165
 21
1.23012
  0
LINE
  8
0
 10
6.38165
 20
1.23012
 11
6.38046
 21
1.23329
  0
LINE
  8
0
 10
6.38046
 20
1.23329
 11
6.37943
 21
1.23651
  0
LINE
  8
0
 10
6.37943
 20
1.23651
 11
6.37851
 21
1.23976
  0
LINE
  8
0
 10
6.37851
 20
1.23976
 11
6.37775
 21
1.24306
  0
LINE
  8
0
 10
6.37775
 20
1.24306
 11
6.37711
 21
1.24637
  0
LINE
  8
0
 10
6.37711
 20
1.24637
 11
6.37662
 21
1.24973
  0
LINE
  8
0
 10
6.37662
 20
1.24973
 11
6.37627
 21
1.25308
  0
LINE
  8
0
 10
6.37627
 20
1.25308
 11
6.37605
 21
1.25645
  0
LINE
  8
0
 10
6.37605
 20
1.25645
 11
6.37598
 21
1.25984
  0
LINE
  8
0
 10
6.37598
 20
1.25984
 11
6.37605
 21
1.26321
  0
LINE
  8
0
 10
6.37605
 20
1.26321
 11
6.37627
 21
1.26659
  0
LINE
  8
0
 10
6.37627
 20
1.26659
 11
6.37662
 21
1.26994
  0
LINE
  8
0
 10
6.37662
 20
1.26994
 11
6.37711
 21
1.2733
  0
LINE
  8
0
 10
6.37711
 20
1.2733
 11
6.37775
 21
1.27661
  0
LINE
  8
0
 10
6.37775
 20
1.27661
 11
6.37851
 21
1.27991
  0
LINE
  8
0
 10
6.37851
 20
1.27991
 11
6.37943
 21
1.28316
  0
LINE
  8
0
 10
6.37943
 20
1.28316
 11
6.38046
 21
1.28638
  0
LINE
  8
0
 10
6.38046
 20
1.28638
 11
6.38165
 21
1.28955
  0
LINE
  8
0
 10
6.38165
 20
1.28955
 11
6.38297
 21
1.29266
  0
LINE
  8
0
 10
6.38297
 20
1.29266
 11
6.3844
 21
1.29572
  0
LINE
  8
0
 10
6.3844
 20
1.29572
 11
6.38597
 21
1.29872
  0
LINE
  8
0
 10
6.38597
 20
1.29872
 11
6.38765
 21
1.30165
  0
LINE
  8
0
 10
6.38765
 20
1.30165
 11
6.38947
 21
1.3045
  0
LINE
  8
0
 10
6.38947
 20
1.3045
 11
6.39139
 21
1.30728
  0
LINE
  8
0
 10
6.39139
 20
1.30728
 11
6.39343
 21
1.30997
  0
LINE
  8
0
 10
6.39343
 20
1.30997
 11
6.3956
 21
1.31258
  0
LINE
  8
0
 10
6.3956
 20
1.31258
 11
6.39786
 21
1.31508
  0
LINE
  8
0
 10
6.39786
 20
1.31508
 11
6.40022
 21
1.3175
  0
LINE
  8
0
 10
6.40022
 20
1.3175
 11
6.40268
 21
1.31981
  0
LINE
  8
0
 10
6.40268
 20
1.31981
 11
6.40524
 21
1.32202
  0
LINE
  8
0
 10
6.40524
 20
1.32202
 11
6.4079
 21
1.32413
  0
LINE
  8
0
 10
6.4079
 20
1.32413
 11
6.41063
 21
1.32611
  0
LINE
  8
0
 10
6.41063
 20
1.32611
 11
6.41344
 21
1.32797
  0
LINE
  8
0
 10
6.41344
 20
1.32797
 11
6.41634
 21
1.32973
  0
LINE
  8
0
 10
6.41634
 20
1.32973
 11
6.4193
 21
1.33136
  0
LINE
  8
0
 10
6.4193
 20
1.33136
 11
6.42232
 21
1.33286
  0
LINE
  8
0
 10
6.42232
 20
1.33286
 11
6.42542
 21
1.33424
  0
LINE
  8
0
 10
6.42542
 20
1.33424
 11
6.42856
 21
1.33548
  0
LINE
  8
0
 10
6.42856
 20
1.33548
 11
6.43175
 21
1.33659
  0
LINE
  8
0
 10
6.43175
 20
1.33659
 11
6.43498
 21
1.33757
  0
LINE
  8
0
 10
6.43498
 20
1.33757
 11
6.43826
 21
1.33841
  0
LINE
  8
0
 10
6.43826
 20
1.33841
 11
6.44156
 21
1.33911
  0
LINE
  8
0
 10
6.44156
 20
1.33911
 11
6.4449
 21
1.33968
  0
LINE
  8
0
 10
6.4449
 20
1.33968
 11
6.44826
 21
1.3401
  0
LINE
  8
0
 10
6.44826
 20
1.3401
 11
6.45161
 21
1.34038
  0
LINE
  8
0
 10
6.45161
 20
1.34038
 11
6.455
 21
1.34053
  0
LINE
  8
0
 10
6.455
 20
1.34053
 11
6.45837
 21
1.34053
  0
LINE
  8
0
 10
6.45837
 20
1.34053
 11
6.46176
 21
1.34038
  0
LINE
  8
0
 10
6.46176
 20
1.34038
 11
6.46512
 21
1.3401
  0
LINE
  8
0
 10
6.46512
 20
1.3401
 11
6.46848
 21
1.33968
  0
LINE
  8
0
 10
6.46848
 20
1.33968
 11
6.47182
 21
1.33911
  0
LINE
  8
0
 10
6.47182
 20
1.33911
 11
6.47511
 21
1.33841
  0
LINE
  8
0
 10
6.47511
 20
1.33841
 11
6.47839
 21
1.33757
  0
LINE
  8
0
 10
6.47839
 20
1.33757
 11
6.48163
 21
1.33659
  0
LINE
  8
0
 10
6.48163
 20
1.33659
 11
6.48482
 21
1.33548
  0
LINE
  8
0
 10
6.48482
 20
1.33548
 11
6.48796
 21
1.33424
  0
LINE
  8
0
 10
6.48796
 20
1.33424
 11
6.49106
 21
1.33286
  0
LINE
  8
0
 10
6.49106
 20
1.33286
 11
6.49408
 21
1.33136
  0
LINE
  8
0
 10
6.49408
 20
1.33136
 11
6.49704
 21
1.32973
  0
LINE
  8
0
 10
6.49704
 20
1.32973
 11
6.49994
 21
1.32797
  0
LINE
  8
0
 10
6.49994
 20
1.32797
 11
6.50275
 21
1.32611
  0
LINE
  8
0
 10
6.50275
 20
1.32611
 11
6.50549
 21
1.32413
  0
LINE
  8
0
 10
6.50549
 20
1.32413
 11
6.50813
 21
1.32202
  0
LINE
  8
0
 10
6.50813
 20
1.32202
 11
6.5107
 21
1.31981
  0
LINE
  8
0
 10
6.5107
 20
1.31981
 11
6.51315
 21
1.3175
  0
LINE
  8
0
 10
6.51315
 20
1.3175
 11
6.51552
 21
1.31508
  0
LINE
  8
0
 10
6.51552
 20
1.31508
 11
6.51779
 21
1.31258
  0
LINE
  8
0
 10
6.51779
 20
1.31258
 11
6.51994
 21
1.30997
  0
LINE
  8
0
 10
6.51994
 20
1.30997
 11
6.52199
 21
1.30728
  0
LINE
  8
0
 10
6.52199
 20
1.30728
 11
6.52391
 21
1.3045
  0
LINE
  8
0
 10
6.52391
 20
1.3045
 11
6.52573
 21
1.30165
  0
LINE
  8
0
 10
6.52573
 20
1.30165
 11
6.52742
 21
1.29872
  0
LINE
  8
0
 10
6.52742
 20
1.29872
 11
6.52898
 21
1.29572
  0
LINE
  8
0
 10
6.52898
 20
1.29572
 11
6.53043
 21
1.29266
  0
LINE
  8
0
 10
6.53043
 20
1.29266
 11
6.53172
 21
1.28955
  0
LINE
  8
0
 10
6.53172
 20
1.28955
 11
6.53291
 21
1.28638
  0
LINE
  8
0
 10
6.53291
 20
1.28638
 11
6.53395
 21
1.28316
  0
LINE
  8
0
 10
6.53395
 20
1.28316
 11
6.53487
 21
1.27991
  0
LINE
  8
0
 10
6.53487
 20
1.27991
 11
6.53563
 21
1.27661
  0
LINE
  8
0
 10
6.53563
 20
1.27661
 11
6.53627
 21
1.2733
  0
LINE
  8
0
 10
6.53627
 20
1.2733
 11
6.53676
 21
1.26994
  0
LINE
  8
0
 10
6.53676
 20
1.26994
 11
6.53711
 21
1.26659
  0
LINE
  8
0
 10
6.53711
 20
1.26659
 11
6.53732
 21
1.26321
  0
LINE
  8
0
 10
6.53732
 20
1.26321
 11
6.5374
 21
1.25984
  0
LINE
  8
0
 10
6.5374
 20
1.25984
 11
6.53732
 21
1.25645
  0
LINE
  8
0
 10
6.53732
 20
1.25645
 11
6.53711
 21
1.25308
  0
LINE
  8
0
 10
6.53711
 20
1.25308
 11
6.53676
 21
1.24973
  0
LINE
  8
0
 10
6.53676
 20
1.24973
 11
6.53627
 21
1.24637
  0
LINE
  8
0
 10
6.53627
 20
1.24637
 11
6.53563
 21
1.24306
  0
LINE
  8
0
 10
6.53563
 20
1.24306
 11
6.53487
 21
1.23976
  0
LINE
  8
0
 10
6.53487
 20
1.23976
 11
6.53395
 21
1.23651
  0
LINE
  8
0
 10
6.53395
 20
1.23651
 11
6.53291
 21
1.23329
  0
LINE
  8
0
 10
6.53291
 20
1.23329
 11
6.53172
 21
1.23012
  0
LINE
  8
0
 10
6.53172
 20
1.23012
 11
6.53043
 21
1.22701
  0
LINE
  8
0
 10
6.53043
 20
1.22701
 11
6.52898
 21
1.22395
  0
LINE
  8
0
 10
6.52898
 20
1.22395
 11
6.52742
 21
1.22095
  0
LINE
  8
0
 10
6.52742
 20
1.22095
 11
6.52573
 21
1.21803
  0
LINE
  8
0
 10
6.52573
 20
1.21803
 11
6.52391
 21
1.21516
  0
LINE
  8
0
 10
6.52391
 20
1.21516
 11
6.52199
 21
1.2124
  0
LINE
  8
0
 10
6.52199
 20
1.2124
 11
6.51994
 21
1.2097
  0
LINE
  8
0
 10
6.51994
 20
1.2097
 11
6.51779
 21
1.20709
  0
LINE
  8
0
 10
6.51779
 20
1.20709
 11
6.51552
 21
1.20459
  0
LINE
  8
0
 10
6.51552
 20
1.20459
 11
6.51315
 21
1.20216
  0
LINE
  8
0
 10
6.51315
 20
1.20216
 11
6.5107
 21
1.19986
  0
LINE
  8
0
 10
6.5107
 20
1.19986
 11
6.50813
 21
1.19765
  0
LINE
  8
0
 10
6.50813
 20
1.19765
 11
6.50549
 21
1.19554
  0
LINE
  8
0
 10
6.50549
 20
1.19554
 11
6.50275
 21
1.19356
  0
LINE
  8
0
 10
6.50275
 20
1.19356
 11
6.49994
 21
1.1917
  0
LINE
  8
0
 10
6.49994
 20
1.1917
 11
6.49704
 21
1.18994
  0
LINE
  8
0
 10
6.49704
 20
1.18994
 11
6.49408
 21
1.18831
  0
LINE
  8
0
 10
6.49408
 20
1.18831
 11
6.49106
 21
1.18681
  0
LINE
  8
0
 10
6.49106
 20
1.18681
 11
6.48796
 21
1.18542
  0
LINE
  8
0
 10
6.48796
 20
1.18542
 11
6.48482
 21
1.18419
  0
LINE
  8
0
 10
6.48482
 20
1.18419
 11
6.48163
 21
1.18307
  0
LINE
  8
0
 10
6.48163
 20
1.18307
 11
6.47839
 21
1.1821
  0
LINE
  8
0
 10
6.47839
 20
1.1821
 11
6.47511
 21
1.18126
  0
LINE
  8
0
 10
6.47511
 20
1.18126
 11
6.47182
 21
1.18056
  0
LINE
  8
0
 10
6.47182
 20
1.18056
 11
6.46848
 21
1.17999
  0
LINE
  8
0
 10
6.46848
 20
1.17999
 11
6.46512
 21
1.17957
  0
LINE
  8
0
 10
6.46512
 20
1.17957
 11
6.46176
 21
1.17929
  0
LINE
  8
0
 10
6.46176
 20
1.17929
 11
6.45837
 21
1.17914
  0
LINE
  8
0
 10
6.45837
 20
1.17914
 11
6.455
 21
1.17914
  0
LINE
  8
0
 10
6.455
 20
0.864182
 11
6.45161
 21
0.864319
  0
LINE
  8
0
 10
6.45161
 20
0.864319
 11
6.44826
 21
0.864609
  0
LINE
  8
0
 10
6.44826
 20
0.864609
 11
6.4449
 21
0.865036
  0
LINE
  8
0
 10
6.4449
 20
0.865036
 11
6.44156
 21
0.865601
  0
LINE
  8
0
 10
6.44156
 20
0.865601
 11
6.43826
 21
0.866302
  0
LINE
  8
0
 10
6.43826
 20
0.866302
 11
6.43498
 21
0.867142
  0
LINE
  8
0
 10
6.43498
 20
0.867142
 11
6.43175
 21
0.868118
  0
LINE
  8
0
 10
6.43175
 20
0.868118
 11
6.42856
 21
0.869232
  0
LINE
  8
0
 10
6.42856
 20
0.869232
 11
6.42542
 21
0.870468
  0
LINE
  8
0
 10
6.42542
 20
0.870468
 11
6.42232
 21
0.871841
  0
LINE
  8
0
 10
6.42232
 20
0.871841
 11
6.4193
 21
0.873352
  0
LINE
  8
0
 10
6.4193
 20
0.873352
 11
6.41634
 21
0.874985
  0
LINE
  8
0
 10
6.41634
 20
0.874985
 11
6.41344
 21
0.876724
  0
LINE
  8
0
 10
6.41344
 20
0.876724
 11
6.41063
 21
0.878601
  0
LINE
  8
0
 10
6.41063
 20
0.878601
 11
6.4079
 21
0.880585
  0
LINE
  8
0
 10
6.4079
 20
0.880585
 11
6.40524
 21
0.88269
  0
LINE
  8
0
 10
6.40524
 20
0.88269
 11
6.40268
 21
0.884903
  0
LINE
  8
0
 10
6.40268
 20
0.884903
 11
6.40022
 21
0.887207
  0
LINE
  8
0
 10
6.40022
 20
0.887207
 11
6.39786
 21
0.889618
  0
LINE
  8
0
 10
6.39786
 20
0.889618
 11
6.3956
 21
0.892136
  0
LINE
  8
0
 10
6.3956
 20
0.892136
 11
6.39343
 21
0.894745
  0
LINE
  8
0
 10
6.39343
 20
0.894745
 11
6.39139
 21
0.89743
  0
LINE
  8
0
 10
6.39139
 20
0.89743
 11
6.38947
 21
0.900208
  0
LINE
  8
0
 10
6.38947
 20
0.900208
 11
6.38765
 21
0.903061
  0
LINE
  8
0
 10
6.38765
 20
0.903061
 11
6.38597
 21
0.905991
  0
LINE
  8
0
 10
6.38597
 20
0.905991
 11
6.3844
 21
0.908981
  0
LINE
  8
0
 10
6.3844
 20
0.908981
 11
6.38297
 21
0.912048
  0
LINE
  8
0
 10
6.38297
 20
0.912048
 11
6.38165
 21
0.915161
  0
LINE
  8
0
 10
6.38165
 20
0.915161
 11
6.38046
 21
0.918335
  0
LINE
  8
0
 10
6.38046
 20
0.918335
 11
6.37943
 21
0.921539
  0
LINE
  8
0
 10
6.37943
 20
0.921539
 11
6.37851
 21
0.924805
  0
LINE
  8
0
 10
6.37851
 20
0.924805
 11
6.37775
 21
0.928101
  0
LINE
  8
0
 10
6.37775
 20
0.928101
 11
6.37711
 21
0.931412
  0
LINE
  8
0
 10
6.37711
 20
0.931412
 11
6.37662
 21
0.934753
  0
LINE
  8
0
 10
6.37662
 20
0.934753
 11
6.37627
 21
0.938126
  0
LINE
  8
0
 10
6.37627
 20
0.938126
 11
6.37605
 21
0.941498
  0
LINE
  8
0
 10
6.37605
 20
0.941498
 11
6.37598
 21
0.94487
  0
LINE
  8
0
 10
6.37598
 20
0.94487
 11
6.37605
 21
0.948257
  0
LINE
  8
0
 10
6.37605
 20
0.948257
 11
6.37627
 21
0.95163
  0
LINE
  8
0
 10
6.37627
 20
0.95163
 11
6.37662
 21
0.954987
  0
LINE
  8
0
 10
6.37662
 20
0.954987
 11
6.37711
 21
0.958328
  0
LINE
  8
0
 10
6.37711
 20
0.958328
 11
6.37775
 21
0.961655
  0
LINE
  8
0
 10
6.37775
 20
0.961655
 11
6.37851
 21
0.964951
  0
LINE
  8
0
 10
6.37851
 20
0.964951
 11
6.37943
 21
0.968201
  0
LINE
  8
0
 10
6.37943
 20
0.968201
 11
6.38046
 21
0.97142
  0
LINE
  8
0
 10
6.38046
 20
0.97142
 11
6.38165
 21
0.974579
  0
LINE
  8
0
 10
6.38165
 20
0.974579
 11
6.38297
 21
0.977707
  0
LINE
  8
0
 10
6.38297
 20
0.977707
 11
6.3844
 21
0.980759
  0
LINE
  8
0
 10
6.3844
 20
0.980759
 11
6.38597
 21
0.983749
  0
LINE
  8
0
 10
6.38597
 20
0.983749
 11
6.38765
 21
0.986679
  0
LINE
  8
0
 10
6.38765
 20
0.986679
 11
6.38947
 21
0.989532
  0
LINE
  8
0
 10
6.38947
 20
0.989532
 11
6.39139
 21
0.99231
  0
LINE
  8
0
 10
6.39139
 20
0.99231
 11
6.39343
 21
0.99501
  0
LINE
  8
0
 10
6.39343
 20
0.99501
 11
6.3956
 21
0.997604
  0
LINE
  8
0
 10
6.3956
 20
0.997604
 11
6.39786
 21
1.00012
  0
LINE
  8
0
 10
6.39786
 20
1.00012
 11
6.40022
 21
1.00253
  0
LINE
  8
0
 10
6.40022
 20
1.00253
 11
6.40268
 21
1.00485
  0
LINE
  8
0
 10
6.40268
 20
1.00485
 11
6.40524
 21
1.00706
  0
LINE
  8
0
 10
6.40524
 20
1.00706
 11
6.4079
 21
1.00916
  0
LINE
  8
0
 10
6.4079
 20
1.00916
 11
6.41063
 21
1.01115
  0
LINE
  8
0
 10
6.41063
 20
1.01115
 11
6.41344
 21
1.01302
  0
LINE
  8
0
 10
6.41344
 20
1.01302
 11
6.41634
 21
1.01477
  0
LINE
  8
0
 10
6.41634
 20
1.01477
 11
6.4193
 21
1.0164
  0
LINE
  8
0
 10
6.4193
 20
1.0164
 11
6.42232
 21
1.0179
  0
LINE
  8
0
 10
6.42232
 20
1.0179
 11
6.42542
 21
1.01927
  0
LINE
  8
0
 10
6.42542
 20
1.01927
 11
6.42856
 21
1.02052
  0
LINE
  8
0
 10
6.42856
 20
1.02052
 11
6.43175
 21
1.02164
  0
LINE
  8
0
 10
6.43175
 20
1.02164
 11
6.43498
 21
1.02261
  0
LINE
  8
0
 10
6.43498
 20
1.02261
 11
6.43826
 21
1.02345
  0
LINE
  8
0
 10
6.43826
 20
1.02345
 11
6.44156
 21
1.02415
  0
LINE
  8
0
 10
6.44156
 20
1.02415
 11
6.4449
 21
1.02472
  0
LINE
  8
0
 10
6.4449
 20
1.02472
 11
6.44826
 21
1.02515
  0
LINE
  8
0
 10
6.44826
 20
1.02515
 11
6.45161
 21
1.02542
  0
LINE
  8
0
 10
6.45161
 20
1.02542
 11
6.455
 21
1.02556
  0
LINE
  8
0
 10
6.455
 20
1.02556
 11
6.45837
 21
1.02556
  0
LINE
  8
0
 10
6.45837
 20
1.02556
 11
6.46176
 21
1.02542
  0
LINE
  8
0
 10
6.46176
 20
1.02542
 11
6.46512
 21
1.02515
  0
LINE
  8
0
 10
6.46512
 20
1.02515
 11
6.46848
 21
1.02472
  0
LINE
  8
0
 10
6.46848
 20
1.02472
 11
6.47182
 21
1.02415
  0
LINE
  8
0
 10
6.47182
 20
1.02415
 11
6.47511
 21
1.02345
  0
LINE
  8
0
 10
6.47511
 20
1.02345
 11
6.47839
 21
1.02261
  0
LINE
  8
0
 10
6.47839
 20
1.02261
 11
6.48163
 21
1.02164
  0
LINE
  8
0
 10
6.48163
 20
1.02164
 11
6.48482
 21
1.02052
  0
LINE
  8
0
 10
6.48482
 20
1.02052
 11
6.48796
 21
1.01927
  0
LINE
  8
0
 10
6.48796
 20
1.01927
 11
6.49106
 21
1.0179
  0
LINE
  8
0
 10
6.49106
 20
1.0179
 11
6.49408
 21
1.0164
  0
LINE
  8
0
 10
6.49408
 20
1.0164
 11
6.49704
 21
1.01477
  0
LINE
  8
0
 10
6.49704
 20
1.01477
 11
6.49994
 21
1.01302
  0
LINE
  8
0
 10
6.49994
 20
1.01302
 11
6.50275
 21
1.01115
  0
LINE
  8
0
 10
6.50275
 20
1.01115
 11
6.50549
 21
1.00916
  0
LINE
  8
0
 10
6.50549
 20
1.00916
 11
6.50813
 21
1.00706
  0
LINE
  8
0
 10
6.50813
 20
1.00706
 11
6.5107
 21
1.00485
  0
LINE
  8
0
 10
6.5107
 20
1.00485
 11
6.51315
 21
1.00253
  0
LINE
  8
0
 10
6.51315
 20
1.00253
 11
6.51552
 21
1.00012
  0
LINE
  8
0
 10
6.51552
 20
1.00012
 11
6.51779
 21
0.997604
  0
LINE
  8
0
 10
6.51779
 20
0.997604
 11
6.51994
 21
0.99501
  0
LINE
  8
0
 10
6.51994
 20
0.99501
 11
6.52199
 21
0.99231
  0
LINE
  8
0
 10
6.52199
 20
0.99231
 11
6.52391
 21
0.989532
  0
LINE
  8
0
 10
6.52391
 20
0.989532
 11
6.52573
 21
0.986679
  0
LINE
  8
0
 10
6.52573
 20
0.986679
 11
6.52742
 21
0.983749
  0
LINE
  8
0
 10
6.52742
 20
0.983749
 11
6.52898
 21
0.980759
  0
LINE
  8
0
 10
6.52898
 20
0.980759
 11
6.53043
 21
0.977707
  0
LINE
  8
0
 10
6.53043
 20
0.977707
 11
6.53172
 21
0.974579
  0
LINE
  8
0
 10
6.53172
 20
0.974579
 11
6.53291
 21
0.97142
  0
LINE
  8
0
 10
6.53291
 20
0.97142
 11
6.53395
 21
0.968201
  0
LINE
  8
0
 10
6.53395
 20
0.968201
 11
6.53487
 21
0.964951
  0
LINE
  8
0
 10
6.53487
 20
0.964951
 11
6.53563
 21
0.961655
  0
LINE
  8
0
 10
6.53563
 20
0.961655
 11
6.53627
 21
0.958328
  0
LINE
  8
0
 10
6.53627
 20
0.958328
 11
6.53676
 21
0.954987
  0
LINE
  8
0
 10
6.53676
 20
0.954987
 11
6.53711
 21
0.95163
  0
LINE
  8
0
 10
6.53711
 20
0.95163
 11
6.53732
 21
0.948257
  0
LINE
  8
0
 10
6.53732
 20
0.948257
 11
6.5374
 21
0.94487
  0
LINE
  8
0
 10
6.5374
 20
0.94487
 11
6.53732
 21
0.941498
  0
LINE
  8
0
 10
6.53732
 20
0.941498
 11
6.53711
 21
0.938126
  0
LINE
  8
0
 10
6.53711
 20
0.938126
 11
6.53676
 21
0.934753
  0
LINE
  8
0
 10
6.53676
 20
0.934753
 11
6.53627
 21
0.931412
  0
LINE
  8
0
 10
6.53627
 20
0.931412
 11
6.53563
 21
0.928101
  0
LINE
  8
0
 10
6.53563
 20
0.928101
 11
6.53487
 21
0.924805
  0
LINE
  8
0
 10
6.53487
 20
0.924805
 11
6.53395
 21
0.921539
  0
LINE
  8
0
 10
6.53395
 20
0.921539
 11
6.53291
 21
0.918335
  0
LINE
  8
0
 10
6.53291
 20
0.918335
 11
6.53172
 21
0.915161
  0
LINE
  8
0
 10
6.53172
 20
0.915161
 11
6.53043
 21
0.912048
  0
LINE
  8
0
 10
6.53043
 20
0.912048
 11
6.52898
 21
0.908981
  0
LINE
  8
0
 10
6.52898
 20
0.908981
 11
6.52742
 21
0.905991
  0
LINE
  8
0
 10
6.52742
 20
0.905991
 11
6.52573
 21
0.903061
  0
LINE
  8
0
 10
6.52573
 20
0.903061
 11
6.52391
 21
0.900208
  0
LINE
  8
0
 10
6.52391
 20
0.900208
 11
6.52199
 21
0.89743
  0
LINE
  8
0
 10
6.52199
 20
0.89743
 11
6.51994
 21
0.894745
  0
LINE
  8
0
 10
6.51994
 20
0.894745
 11
6.51779
 21
0.892136
  0
LINE
  8
0
 10
6.51779
 20
0.892136
 11
6.51552
 21
0.889618
  0
LINE
  8
0
 10
6.51552
 20
0.889618
 11
6.51315
 21
0.887207
  0
LINE
  8
0
 10
6.51315
 20
0.887207
 11
6.5107
 21
0.884903
  0
LINE
  8
0
 10
6.5107
 20
0.884903
 11
6.50813
 21
0.88269
  0
LINE
  8
0
 10
6.50813
 20
0.88269
 11
6.50549
 21
0.880585
  0
LINE
  8
0
 10
6.50549
 20
0.880585
 11
6.50275
 21
0.878601
  0
LINE
  8
0
 10
6.50275
 20
0.878601
 11
6.49994
 21
0.876724
  0
LINE
  8
0
 10
6.49994
 20
0.876724
 11
6.49704
 21
0.874985
  0
LINE
  8
0
 10
6.49704
 20
0.874985
 11
6.49408
 21
0.873352
  0
LINE
  8
0
 10
6.49408
 20
0.873352
 11
6.49106
 21
0.871841
  0
LINE
  8
0
 10
6.49106
 20
0.871841
 11
6.48796
 21
0.870468
  0
LINE
  8
0
 10
6.48796
 20
0.870468
 11
6.48482
 21
0.869232
  0
LINE
  8
0
 10
6.48482
 20
0.869232
 11
6.48163
 21
0.868118
  0
LINE
  8
0
 10
6.48163
 20
0.868118
 11
6.47839
 21
0.867142
  0
LINE
  8
0
 10
6.47839
 20
0.867142
 11
6.47511
 21
0.866302
  0
LINE
  8
0
 10
6.47511
 20
0.866302
 11
6.47182
 21
0.865601
  0
LINE
  8
0
 10
6.47182
 20
0.865601
 11
6.46848
 21
0.865036
  0
LINE
  8
0
 10
6.46848
 20
0.865036
 11
6.46512
 21
0.864609
  0
LINE
  8
0
 10
6.46512
 20
0.864609
 11
6.46176
 21
0.864319
  0
LINE
  8
0
 10
6.46176
 20
0.864319
 11
6.45837
 21
0.864182
  0
LINE
  8
0
 10
6.45837
 20
0.864182
 11
6.455
 21
0.864182
  0
LINE
  8
0
 10
-6.45837
 20
0.864182
 11
-6.46176
 21
0.864319
  0
LINE
  8
0
 10
-6.46176
 20
0.864319
 11
-6.46512
 21
0.864609
  0
LINE
  8
0
 10
-6.46512
 20
0.864609
 11
-6.46848
 21
0.865036
  0
LINE
  8
0
 10
-6.46848
 20
0.865036
 11
-6.47182
 21
0.865601
  0
LINE
  8
0
 10
-6.47182
 20
0.865601
 11
-6.47511
 21
0.866302
  0
LINE
  8
0
 10
-6.47511
 20
0.866302
 11
-6.47839
 21
0.867142
  0
LINE
  8
0
 10
-6.47839
 20
0.867142
 11
-6.48163
 21
0.868118
  0
LINE
  8
0
 10
-6.48163
 20
0.868118
 11
-6.48482
 21
0.869232
  0
LINE
  8
0
 10
-6.48482
 20
0.869232
 11
-6.48796
 21
0.870468
  0
LINE
  8
0
 10
-6.48796
 20
0.870468
 11
-6.49106
 21
0.871841
  0
LINE
  8
0
 10
-6.49106
 20
0.871841
 11
-6.49408
 21
0.873352
  0
LINE
  8
0
 10
-6.49408
 20
0.873352
 11
-6.49704
 21
0.874985
  0
LINE
  8
0
 10
-6.49704
 20
0.874985
 11
-6.49994
 21
0.876724
  0
LINE
  8
0
 10
-6.49994
 20
0.876724
 11
-6.50275
 21
0.878601
  0
LINE
  8
0
 10
-6.50275
 20
0.878601
 11
-6.50549
 21
0.880585
  0
LINE
  8
0
 10
-6.50549
 20
0.880585
 11
-6.50813
 21
0.88269
  0
LINE
  8
0
 10
-6.50813
 20
0.88269
 11
-6.5107
 21
0.884903
  0
LINE
  8
0
 10
-6.5107
 20
0.884903
 11
-6.51315
 21
0.887207
  0
LINE
  8
0
 10
-6.51315
 20
0.887207
 11
-6.51552
 21
0.889618
  0
LINE
  8
0
 10
-6.51552
 20
0.889618
 11
-6.51779
 21
0.892136
  0
LINE
  8
0
 10
-6.51779
 20
0.892136
 11
-6.51994
 21
0.894745
  0
LINE
  8
0
 10
-6.51994
 20
0.894745
 11
-6.52199
 21
0.89743
  0
LINE
  8
0
 10
-6.52199
 20
0.89743
 11
-6.52391
 21
0.900208
  0
LINE
  8
0
 10
-6.52391
 20
0.900208
 11
-6.52573
 21
0.903061
  0
LINE
  8
0
 10
-6.52573
 20
0.903061
 11
-6.52742
 21
0.905991
  0
LINE
  8
0
 10
-6.52742
 20
0.905991
 11
-6.52898
 21
0.908981
  0
LINE
  8
0
 10
-6.52898
 20
0.908981
 11
-6.53043
 21
0.912048
  0
LINE
  8
0
 10
-6.53043
 20
0.912048
 11
-6.53172
 21
0.915161
  0
LINE
  8
0
 10
-6.53172
 20
0.915161
 11
-6.53291
 21
0.918335
  0
LINE
  8
0
 10
-6.53291
 20
0.918335
 11
-6.53395
 21
0.921539
  0
LINE
  8
0
 10
-6.53395
 20
0.921539
 11
-6.53487
 21
0.924805
  0
LINE
  8
0
 10
-6.53487
 20
0.924805
 11
-6.53563
 21
0.928101
  0
LINE
  8
0
 10
-6.53563
 20
0.928101
 11
-6.53627
 21
0.931412
  0
LINE
  8
0
 10
-6.53627
 20
0.931412
 11
-6.53676
 21
0.934753
  0
LINE
  8
0
 10
-6.53676
 20
0.934753
 11
-6.53711
 21
0.938126
  0
LINE
  8
0
 10
-6.53711
 20
0.938126
 11
-6.53732
 21
0.941498
  0
LINE
  8
0
 10
-6.53732
 20
0.941498
 11
-6.5374
 21
0.94487
  0
LINE
  8
0
 10
-6.5374
 20
0.94487
 11
-6.53732
 21
0.948257
  0
LINE
  8
0
 10
-6.53732
 20
0.948257
 11
-6.53711
 21
0.95163
  0
LINE
  8
0
 10
-6.53711
 20
0.95163
 11
-6.53676
 21
0.954987
  0
LINE
  8
0
 10
-6.53676
 20
0.954987
 11
-6.53627
 21
0.958328
  0
LINE
  8
0
 10
-6.53627
 20
0.958328
 11
-6.53563
 21
0.961655
  0
LINE
  8
0
 10
-6.53563
 20
0.961655
 11
-6.53487
 21
0.964951
  0
LINE
  8
0
 10
-6.53487
 20
0.964951
 11
-6.53395
 21
0.968201
  0
LINE
  8
0
 10
-6.53395
 20
0.968201
 11
-6.53291
 21
0.97142
  0
LINE
  8
0
 10
-6.53291
 20
0.97142
 11
-6.53172
 21
0.974579
  0
LINE
  8
0
 10
-6.53172
 20
0.974579
 11
-6.53043
 21
0.977707
  0
LINE
  8
0
 10
-6.53043
 20
0.977707
 11
-6.52898
 21
0.980759
  0
LINE
  8
0
 10
-6.52898
 20
0.980759
 11
-6.52742
 21
0.983749
  0
LINE
  8
0
 10
-6.52742
 20
0.983749
 11
-6.52573
 21
0.986679
  0
LINE
  8
0
 10
-6.52573
 20
0.986679
 11
-6.52391
 21
0.989532
  0
LINE
  8
0
 10
-6.52391
 20
0.989532
 11
-6.52199
 21
0.99231
  0
LINE
  8
0
 10
-6.52199
 20
0.99231
 11
-6.51994
 21
0.99501
  0
LINE
  8
0
 10
-6.51994
 20
0.99501
 11
-6.51779
 21
0.997604
  0
LINE
  8
0
 10
-6.51779
 20
0.997604
 11
-6.51552
 21
1.00012
  0
LINE
  8
0
 10
-6.51552
 20
1.00012
 11
-6.51315
 21
1.00253
  0
LINE
  8
0
 10
-6.51315
 20
1.00253
 11
-6.5107
 21
1.00485
  0
LINE
  8
0
 10
-6.5107
 20
1.00485
 11
-6.50813
 21
1.00706
  0
LINE
  8
0
 10
-6.50813
 20
1.00706
 11
-6.50549
 21
1.00916
  0
LINE
  8
0
 10
-6.50549
 20
1.00916
 11
-6.50275
 21
1.01115
  0
LINE
  8
0
 10
-6.50275
 20
1.01115
 11
-6.49994
 21
1.01302
  0
LINE
  8
0
 10
-6.49994
 20
1.01302
 11
-6.49704
 21
1.01477
  0
LINE
  8
0
 10
-6.49704
 20
1.01477
 11
-6.49408
 21
1.0164
  0
LINE
  8
0
 10
-6.49408
 20
1.0164
 11
-6.49106
 21
1.0179
  0
LINE
  8
0
 10
-6.49106
 20
1.0179
 11
-6.48796
 21
1.01927
  0
LINE
  8
0
 10
-6.48796
 20
1.01927
 11
-6.48482
 21
1.02052
  0
LINE
  8
0
 10
-6.48482
 20
1.02052
 11
-6.48163
 21
1.02164
  0
LINE
  8
0
 10
-6.48163
 20
1.02164
 11
-6.47839
 21
1.02261
  0
LINE
  8
0
 10
-6.47839
 20
1.02261
 11
-6.47511
 21
1.02345
  0
LINE
  8
0
 10
-6.47511
 20
1.02345
 11
-6.47182
 21
1.02415
  0
LINE
  8
0
 10
-6.47182
 20
1.02415
 11
-6.46848
 21
1.02472
  0
LINE
  8
0
 10
-6.46848
 20
1.02472
 11
-6.46512
 21
1.02515
  0
LINE
  8
0
 10
-6.46512
 20
1.02515
 11
-6.46176
 21
1.02542
  0
LINE
  8
0
 10
-6.46176
 20
1.02542
 11
-6.45837
 21
1.02556
  0
LINE
  8
0
 10
-6.45837
 20
1.02556
 11
-6.455
 21
1.02556
  0
LINE
  8
0
 10
-6.455
 20
1.02556
 11
-6.45161
 21
1.02542
  0
LINE
  8
0
 10
-6.45161
 20
1.02542
 11
-6.44826
 21
1.02515
  0
LINE
  8
0
 10
-6.44826
 20
1.02515
 11
-6.4449
 21
1.02472
  0
LINE
  8
0
 10
-6.4449
 20
1.02472
 11
-6.44156
 21
1.02415
  0
LINE
  8
0
 10
-6.44156
 20
1.02415
 11
-6.43826
 21
1.02345
  0
LINE
  8
0
 10
-6.43826
 20
1.02345
 11
-6.43498
 21
1.02261
  0
LINE
  8
0
 10
-6.43498
 20
1.02261
 11
-6.43175
 21
1.02164
  0
LINE
  8
0
 10
-6.43175
 20
1.02164
 11
-6.42856
 21
1.02052
  0
LINE
  8
0
 10
-6.42856
 20
1.02052
 11
-6.42542
 21
1.01927
  0
LINE
  8
0
 10
-6.42542
 20
1.01927
 11
-6.42232
 21
1.0179
  0
LINE
  8
0
 10
-6.42232
 20
1.0179
 11
-6.4193
 21
1.0164
  0
LINE
  8
0
 10
-6.4193
 20
1.0164
 11
-6.41634
 21
1.01477
  0
LINE
  8
0
 10
-6.41634
 20
1.01477
 11
-6.41344
 21
1.01302
  0
LINE
  8
0
 10
-6.41344
 20
1.01302
 11
-6.41063
 21
1.01115
  0
LINE
  8
0
 10
-6.41063
 20
1.01115
 11
-6.4079
 21
1.00916
  0
LINE
  8
0
 10
-6.4079
 20
1.00916
 11
-6.40524
 21
1.00706
  0
LINE
  8
0
 10
-6.40524
 20
1.00706
 11
-6.40268
 21
1.00485
  0
LINE
  8
0
 10
-6.40268
 20
1.00485
 11
-6.40022
 21
1.00253
  0
LINE
  8
0
 10
-6.40022
 20
1.00253
 11
-6.39786
 21
1.00012
  0
LINE
  8
0
 10
-6.39786
 20
1.00012
 11
-6.3956
 21
0.997604
  0
LINE
  8
0
 10
-6.3956
 20
0.997604
 11
-6.39343
 21
0.99501
  0
LINE
  8
0
 10
-6.39343
 20
0.99501
 11
-6.39139
 21
0.99231
  0
LINE
  8
0
 10
-6.39139
 20
0.99231
 11
-6.38947
 21
0.989532
  0
LINE
  8
0
 10
-6.38947
 20
0.989532
 11
-6.38765
 21
0.986679
  0
LINE
  8
0
 10
-6.38765
 20
0.986679
 11
-6.38597
 21
0.983749
  0
LINE
  8
0
 10
-6.38597
 20
0.983749
 11
-6.3844
 21
0.980759
  0
LINE
  8
0
 10
-6.3844
 20
0.980759
 11
-6.38297
 21
0.977707
  0
LINE
  8
0
 10
-6.38297
 20
0.977707
 11
-6.38165
 21
0.974579
  0
LINE
  8
0
 10
-6.38165
 20
0.974579
 11
-6.38046
 21
0.97142
  0
LINE
  8
0
 10
-6.38046
 20
0.97142
 11
-6.37943
 21
0.968201
  0
LINE
  8
0
 10
-6.37943
 20
0.968201
 11
-6.37851
 21
0.964951
  0
LINE
  8
0
 10
-6.37851
 20
0.964951
 11
-6.37775
 21
0.961655
  0
LINE
  8
0
 10
-6.37775
 20
0.961655
 11
-6.37711
 21
0.958328
  0
LINE
  8
0
 10
-6.37711
 20
0.958328
 11
-6.37662
 21
0.954987
  0
LINE
  8
0
 10
-6.37662
 20
0.954987
 11
-6.37627
 21
0.95163
  0
LINE
  8
0
 10
-6.37627
 20
0.95163
 11
-6.37605
 21
0.948257
  0
LINE
  8
0
 10
-6.37605
 20
0.948257
 11
-6.37598
 21
0.94487
  0
LINE
  8
0
 10
-6.37598
 20
0.94487
 11
-6.37605
 21
0.941498
  0
LINE
  8
0
 10
-6.37605
 20
0.941498
 11
-6.37627
 21
0.938126
  0
LINE
  8
0
 10
-6.37627
 20
0.938126
 11
-6.37662
 21
0.934753
  0
LINE
  8
0
 10
-6.37662
 20
0.934753
 11
-6.37711
 21
0.931412
  0
LINE
  8
0
 10
-6.37711
 20
0.931412
 11
-6.37775
 21
0.928101
  0
LINE
  8
0
 10
-6.37775
 20
0.928101
 11
-6.37851
 21
0.924805
  0
LINE
  8
0
 10
-6.37851
 20
0.924805
 11
-6.37943
 21
0.921539
  0
LINE
  8
0
 10
-6.37943
 20
0.921539
 11
-6.38046
 21
0.918335
  0
LINE
  8
0
 10
-6.38046
 20
0.918335
 11
-6.38165
 21
0.915161
  0
LINE
  8
0
 10
-6.38165
 20
0.915161
 11
-6.38297
 21
0.912048
  0
LINE
  8
0
 10
-6.38297
 20
0.912048
 11
-6.3844
 21
0.908981
  0
LINE
  8
0
 10
-6.3844
 20
0.908981
 11
-6.38597
 21
0.905991
  0
LINE
  8
0
 10
-6.38597
 20
0.905991
 11
-6.38765
 21
0.903061
  0
LINE
  8
0
 10
-6.38765
 20
0.903061
 11
-6.38947
 21
0.900208
  0
LINE
  8
0
 10
-6.38947
 20
0.900208
 11
-6.39139
 21
0.89743
  0
LINE
  8
0
 10
-6.39139
 20
0.89743
 11
-6.39343
 21
0.894745
  0
LINE
  8
0
 10
-6.39343
 20
0.894745
 11
-6.3956
 21
0.892136
  0
LINE
  8
0
 10
-6.3956
 20
0.892136
 11
-6.39786
 21
0.889618
  0
LINE
  8
0
 10
-6.39786
 20
0.889618
 11
-6.40022
 21
0.887207
  0
LINE
  8
0
 10
-6.40022
 20
0.887207
 11
-6.40268
 21
0.884903
  0
LINE
  8
0
 10
-6.40268
 20
0.884903
 11
-6.40524
 21
0.88269
  0
LINE
  8
0
 10
-6.40524
 20
0.88269
 11
-6.4079
 21
0.880585
  0
LINE
  8
0
 10
-6.4079
 20
0.880585
 11
-6.41063
 21
0.878601
  0
LINE
  8
0
 10
-6.41063
 20
0.878601
 11
-6.41344
 21
0.876724
  0
LINE
  8
0
 10
-6.41344
 20
0.876724
 11
-6.41634
 21
0.874985
  0
LINE
  8
0
 10
-6.41634
 20
0.874985
 11
-6.4193
 21
0.873352
  0
LINE
  8
0
 10
-6.4193
 20
0.873352
 11
-6.42232
 21
0.871841
  0
LINE
  8
0
 10
-6.42232
 20
0.871841
 11
-6.42542
 21
0.870468
  0
LINE
  8
0
 10
-6.42542
 20
0.870468
 11
-6.42856
 21
0.869232
  0
LINE
  8
0
 10
-6.42856
 20
0.869232
 11
-6.43175
 21
0.868118
  0
LINE
  8
0
 10
-6.43175
 20
0.868118
 11
-6.43498
 21
0.867142
  0
LINE
  8
0
 10
-6.43498
 20
0.867142
 11
-6.43826
 21
0.866302
  0
LINE
  8
0
 10
-6.43826
 20
0.866302
 11
-6.44156
 21
0.865601
  0
LINE
  8
0
 10
-6.44156
 20
0.865601
 11
-6.4449
 21
0.865036
  0
LINE
  8
0
 10
-6.4449
 20
0.865036
 11
-6.44826
 21
0.864609
  0
LINE
  8
0
 10
-6.44826
 20
0.864609
 11
-6.45161
 21
0.864319
  0
LINE
  8
0
 10
-6.45161
 20
0.864319
 11
-6.455
 21
0.864182
  0
LINE
  8
0
 10
-6.455
 20
0.864182
 11
-6.45837
 21
0.864182
  0
LINE
  8
0
 10
-7.71822
 20
0.864182
 11
-7.7216
 21
0.864319
  0
LINE
  8
0
 10
-7.7216
 20
0.864319
 11
-7.72498
 21
0.864609
  0
LINE
  8
0
 10
-7.72498
 20
0.864609
 11
-7.72832
 21
0.865036
  0
LINE
  8
0
 10
-7.72832
 20
0.865036
 11
-7.73166
 21
0.865601
  0
LINE
  8
0
 10
-7.73166
 20
0.865601
 11
-7.73495
 21
0.866302
  0
LINE
  8
0
 10
-7.73495
 20
0.866302
 11
-7.73824
 21
0.867142
  0
LINE
  8
0
 10
-7.73824
 20
0.867142
 11
-7.74147
 21
0.868118
  0
LINE
  8
0
 10
-7.74147
 20
0.868118
 11
-7.74466
 21
0.869232
  0
LINE
  8
0
 10
-7.74466
 20
0.869232
 11
-7.7478
 21
0.870468
  0
LINE
  8
0
 10
-7.7478
 20
0.870468
 11
-7.7509
 21
0.871841
  0
LINE
  8
0
 10
-7.7509
 20
0.871841
 11
-7.75392
 21
0.873352
  0
LINE
  8
0
 10
-7.75392
 20
0.873352
 11
-7.75688
 21
0.874985
  0
LINE
  8
0
 10
-7.75688
 20
0.874985
 11
-7.75978
 21
0.876724
  0
LINE
  8
0
 10
-7.75978
 20
0.876724
 11
-7.76259
 21
0.878601
  0
LINE
  8
0
 10
-7.76259
 20
0.878601
 11
-7.76534
 21
0.880585
  0
LINE
  8
0
 10
-7.76534
 20
0.880585
 11
-7.76797
 21
0.88269
  0
LINE
  8
0
 10
-7.76797
 20
0.88269
 11
-7.77054
 21
0.884903
  0
LINE
  8
0
 10
-7.77054
 20
0.884903
 11
-7.77299
 21
0.887207
  0
LINE
  8
0
 10
-7.77299
 20
0.887207
 11
-7.77536
 21
0.889618
  0
LINE
  8
0
 10
-7.77536
 20
0.889618
 11
-7.77763
 21
0.892136
  0
LINE
  8
0
 10
-7.77763
 20
0.892136
 11
-7.77979
 21
0.894745
  0
LINE
  8
0
 10
-7.77979
 20
0.894745
 11
-7.78183
 21
0.89743
  0
LINE
  8
0
 10
-7.78183
 20
0.89743
 11
-7.78375
 21
0.900208
  0
LINE
  8
0
 10
-7.78375
 20
0.900208
 11
-7.78557
 21
0.903061
  0
LINE
  8
0
 10
-7.78557
 20
0.903061
 11
-7.78726
 21
0.905991
  0
LINE
  8
0
 10
-7.78726
 20
0.905991
 11
-7.78882
 21
0.908981
  0
LINE
  8
0
 10
-7.78882
 20
0.908981
 11
-7.79027
 21
0.912048
  0
LINE
  8
0
 10
-7.79027
 20
0.912048
 11
-7.79158
 21
0.915161
  0
LINE
  8
0
 10
-7.79158
 20
0.915161
 11
-7.79276
 21
0.918335
  0
LINE
  8
0
 10
-7.79276
 20
0.918335
 11
-7.79379
 21
0.921539
  0
LINE
  8
0
 10
-7.79379
 20
0.921539
 11
-7.79471
 21
0.924805
  0
LINE
  8
0
 10
-7.79471
 20
0.924805
 11
-7.79547
 21
0.928101
  0
LINE
  8
0
 10
-7.79547
 20
0.928101
 11
-7.79611
 21
0.931412
  0
LINE
  8
0
 10
-7.79611
 20
0.931412
 11
-7.7966
 21
0.934753
  0
LINE
  8
0
 10
-7.7966
 20
0.934753
 11
-7.79695
 21
0.938126
  0
LINE
  8
0
 10
-7.79695
 20
0.938126
 11
-7.79716
 21
0.941498
  0
LINE
  8
0
 10
-7.79716
 20
0.941498
 11
-7.79724
 21
0.94487
  0
LINE
  8
0
 10
-7.79724
 20
0.94487
 11
-7.79716
 21
0.948257
  0
LINE
  8
0
 10
-7.79716
 20
0.948257
 11
-7.79695
 21
0.95163
  0
LINE
  8
0
 10
-7.79695
 20
0.95163
 11
-7.7966
 21
0.954987
  0
LINE
  8
0
 10
-7.7966
 20
0.954987
 11
-7.79611
 21
0.958328
  0
LINE
  8
0
 10
-7.79611
 20
0.958328
 11
-7.79547
 21
0.961655
  0
LINE
  8
0
 10
-7.79547
 20
0.961655
 11
-7.79471
 21
0.964951
  0
LINE
  8
0
 10
-7.79471
 20
0.964951
 11
-7.79379
 21
0.968201
  0
LINE
  8
0
 10
-7.79379
 20
0.968201
 11
-7.79276
 21
0.97142
  0
LINE
  8
0
 10
-7.79276
 20
0.97142
 11
-7.79158
 21
0.974579
  0
LINE
  8
0
 10
-7.79158
 20
0.974579
 11
-7.79027
 21
0.977707
  0
LINE
  8
0
 10
-7.79027
 20
0.977707
 11
-7.78882
 21
0.980759
  0
LINE
  8
0
 10
-7.78882
 20
0.980759
 11
-7.78726
 21
0.983749
  0
LINE
  8
0
 10
-7.78726
 20
0.983749
 11
-7.78557
 21
0.986679
  0
LINE
  8
0
 10
-7.78557
 20
0.986679
 11
-7.78375
 21
0.989532
  0
LINE
  8
0
 10
-7.78375
 20
0.989532
 11
-7.78183
 21
0.99231
  0
LINE
  8
0
 10
-7.78183
 20
0.99231
 11
-7.77979
 21
0.99501
  0
LINE
  8
0
 10
-7.77979
 20
0.99501
 11
-7.77763
 21
0.997604
  0
LINE
  8
0
 10
-7.77763
 20
0.997604
 11
-7.77536
 21
1.00012
  0
LINE
  8
0
 10
-7.77536
 20
1.00012
 11
-7.77299
 21
1.00253
  0
LINE
  8
0
 10
-7.77299
 20
1.00253
 11
-7.77054
 21
1.00485
  0
LINE
  8
0
 10
-7.77054
 20
1.00485
 11
-7.76797
 21
1.00706
  0
LINE
  8
0
 10
-7.76797
 20
1.00706
 11
-7.76534
 21
1.00916
  0
LINE
  8
0
 10
-7.76534
 20
1.00916
 11
-7.76259
 21
1.01115
  0
LINE
  8
0
 10
-7.76259
 20
1.01115
 11
-7.75978
 21
1.01302
  0
LINE
  8
0
 10
-7.75978
 20
1.01302
 11
-7.75688
 21
1.01477
  0
LINE
  8
0
 10
-7.75688
 20
1.01477
 11
-7.75392
 21
1.0164
  0
LINE
  8
0
 10
-7.75392
 20
1.0164
 11
-7.7509
 21
1.0179
  0
LINE
  8
0
 10
-7.7509
 20
1.0179
 11
-7.7478
 21
1.01927
  0
LINE
  8
0
 10
-7.7478
 20
1.01927
 11
-7.74466
 21
1.02052
  0
LINE
  8
0
 10
-7.74466
 20
1.02052
 11
-7.74147
 21
1.02164
  0
LINE
  8
0
 10
-7.74147
 20
1.02164
 11
-7.73824
 21
1.02261
  0
LINE
  8
0
 10
-7.73824
 20
1.02261
 11
-7.73495
 21
1.02345
  0
LINE
  8
0
 10
-7.73495
 20
1.02345
 11
-7.73166
 21
1.02415
  0
LINE
  8
0
 10
-7.73166
 20
1.02415
 11
-7.72832
 21
1.02472
  0
LINE
  8
0
 10
-7.72832
 20
1.02472
 11
-7.72498
 21
1.02515
  0
LINE
  8
0
 10
-7.72498
 20
1.02515
 11
-7.7216
 21
1.02542
  0
LINE
  8
0
 10
-7.7216
 20
1.02542
 11
-7.71822
 21
1.02556
  0
LINE
  8
0
 10
-7.71822
 20
1.02556
 11
-7.71484
 21
1.02556
  0
LINE
  8
0
 10
-7.71484
 20
1.02556
 11
-7.71147
 21
1.02542
  0
LINE
  8
0
 10
-7.71147
 20
1.02542
 11
-7.7081
 21
1.02515
  0
LINE
  8
0
 10
-7.7081
 20
1.02515
 11
-7.70474
 21
1.02472
  0
LINE
  8
0
 10
-7.70474
 20
1.02472
 11
-7.70142
 21
1.02415
  0
LINE
  8
0
 10
-7.70142
 20
1.02415
 11
-7.6981
 21
1.02345
  0
LINE
  8
0
 10
-7.6981
 20
1.02345
 11
-7.69482
 21
1.02261
  0
LINE
  8
0
 10
-7.69482
 20
1.02261
 11
-7.69159
 21
1.02164
  0
LINE
  8
0
 10
-7.69159
 20
1.02164
 11
-7.6884
 21
1.02052
  0
LINE
  8
0
 10
-7.6884
 20
1.02052
 11
-7.68526
 21
1.01927
  0
LINE
  8
0
 10
-7.68526
 20
1.01927
 11
-7.68217
 21
1.0179
  0
LINE
  8
0
 10
-7.68217
 20
1.0179
 11
-7.67914
 21
1.0164
  0
LINE
  8
0
 10
-7.67914
 20
1.0164
 11
-7.67618
 21
1.01477
  0
LINE
  8
0
 10
-7.67618
 20
1.01477
 11
-7.67328
 21
1.01302
  0
LINE
  8
0
 10
-7.67328
 20
1.01302
 11
-7.67047
 21
1.01115
  0
LINE
  8
0
 10
-7.67047
 20
1.01115
 11
-7.66774
 21
1.00916
  0
LINE
  8
0
 10
-7.66774
 20
1.00916
 11
-7.66508
 21
1.00706
  0
LINE
  8
0
 10
-7.66508
 20
1.00706
 11
-7.66252
 21
1.00485
  0
LINE
  8
0
 10
-7.66252
 20
1.00485
 11
-7.66006
 21
1.00253
  0
LINE
  8
0
 10
-7.66006
 20
1.00253
 11
-7.6577
 21
1.00012
  0
LINE
  8
0
 10
-7.6577
 20
1.00012
 11
-7.65544
 21
0.997604
  0
LINE
  8
0
 10
-7.65544
 20
0.997604
 11
-7.65327
 21
0.99501
  0
LINE
  8
0
 10
-7.65327
 20
0.99501
 11
-7.65123
 21
0.99231
  0
LINE
  8
0
 10
-7.65123
 20
0.99231
 11
-7.64931
 21
0.989532
  0
LINE
  8
0
 10
-7.64931
 20
0.989532
 11
-7.64749
 21
0.986679
  0
LINE
  8
0
 10
-7.64749
 20
0.986679
 11
-7.64581
 21
0.983749
  0
LINE
  8
0
 10
-7.64581
 20
0.983749
 11
-7.64424
 21
0.980759
  0
LINE
  8
0
 10
-7.64424
 20
0.980759
 11
-7.64281
 21
0.977707
  0
LINE
  8
0
 10
-7.64281
 20
0.977707
 11
-7.64149
 21
0.974579
  0
LINE
  8
0
 10
-7.64149
 20
0.974579
 11
-7.64032
 21
0.97142
  0
LINE
  8
0
 10
-7.64032
 20
0.97142
 11
-7.63927
 21
0.968201
  0
LINE
  8
0
 10
-7.63927
 20
0.968201
 11
-7.63835
 21
0.964951
  0
LINE
  8
0
 10
-7.63835
 20
0.964951
 11
-7.63759
 21
0.961655
  0
LINE
  8
0
 10
-7.63759
 20
0.961655
 11
-7.63695
 21
0.958328
  0
LINE
  8
0
 10
-7.63695
 20
0.958328
 11
-7.63646
 21
0.954987
  0
LINE
  8
0
 10
-7.63646
 20
0.954987
 11
-7.63611
 21
0.95163
  0
LINE
  8
0
 10
-7.63611
 20
0.95163
 11
-7.63589
 21
0.948257
  0
LINE
  8
0
 10
-7.63589
 20
0.948257
 11
-7.63582
 21
0.94487
  0
LINE
  8
0
 10
-7.63582
 20
0.94487
 11
-7.63589
 21
0.941498
  0
LINE
  8
0
 10
-7.63589
 20
0.941498
 11
-7.63611
 21
0.938126
  0
LINE
  8
0
 10
-7.63611
 20
0.938126
 11
-7.63646
 21
0.934753
  0
LINE
  8
0
 10
-7.63646
 20
0.934753
 11
-7.63695
 21
0.931412
  0
LINE
  8
0
 10
-7.63695
 20
0.931412
 11
-7.63759
 21
0.928101
  0
LINE
  8
0
 10
-7.63759
 20
0.928101
 11
-7.63835
 21
0.924805
  0
LINE
  8
0
 10
-7.63835
 20
0.924805
 11
-7.63927
 21
0.921539
  0
LINE
  8
0
 10
-7.63927
 20
0.921539
 11
-7.64032
 21
0.918335
  0
LINE
  8
0
 10
-7.64032
 20
0.918335
 11
-7.64149
 21
0.915161
  0
LINE
  8
0
 10
-7.64149
 20
0.915161
 11
-7.64281
 21
0.912048
  0
LINE
  8
0
 10
-7.64281
 20
0.912048
 11
-7.64424
 21
0.908981
  0
LINE
  8
0
 10
-7.64424
 20
0.908981
 11
-7.64581
 21
0.905991
  0
LINE
  8
0
 10
-7.64581
 20
0.905991
 11
-7.64749
 21
0.903061
  0
LINE
  8
0
 10
-7.64749
 20
0.903061
 11
-7.64931
 21
0.900208
  0
LINE
  8
0
 10
-7.64931
 20
0.900208
 11
-7.65123
 21
0.89743
  0
LINE
  8
0
 10
-7.65123
 20
0.89743
 11
-7.65327
 21
0.894745
  0
LINE
  8
0
 10
-7.65327
 20
0.894745
 11
-7.65544
 21
0.892136
  0
LINE
  8
0
 10
-7.65544
 20
0.892136
 11
-7.6577
 21
0.889618
  0
LINE
  8
0
 10
-7.6577
 20
0.889618
 11
-7.66006
 21
0.887207
  0
LINE
  8
0
 10
-7.66006
 20
0.887207
 11
-7.66252
 21
0.884903
  0
LINE
  8
0
 10
-7.66252
 20
0.884903
 11
-7.66508
 21
0.88269
  0
LINE
  8
0
 10
-7.66508
 20
0.88269
 11
-7.66774
 21
0.880585
  0
LINE
  8
0
 10
-7.66774
 20
0.880585
 11
-7.67047
 21
0.878601
  0
LINE
  8
0
 10
-7.67047
 20
0.878601
 11
-7.67328
 21
0.876724
  0
LINE
  8
0
 10
-7.67328
 20
0.876724
 11
-7.67618
 21
0.874985
  0
LINE
  8
0
 10
-7.67618
 20
0.874985
 11
-7.67914
 21
0.873352
  0
LINE
  8
0
 10
-7.67914
 20
0.873352
 11
-7.68217
 21
0.871841
  0
LINE
  8
0
 10
-7.68217
 20
0.871841
 11
-7.68526
 21
0.870468
  0
LINE
  8
0
 10
-7.68526
 20
0.870468
 11
-7.6884
 21
0.869232
  0
LINE
  8
0
 10
-7.6884
 20
0.869232
 11
-7.69159
 21
0.868118
  0
LINE
  8
0
 10
-7.69159
 20
0.868118
 11
-7.69482
 21
0.867142
  0
LINE
  8
0
 10
-7.69482
 20
0.867142
 11
-7.6981
 21
0.866302
  0
LINE
  8
0
 10
-7.6981
 20
0.866302
 11
-7.70142
 21
0.865601
  0
LINE
  8
0
 10
-7.70142
 20
0.865601
 11
-7.70474
 21
0.865036
  0
LINE
  8
0
 10
-7.70474
 20
0.865036
 11
-7.7081
 21
0.864609
  0
LINE
  8
0
 10
-7.7081
 20
0.864609
 11
-7.71147
 21
0.864319
  0
LINE
  8
0
 10
-7.71147
 20
0.864319
 11
-7.71484
 21
0.864182
  0
LINE
  8
0
 10
-7.71484
 20
0.864182
 11
-7.71822
 21
0.864182
  0
LINE
  8
0
 10
7.71484
 20
0.864182
 11
7.71147
 21
0.864319
  0
LINE
  8
0
 10
7.71147
 20
0.864319
 11
7.7081
 21
0.864609
  0
LINE
  8
0
 10
7.7081
 20
0.864609
 11
7.70474
 21
0.865036
  0
LINE
  8
0
 10
7.70474
 20
0.865036
 11
7.70142
 21
0.865601
  0
LINE
  8
0
 10
7.70142
 20
0.865601
 11
7.6981
 21
0.866302
  0
LINE
  8
0
 10
7.6981
 20
0.866302
 11
7.69482
 21
0.867142
  0
LINE
  8
0
 10
7.69482
 20
0.867142
 11
7.69159
 21
0.868118
  0
LINE
  8
0
 10
7.69159
 20
0.868118
 11
7.6884
 21
0.869232
  0
LINE
  8
0
 10
7.6884
 20
0.869232
 11
7.68526
 21
0.870468
  0
LINE
  8
0
 10
7.68526
 20
0.870468
 11
7.68217
 21
0.871841
  0
LINE
  8
0
 10
7.68217
 20
0.871841
 11
7.67914
 21
0.873352
  0
LINE
  8
0
 10
7.67914
 20
0.873352
 11
7.67618
 21
0.874985
  0
LINE
  8
0
 10
7.67618
 20
0.874985
 11
7.67328
 21
0.876724
  0
LINE
  8
0
 10
7.67328
 20
0.876724
 11
7.67047
 21
0.878601
  0
LINE
  8
0
 10
7.67047
 20
0.878601
 11
7.66774
 21
0.880585
  0
LINE
  8
0
 10
7.66774
 20
0.880585
 11
7.66508
 21
0.88269
  0
LINE
  8
0
 10
7.66508
 20
0.88269
 11
7.66252
 21
0.884903
  0
LINE
  8
0
 10
7.66252
 20
0.884903
 11
7.66006
 21
0.887207
  0
LINE
  8
0
 10
7.66006
 20
0.887207
 11
7.6577
 21
0.889618
  0
LINE
  8
0
 10
7.6577
 20
0.889618
 11
7.65544
 21
0.892136
  0
LINE
  8
0
 10
7.65544
 20
0.892136
 11
7.65327
 21
0.894745
  0
LINE
  8
0
 10
7.65327
 20
0.894745
 11
7.65123
 21
0.89743
  0
LINE
  8
0
 10
7.65123
 20
0.89743
 11
7.64931
 21
0.900208
  0
LINE
  8
0
 10
7.64931
 20
0.900208
 11
7.64749
 21
0.903061
  0
LINE
  8
0
 10
7.64749
 20
0.903061
 11
7.64581
 21
0.905991
  0
LINE
  8
0
 10
7.64581
 20
0.905991
 11
7.64424
 21
0.908981
  0
LINE
  8
0
 10
7.64424
 20
0.908981
 11
7.64281
 21
0.912048
  0
LINE
  8
0
 10
7.64281
 20
0.912048
 11
7.64149
 21
0.915161
  0
LINE
  8
0
 10
7.64149
 20
0.915161
 11
7.64032
 21
0.918335
  0
LINE
  8
0
 10
7.64032
 20
0.918335
 11
7.63927
 21
0.921539
  0
LINE
  8
0
 10
7.63927
 20
0.921539
 11
7.63835
 21
0.924805
  0
LINE
  8
0
 10
7.63835
 20
0.924805
 11
7.63759
 21
0.928101
  0
LINE
  8
0
 10
7.63759
 20
0.928101
 11
7.63695
 21
0.931412
  0
LINE
  8
0
 10
7.63695
 20
0.931412
 11
7.63646
 21
0.934753
  0
LINE
  8
0
 10
7.63646
 20
0.934753
 11
7.63611
 21
0.938126
  0
LINE
  8
0
 10
7.63611
 20
0.938126
 11
7.63589
 21
0.941498
  0
LINE
  8
0
 10
7.63589
 20
0.941498
 11
7.63582
 21
0.94487
  0
LINE
  8
0
 10
7.63582
 20
0.94487
 11
7.63589
 21
0.948257
  0
LINE
  8
0
 10
7.63589
 20
0.948257
 11
7.63611
 21
0.95163
  0
LINE
  8
0
 10
7.63611
 20
0.95163
 11
7.63646
 21
0.954987
  0
LINE
  8
0
 10
7.63646
 20
0.954987
 11
7.63695
 21
0.958328
  0
LINE
  8
0
 10
7.63695
 20
0.958328
 11
7.63759
 21
0.961655
  0
LINE
  8
0
 10
7.63759
 20
0.961655
 11
7.63835
 21
0.964951
  0
LINE
  8
0
 10
7.63835
 20
0.964951
 11
7.63927
 21
0.968201
  0
LINE
  8
0
 10
7.63927
 20
0.968201
 11
7.64032
 21
0.97142
  0
LINE
  8
0
 10
7.64032
 20
0.97142
 11
7.64149
 21
0.974579
  0
LINE
  8
0
 10
7.64149
 20
0.974579
 11
7.64281
 21
0.977707
  0
LINE
  8
0
 10
7.64281
 20
0.977707
 11
7.64424
 21
0.980759
  0
LINE
  8
0
 10
7.64424
 20
0.980759
 11
7.64581
 21
0.983749
  0
LINE
  8
0
 10
7.64581
 20
0.983749
 11
7.64749
 21
0.986679
  0
LINE
  8
0
 10
7.64749
 20
0.986679
 11
7.64931
 21
0.989532
  0
LINE
  8
0
 10
7.64931
 20
0.989532
 11
7.65123
 21
0.99231
  0
LINE
  8
0
 10
7.65123
 20
0.99231
 11
7.65327
 21
0.99501
  0
LINE
  8
0
 10
7.65327
 20
0.99501
 11
7.65544
 21
0.997604
  0
LINE
  8
0
 10
7.65544
 20
0.997604
 11
7.6577
 21
1.00012
  0
LINE
  8
0
 10
7.6577
 20
1.00012
 11
7.66006
 21
1.00253
  0
LINE
  8
0
 10
7.66006
 20
1.00253
 11
7.66252
 21
1.00485
  0
LINE
  8
0
 10
7.66252
 20
1.00485
 11
7.66508
 21
1.00706
  0
LINE
  8
0
 10
7.66508
 20
1.00706
 11
7.66774
 21
1.00916
  0
LINE
  8
0
 10
7.66774
 20
1.00916
 11
7.67047
 21
1.01115
  0
LINE
  8
0
 10
7.67047
 20
1.01115
 11
7.67328
 21
1.01302
  0
LINE
  8
0
 10
7.67328
 20
1.01302
 11
7.67618
 21
1.01477
  0
LINE
  8
0
 10
7.67618
 20
1.01477
 11
7.67914
 21
1.0164
  0
LINE
  8
0
 10
7.67914
 20
1.0164
 11
7.68217
 21
1.0179
  0
LINE
  8
0
 10
7.68217
 20
1.0179
 11
7.68526
 21
1.01927
  0
LINE
  8
0
 10
7.68526
 20
1.01927
 11
7.6884
 21
1.02052
  0
LINE
  8
0
 10
7.6884
 20
1.02052
 11
7.69159
 21
1.02164
  0
LINE
  8
0
 10
7.69159
 20
1.02164
 11
7.69482
 21
1.02261
  0
LINE
  8
0
 10
7.69482
 20
1.02261
 11
7.6981
 21
1.02345
  0
LINE
  8
0
 10
7.6981
 20
1.02345
 11
7.70142
 21
1.02415
  0
LINE
  8
0
 10
7.70142
 20
1.02415
 11
7.70474
 21
1.02472
  0
LINE
  8
0
 10
7.70474
 20
1.02472
 11
7.7081
 21
1.02515
  0
LINE
  8
0
 10
7.7081
 20
1.02515
 11
7.71147
 21
1.02542
  0
LINE
  8
0
 10
7.71147
 20
1.02542
 11
7.71484
 21
1.02556
  0
LINE
  8
0
 10
7.71484
 20
1.02556
 11
7.71822
 21
1.02556
  0
LINE
  8
0
 10
7.71822
 20
1.02556
 11
7.7216
 21
1.02542
  0
LINE
  8
0
 10
7.7216
 20
1.02542
 11
7.72498
 21
1.02515
  0
LINE
  8
0
 10
7.72498
 20
1.02515
 11
7.72832
 21
1.02472
  0
LINE
  8
0
 10
7.72832
 20
1.02472
 11
7.73166
 21
1.02415
  0
LINE
  8
0
 10
7.73166
 20
1.02415
 11
7.73495
 21
1.02345
  0
LINE
  8
0
 10
7.73495
 20
1.02345
 11
7.73824
 21
1.02261
  0
LINE
  8
0
 10
7.73824
 20
1.02261
 11
7.74147
 21
1.02164
  0
LINE
  8
0
 10
7.74147
 20
1.02164
 11
7.74466
 21
1.02052
  0
LINE
  8
0
 10
7.74466
 20
1.02052
 11
7.7478
 21
1.01927
  0
LINE
  8
0
 10
7.7478
 20
1.01927
 11
7.7509
 21
1.0179
  0
LINE
  8
0
 10
7.7509
 20
1.0179
 11
7.75392
 21
1.0164
  0
LINE
  8
0
 10
7.75392
 20
1.0164
 11
7.75688
 21
1.01477
  0
LINE
  8
0
 10
7.75688
 20
1.01477
 11
7.75978
 21
1.01302
  0
LINE
  8
0
 10
7.75978
 20
1.01302
 11
7.76259
 21
1.01115
  0
LINE
  8
0
 10
7.76259
 20
1.01115
 11
7.76534
 21
1.00916
  0
LINE
  8
0
 10
7.76534
 20
1.00916
 11
7.76797
 21
1.00706
  0
LINE
  8
0
 10
7.76797
 20
1.00706
 11
7.77054
 21
1.00485
  0
LINE
  8
0
 10
7.77054
 20
1.00485
 11
7.77299
 21
1.00253
  0
LINE
  8
0
 10
7.77299
 20
1.00253
 11
7.77536
 21
1.00012
  0
LINE
  8
0
 10
7.77536
 20
1.00012
 11
7.77763
 21
0.997604
  0
LINE
  8
0
 10
7.77763
 20
0.997604
 11
7.77979
 21
0.99501
  0
LINE
  8
0
 10
7.77979
 20
0.99501
 11
7.78183
 21
0.99231
  0
LINE
  8
0
 10
7.78183
 20
0.99231
 11
7.78375
 21
0.989532
  0
LINE
  8
0
 10
7.78375
 20
0.989532
 11
7.78557
 21
0.986679
  0
LINE
  8
0
 10
7.78557
 20
0.986679
 11
7.78726
 21
0.983749
  0
LINE
  8
0
 10
7.78726
 20
0.983749
 11
7.78882
 21
0.980759
  0
LINE
  8
0
 10
7.78882
 20
0.980759
 11
7.79027
 21
0.977707
  0
LINE
  8
0
 10
7.79027
 20
0.977707
 11
7.79158
 21
0.974579
  0
LINE
  8
0
 10
7.79158
 20
0.974579
 11
7.79276
 21
0.97142
  0
LINE
  8
0
 10
7.79276
 20
0.97142
 11
7.79379
 21
0.968201
  0
LINE
  8
0
 10
7.79379
 20
0.968201
 11
7.79471
 21
0.964951
  0
LINE
  8
0
 10
7.79471
 20
0.964951
 11
7.79547
 21
0.961655
  0
LINE
  8
0
 10
7.79547
 20
0.961655
 11
7.79611
 21
0.958328
  0
LINE
  8
0
 10
7.79611
 20
0.958328
 11
7.7966
 21
0.954987
  0
LINE
  8
0
 10
7.7966
 20
0.954987
 11
7.79695
 21
0.95163
  0
LINE
  8
0
 10
7.79695
 20
0.95163
 11
7.79716
 21
0.948257
  0
LINE
  8
0
 10
7.79716
 20
0.948257
 11
7.79724
 21
0.94487
  0
LINE
  8
0
 10
7.79724
 20
0.94487
 11
7.79716
 21
0.941498
  0
LINE
  8
0
 10
7.79716
 20
0.941498
 11
7.79695
 21
0.938126
  0
LINE
  8
0
 10
7.79695
 20
0.938126
 11
7.7966
 21
0.934753
  0
LINE
  8
0
 10
7.7966
 20
0.934753
 11
7.79611
 21
0.931412
  0
LINE
  8
0
 10
7.79611
 20
0.931412
 11
7.79547
 21
0.928101
  0
LINE
  8
0
 10
7.79547
 20
0.928101
 11
7.79471
 21
0.924805
  0
LINE
  8
0
 10
7.79471
 20
0.924805
 11
7.79379
 21
0.921539
  0
LINE
  8
0
 10
7.79379
 20
0.921539
 11
7.79276
 21
0.918335
  0
LINE
  8
0
 10
7.79276
 20
0.918335
 11
7.79158
 21
0.915161
  0
LINE
  8
0
 10
7.79158
 20
0.915161
 11
7.79027
 21
0.912048
  0
LINE
  8
0
 10
7.79027
 20
0.912048
 11
7.78882
 21
0.908981
  0
LINE
  8
0
 10
7.78882
 20
0.908981
 11
7.78726
 21
0.905991
  0
LINE
  8
0
 10
7.78726
 20
0.905991
 11
7.78557
 21
0.903061
  0
LINE
  8
0
 10
7.78557
 20
0.903061
 11
7.78375
 21
0.900208
  0
LINE
  8
0
 10
7.78375
 20
0.900208
 11
7.78183
 21
0.89743
  0
LINE
  8
0
 10
7.78183
 20
0.89743
 11
7.77979
 21
0.894745
  0
LINE
  8
0
 10
7.77979
 20
0.894745
 11
7.77763
 21
0.892136
  0
LINE
  8
0
 10
7.77763
 20
0.892136
 11
7.77536
 21
0.889618
  0
LINE
  8
0
 10
7.77536
 20
0.889618
 11
7.77299
 21
0.887207
  0
LINE
  8
0
 10
7.77299
 20
0.887207
 11
7.77054
 21
0.884903
  0
LINE
  8
0
 10
7.77054
 20
0.884903
 11
7.76797
 21
0.88269
  0
LINE
  8
0
 10
7.76797
 20
0.88269
 11
7.76534
 21
0.880585
  0
LINE
  8
0
 10
7.76534
 20
0.880585
 11
7.76259
 21
0.878601
  0
LINE
  8
0
 10
7.76259
 20
0.878601
 11
7.75978
 21
0.876724
  0
LINE
  8
0
 10
7.75978
 20
0.876724
 11
7.75688
 21
0.874985
  0
LINE
  8
0
 10
7.75688
 20
0.874985
 11
7.75392
 21
0.873352
  0
LINE
  8
0
 10
7.75392
 20
0.873352
 11
7.7509
 21
0.871841
  0
LINE
  8
0
 10
7.7509
 20
0.871841
 11
7.7478
 21
0.870468
  0
LINE
  8
0
 10
7.7478
 20
0.870468
 11
7.74466
 21
0.869232
  0
LINE
  8
0
 10
7.74466
 20
0.869232
 11
7.74147
 21
0.868118
  0
LINE
  8
0
 10
7.74147
 20
0.868118
 11
7.73824
 21
0.867142
  0
LINE
  8
0
 10
7.73824
 20
0.867142
 11
7.73495
 21
0.866302
  0
LINE
  8
0
 10
7.73495
 20
0.866302
 11
7.73166
 21
0.865601
  0
LINE
  8
0
 10
7.73166
 20
0.865601
 11
7.72832
 21
0.865036
  0
LINE
  8
0
 10
7.72832
 20
0.865036
 11
7.72498
 21
0.864609
  0
LINE
  8
0
 10
7.72498
 20
0.864609
 11
7.7216
 21
0.864319
  0
LINE
  8
0
 10
7.7216
 20
0.864319
 11
7.71822
 21
0.864182
  0
LINE
  8
0
 10
7.71822
 20
0.864182
 11
7.71484
 21
0.864182
  0
LINE
  8
0
 10
-4.55672
 20
0.71434
 11
-4.5601
 21
0.714478
  0
LINE
  8
0
 10
-4.5601
 20
0.714478
 11
-4.56348
 21
0.714767
  0
LINE
  8
0
 10
-4.56348
 20
0.714767
 11
-4.56682
 21
0.715195
  0
LINE
  8
0
 10
-4.56682
 20
0.715195
 11
-4.57016
 21
0.715759
  0
LINE
  8
0
 10
-4.57016
 20
0.715759
 11
-4.57346
 21
0.716461
  0
LINE
  8
0
 10
-4.57346
 20
0.716461
 11
-4.57674
 21
0.7173
  0
LINE
  8
0
 10
-4.57674
 20
0.7173
 11
-4.57997
 21
0.718277
  0
LINE
  8
0
 10
-4.57997
 20
0.718277
 11
-4.58316
 21
0.719391
  0
LINE
  8
0
 10
-4.58316
 20
0.719391
 11
-4.5863
 21
0.720627
  0
LINE
  8
0
 10
-4.5863
 20
0.720627
 11
-4.5894
 21
0.722
  0
LINE
  8
0
 10
-4.5894
 20
0.722
 11
-4.59242
 21
0.723511
  0
LINE
  8
0
 10
-4.59242
 20
0.723511
 11
-4.59538
 21
0.725143
  0
LINE
  8
0
 10
-4.59538
 20
0.725143
 11
-4.59828
 21
0.726883
  0
LINE
  8
0
 10
-4.59828
 20
0.726883
 11
-4.60109
 21
0.72876
  0
LINE
  8
0
 10
-4.60109
 20
0.72876
 11
-4.60384
 21
0.730743
  0
LINE
  8
0
 10
-4.60384
 20
0.730743
 11
-4.60648
 21
0.732849
  0
LINE
  8
0
 10
-4.60648
 20
0.732849
 11
-4.60904
 21
0.735046
  0
LINE
  8
0
 10
-4.60904
 20
0.735046
 11
-4.6115
 21
0.737366
  0
LINE
  8
0
 10
-4.6115
 20
0.737366
 11
-4.61386
 21
0.739777
  0
LINE
  8
0
 10
-4.61386
 20
0.739777
 11
-4.61613
 21
0.742294
  0
LINE
  8
0
 10
-4.61613
 20
0.742294
 11
-4.61829
 21
0.744904
  0
LINE
  8
0
 10
-4.61829
 20
0.744904
 11
-4.62033
 21
0.747589
  0
LINE
  8
0
 10
-4.62033
 20
0.747589
 11
-4.62225
 21
0.750366
  0
LINE
  8
0
 10
-4.62225
 20
0.750366
 11
-4.62407
 21
0.75322
  0
LINE
  8
0
 10
-4.62407
 20
0.75322
 11
-4.62576
 21
0.756149
  0
LINE
  8
0
 10
-4.62576
 20
0.756149
 11
-4.62732
 21
0.75914
  0
LINE
  8
0
 10
-4.62732
 20
0.75914
 11
-4.62877
 21
0.762207
  0
LINE
  8
0
 10
-4.62877
 20
0.762207
 11
-4.63008
 21
0.76532
  0
LINE
  8
0
 10
-4.63008
 20
0.76532
 11
-4.63126
 21
0.768494
  0
LINE
  8
0
 10
-4.63126
 20
0.768494
 11
-4.63229
 21
0.771698
  0
LINE
  8
0
 10
-4.63229
 20
0.771698
 11
-4.63321
 21
0.774963
  0
LINE
  8
0
 10
-4.63321
 20
0.774963
 11
-4.63397
 21
0.778259
  0
LINE
  8
0
 10
-4.63397
 20
0.778259
 11
-4.63461
 21
0.78157
  0
LINE
  8
0
 10
-4.63461
 20
0.78157
 11
-4.6351
 21
0.784912
  0
LINE
  8
0
 10
-4.6351
 20
0.784912
 11
-4.63545
 21
0.788284
  0
LINE
  8
0
 10
-4.63545
 20
0.788284
 11
-4.63567
 21
0.791656
  0
LINE
  8
0
 10
-4.63567
 20
0.791656
 11
-4.63574
 21
0.795029
  0
LINE
  8
0
 10
-4.63574
 20
0.795029
 11
-4.63567
 21
0.798416
  0
LINE
  8
0
 10
-4.63567
 20
0.798416
 11
-4.63545
 21
0.801788
  0
LINE
  8
0
 10
-4.63545
 20
0.801788
 11
-4.6351
 21
0.805145
  0
LINE
  8
0
 10
-4.6351
 20
0.805145
 11
-4.63461
 21
0.808487
  0
LINE
  8
0
 10
-4.63461
 20
0.808487
 11
-4.63397
 21
0.811813
  0
LINE
  8
0
 10
-4.63397
 20
0.811813
 11
-4.63321
 21
0.815109
  0
LINE
  8
0
 10
-4.63321
 20
0.815109
 11
-4.63229
 21
0.818359
  0
LINE
  8
0
 10
-4.63229
 20
0.818359
 11
-4.63126
 21
0.821579
  0
LINE
  8
0
 10
-4.63126
 20
0.821579
 11
-4.63008
 21
0.824738
  0
LINE
  8
0
 10
-4.63008
 20
0.824738
 11
-4.62877
 21
0.827866
  0
LINE
  8
0
 10
-4.62877
 20
0.827866
 11
-4.62732
 21
0.830917
  0
LINE
  8
0
 10
-4.62732
 20
0.830917
 11
-4.62576
 21
0.833908
  0
LINE
  8
0
 10
-4.62576
 20
0.833908
 11
-4.62407
 21
0.836838
  0
LINE
  8
0
 10
-4.62407
 20
0.836838
 11
-4.62225
 21
0.839691
  0
LINE
  8
0
 10
-4.62225
 20
0.839691
 11
-4.62033
 21
0.842468
  0
LINE
  8
0
 10
-4.62033
 20
0.842468
 11
-4.61829
 21
0.845169
  0
LINE
  8
0
 10
-4.61829
 20
0.845169
 11
-4.61613
 21
0.847763
  0
LINE
  8
0
 10
-4.61613
 20
0.847763
 11
-4.61386
 21
0.850281
  0
LINE
  8
0
 10
-4.61386
 20
0.850281
 11
-4.6115
 21
0.852692
  0
LINE
  8
0
 10
-4.6115
 20
0.852692
 11
-4.60904
 21
0.855011
  0
LINE
  8
0
 10
-4.60904
 20
0.855011
 11
-4.60648
 21
0.857224
  0
LINE
  8
0
 10
-4.60648
 20
0.857224
 11
-4.60384
 21
0.859314
  0
LINE
  8
0
 10
-4.60384
 20
0.859314
 11
-4.60109
 21
0.861313
  0
LINE
  8
0
 10
-4.60109
 20
0.861313
 11
-4.59828
 21
0.863174
  0
LINE
  8
0
 10
-4.59828
 20
0.863174
 11
-4.59538
 21
0.864929
  0
LINE
  8
0
 10
-4.59538
 20
0.864929
 11
-4.59242
 21
0.866562
  0
LINE
  8
0
 10
-4.59242
 20
0.866562
 11
-4.5894
 21
0.868057
  0
LINE
  8
0
 10
-4.5894
 20
0.868057
 11
-4.5863
 21
0.869431
  0
LINE
  8
0
 10
-4.5863
 20
0.869431
 11
-4.58316
 21
0.870682
  0
LINE
  8
0
 10
-4.58316
 20
0.870682
 11
-4.57997
 21
0.871796
  0
LINE
  8
0
 10
-4.57997
 20
0.871796
 11
-4.57674
 21
0.872772
  0
LINE
  8
0
 10
-4.57674
 20
0.872772
 11
-4.57346
 21
0.873611
  0
LINE
  8
0
 10
-4.57346
 20
0.873611
 11
-4.57016
 21
0.874313
  0
LINE
  8
0
 10
-4.57016
 20
0.874313
 11
-4.56682
 21
0.874878
  0
LINE
  8
0
 10
-4.56682
 20
0.874878
 11
-4.56348
 21
0.875305
  0
LINE
  8
0
 10
-4.56348
 20
0.875305
 11
-4.5601
 21
0.87558
  0
LINE
  8
0
 10
-4.5601
 20
0.87558
 11
-4.55672
 21
0.875717
  0
LINE
  8
0
 10
-4.55672
 20
0.875717
 11
-4.55334
 21
0.875717
  0
LINE
  8
0
 10
-4.55334
 20
0.875717
 11
-4.54996
 21
0.87558
  0
LINE
  8
0
 10
-4.54996
 20
0.87558
 11
-4.5466
 21
0.875305
  0
LINE
  8
0
 10
-4.5466
 20
0.875305
 11
-4.54324
 21
0.874878
  0
LINE
  8
0
 10
-4.54324
 20
0.874878
 11
-4.5399
 21
0.874313
  0
LINE
  8
0
 10
-4.5399
 20
0.874313
 11
-4.53661
 21
0.873611
  0
LINE
  8
0
 10
-4.53661
 20
0.873611
 11
-4.53333
 21
0.872772
  0
LINE
  8
0
 10
-4.53333
 20
0.872772
 11
-4.53009
 21
0.871796
  0
LINE
  8
0
 10
-4.53009
 20
0.871796
 11
-4.5269
 21
0.870682
  0
LINE
  8
0
 10
-4.5269
 20
0.870682
 11
-4.52376
 21
0.869431
  0
LINE
  8
0
 10
-4.52376
 20
0.869431
 11
-4.52068
 21
0.868057
  0
LINE
  8
0
 10
-4.52068
 20
0.868057
 11
-4.51764
 21
0.866562
  0
LINE
  8
0
 10
-4.51764
 20
0.866562
 11
-4.51468
 21
0.864929
  0
LINE
  8
0
 10
-4.51468
 20
0.864929
 11
-4.51178
 21
0.863174
  0
LINE
  8
0
 10
-4.51178
 20
0.863174
 11
-4.50897
 21
0.861313
  0
LINE
  8
0
 10
-4.50897
 20
0.861313
 11
-4.50624
 21
0.859314
  0
LINE
  8
0
 10
-4.50624
 20
0.859314
 11
-4.50359
 21
0.857224
  0
LINE
  8
0
 10
-4.50359
 20
0.857224
 11
-4.50102
 21
0.855011
  0
LINE
  8
0
 10
-4.50102
 20
0.855011
 11
-4.49857
 21
0.852692
  0
LINE
  8
0
 10
-4.49857
 20
0.852692
 11
-4.4962
 21
0.850281
  0
LINE
  8
0
 10
-4.4962
 20
0.850281
 11
-4.49394
 21
0.847763
  0
LINE
  8
0
 10
-4.49394
 20
0.847763
 11
-4.49178
 21
0.845169
  0
LINE
  8
0
 10
-4.49178
 20
0.845169
 11
-4.48973
 21
0.842468
  0
LINE
  8
0
 10
-4.48973
 20
0.842468
 11
-4.48781
 21
0.839691
  0
LINE
  8
0
 10
-4.48781
 20
0.839691
 11
-4.48599
 21
0.836838
  0
LINE
  8
0
 10
-4.48599
 20
0.836838
 11
-4.48431
 21
0.833908
  0
LINE
  8
0
 10
-4.48431
 20
0.833908
 11
-4.48274
 21
0.830917
  0
LINE
  8
0
 10
-4.48274
 20
0.830917
 11
-4.48131
 21
0.827866
  0
LINE
  8
0
 10
-4.48131
 20
0.827866
 11
-4.48
 21
0.824738
  0
LINE
  8
0
 10
-4.48
 20
0.824738
 11
-4.47881
 21
0.821579
  0
LINE
  8
0
 10
-4.47881
 20
0.821579
 11
-4.47777
 21
0.818359
  0
LINE
  8
0
 10
-4.47777
 20
0.818359
 11
-4.47685
 21
0.815109
  0
LINE
  8
0
 10
-4.47685
 20
0.815109
 11
-4.47609
 21
0.811813
  0
LINE
  8
0
 10
-4.47609
 20
0.811813
 11
-4.47545
 21
0.808487
  0
LINE
  8
0
 10
-4.47545
 20
0.808487
 11
-4.47496
 21
0.805145
  0
LINE
  8
0
 10
-4.47496
 20
0.805145
 11
-4.47461
 21
0.801788
  0
LINE
  8
0
 10
-4.47461
 20
0.801788
 11
-4.4744
 21
0.798416
  0
LINE
  8
0
 10
-4.4744
 20
0.798416
 11
-4.47432
 21
0.795029
  0
LINE
  8
0
 10
-4.47432
 20
0.795029
 11
-4.4744
 21
0.791656
  0
LINE
  8
0
 10
-4.4744
 20
0.791656
 11
-4.47461
 21
0.788284
  0
LINE
  8
0
 10
-4.47461
 20
0.788284
 11
-4.47496
 21
0.784912
  0
LINE
  8
0
 10
-4.47496
 20
0.784912
 11
-4.47545
 21
0.78157
  0
LINE
  8
0
 10
-4.47545
 20
0.78157
 11
-4.47609
 21
0.778259
  0
LINE
  8
0
 10
-4.47609
 20
0.778259
 11
-4.47685
 21
0.774963
  0
LINE
  8
0
 10
-4.47685
 20
0.774963
 11
-4.47777
 21
0.771698
  0
LINE
  8
0
 10
-4.47777
 20
0.771698
 11
-4.47881
 21
0.768494
  0
LINE
  8
0
 10
-4.47881
 20
0.768494
 11
-4.48
 21
0.76532
  0
LINE
  8
0
 10
-4.48
 20
0.76532
 11
-4.48131
 21
0.762207
  0
LINE
  8
0
 10
-4.48131
 20
0.762207
 11
-4.48274
 21
0.75914
  0
LINE
  8
0
 10
-4.48274
 20
0.75914
 11
-4.48431
 21
0.756149
  0
LINE
  8
0
 10
-4.48431
 20
0.756149
 11
-4.48599
 21
0.75322
  0
LINE
  8
0
 10
-4.48599
 20
0.75322
 11
-4.48781
 21
0.750366
  0
LINE
  8
0
 10
-4.48781
 20
0.750366
 11
-4.48973
 21
0.747589
  0
LINE
  8
0
 10
-4.48973
 20
0.747589
 11
-4.49178
 21
0.744904
  0
LINE
  8
0
 10
-4.49178
 20
0.744904
 11
-4.49394
 21
0.742294
  0
LINE
  8
0
 10
-4.49394
 20
0.742294
 11
-4.4962
 21
0.739777
  0
LINE
  8
0
 10
-4.4962
 20
0.739777
 11
-4.49857
 21
0.737366
  0
LINE
  8
0
 10
-4.49857
 20
0.737366
 11
-4.50102
 21
0.735046
  0
LINE
  8
0
 10
-4.50102
 20
0.735046
 11
-4.50359
 21
0.732849
  0
LINE
  8
0
 10
-4.50359
 20
0.732849
 11
-4.50624
 21
0.730743
  0
LINE
  8
0
 10
-4.50624
 20
0.730743
 11
-4.50897
 21
0.72876
  0
LINE
  8
0
 10
-4.50897
 20
0.72876
 11
-4.51178
 21
0.726883
  0
LINE
  8
0
 10
-4.51178
 20
0.726883
 11
-4.51468
 21
0.725143
  0
LINE
  8
0
 10
-4.51468
 20
0.725143
 11
-4.51764
 21
0.723511
  0
LINE
  8
0
 10
-4.51764
 20
0.723511
 11
-4.52068
 21
0.722
  0
LINE
  8
0
 10
-4.52068
 20
0.722
 11
-4.52376
 21
0.720627
  0
LINE
  8
0
 10
-4.52376
 20
0.720627
 11
-4.5269
 21
0.719391
  0
LINE
  8
0
 10
-4.5269
 20
0.719391
 11
-4.53009
 21
0.718277
  0
LINE
  8
0
 10
-4.53009
 20
0.718277
 11
-4.53333
 21
0.7173
  0
LINE
  8
0
 10
-4.53333
 20
0.7173
 11
-4.53661
 21
0.716461
  0
LINE
  8
0
 10
-4.53661
 20
0.716461
 11
-4.5399
 21
0.715759
  0
LINE
  8
0
 10
-4.5399
 20
0.715759
 11
-4.54324
 21
0.715195
  0
LINE
  8
0
 10
-4.54324
 20
0.715195
 11
-4.5466
 21
0.714767
  0
LINE
  8
0
 10
-4.5466
 20
0.714767
 11
-4.54996
 21
0.714478
  0
LINE
  8
0
 10
-4.54996
 20
0.714478
 11
-4.55334
 21
0.71434
  0
LINE
  8
0
 10
-4.55334
 20
0.71434
 11
-4.55672
 21
0.71434
  0
LINE
  8
0
 10
-5.18665
 20
0.71434
 11
-5.19002
 21
0.714478
  0
LINE
  8
0
 10
-5.19002
 20
0.714478
 11
-5.19339
 21
0.714767
  0
LINE
  8
0
 10
-5.19339
 20
0.714767
 11
-5.19675
 21
0.715195
  0
LINE
  8
0
 10
-5.19675
 20
0.715195
 11
-5.20007
 21
0.715759
  0
LINE
  8
0
 10
-5.20007
 20
0.715759
 11
-5.20338
 21
0.716461
  0
LINE
  8
0
 10
-5.20338
 20
0.716461
 11
-5.20665
 21
0.7173
  0
LINE
  8
0
 10
-5.20665
 20
0.7173
 11
-5.2099
 21
0.718277
  0
LINE
  8
0
 10
-5.2099
 20
0.718277
 11
-5.21309
 21
0.719391
  0
LINE
  8
0
 10
-5.21309
 20
0.719391
 11
-5.21623
 21
0.720627
  0
LINE
  8
0
 10
-5.21623
 20
0.720627
 11
-5.21931
 21
0.722
  0
LINE
  8
0
 10
-5.21931
 20
0.722
 11
-5.22235
 21
0.723511
  0
LINE
  8
0
 10
-5.22235
 20
0.723511
 11
-5.22531
 21
0.725143
  0
LINE
  8
0
 10
-5.22531
 20
0.725143
 11
-5.2282
 21
0.726883
  0
LINE
  8
0
 10
-5.2282
 20
0.726883
 11
-5.23102
 21
0.72876
  0
LINE
  8
0
 10
-5.23102
 20
0.72876
 11
-5.23375
 21
0.730743
  0
LINE
  8
0
 10
-5.23375
 20
0.730743
 11
-5.2364
 21
0.732849
  0
LINE
  8
0
 10
-5.2364
 20
0.732849
 11
-5.23895
 21
0.735046
  0
LINE
  8
0
 10
-5.23895
 20
0.735046
 11
-5.24142
 21
0.737366
  0
LINE
  8
0
 10
-5.24142
 20
0.737366
 11
-5.24379
 21
0.739777
  0
LINE
  8
0
 10
-5.24379
 20
0.739777
 11
-5.24605
 21
0.742294
  0
LINE
  8
0
 10
-5.24605
 20
0.742294
 11
-5.2482
 21
0.744904
  0
LINE
  8
0
 10
-5.2482
 20
0.744904
 11
-5.25024
 21
0.747589
  0
LINE
  8
0
 10
-5.25024
 20
0.747589
 11
-5.25218
 21
0.750366
  0
LINE
  8
0
 10
-5.25218
 20
0.750366
 11
-5.25398
 21
0.75322
  0
LINE
  8
0
 10
-5.25398
 20
0.75322
 11
-5.25568
 21
0.756149
  0
LINE
  8
0
 10
-5.25568
 20
0.756149
 11
-5.25725
 21
0.75914
  0
LINE
  8
0
 10
-5.25725
 20
0.75914
 11
-5.25868
 21
0.762207
  0
LINE
  8
0
 10
-5.25868
 20
0.762207
 11
-5.25999
 21
0.76532
  0
LINE
  8
0
 10
-5.25999
 20
0.76532
 11
-5.26117
 21
0.768494
  0
LINE
  8
0
 10
-5.26117
 20
0.768494
 11
-5.26222
 21
0.771698
  0
LINE
  8
0
 10
-5.26222
 20
0.771698
 11
-5.26312
 21
0.774963
  0
LINE
  8
0
 10
-5.26312
 20
0.774963
 11
-5.2639
 21
0.778259
  0
LINE
  8
0
 10
-5.2639
 20
0.778259
 11
-5.26453
 21
0.78157
  0
LINE
  8
0
 10
-5.26453
 20
0.78157
 11
-5.26503
 21
0.784912
  0
LINE
  8
0
 10
-5.26503
 20
0.784912
 11
-5.26538
 21
0.788284
  0
LINE
  8
0
 10
-5.26538
 20
0.788284
 11
-5.26559
 21
0.791656
  0
LINE
  8
0
 10
-5.26559
 20
0.791656
 11
-5.26566
 21
0.795029
  0
LINE
  8
0
 10
-5.26566
 20
0.795029
 11
-5.26559
 21
0.798416
  0
LINE
  8
0
 10
-5.26559
 20
0.798416
 11
-5.26538
 21
0.801788
  0
LINE
  8
0
 10
-5.26538
 20
0.801788
 11
-5.26503
 21
0.805145
  0
LINE
  8
0
 10
-5.26503
 20
0.805145
 11
-5.26453
 21
0.808487
  0
LINE
  8
0
 10
-5.26453
 20
0.808487
 11
-5.2639
 21
0.811813
  0
LINE
  8
0
 10
-5.2639
 20
0.811813
 11
-5.26312
 21
0.815109
  0
LINE
  8
0
 10
-5.26312
 20
0.815109
 11
-5.26222
 21
0.818359
  0
LINE
  8
0
 10
-5.26222
 20
0.818359
 11
-5.26117
 21
0.821579
  0
LINE
  8
0
 10
-5.26117
 20
0.821579
 11
-5.25999
 21
0.824738
  0
LINE
  8
0
 10
-5.25999
 20
0.824738
 11
-5.25868
 21
0.827866
  0
LINE
  8
0
 10
-5.25868
 20
0.827866
 11
-5.25725
 21
0.830917
  0
LINE
  8
0
 10
-5.25725
 20
0.830917
 11
-5.25568
 21
0.833908
  0
LINE
  8
0
 10
-5.25568
 20
0.833908
 11
-5.25398
 21
0.836838
  0
LINE
  8
0
 10
-5.25398
 20
0.836838
 11
-5.25218
 21
0.839691
  0
LINE
  8
0
 10
-5.25218
 20
0.839691
 11
-5.25024
 21
0.842468
  0
LINE
  8
0
 10
-5.25024
 20
0.842468
 11
-5.2482
 21
0.845169
  0
LINE
  8
0
 10
-5.2482
 20
0.845169
 11
-5.24605
 21
0.847763
  0
LINE
  8
0
 10
-5.24605
 20
0.847763
 11
-5.24379
 21
0.850281
  0
LINE
  8
0
 10
-5.24379
 20
0.850281
 11
-5.24142
 21
0.852692
  0
LINE
  8
0
 10
-5.24142
 20
0.852692
 11
-5.23895
 21
0.855011
  0
LINE
  8
0
 10
-5.23895
 20
0.855011
 11
-5.2364
 21
0.857224
  0
LINE
  8
0
 10
-5.2364
 20
0.857224
 11
-5.23375
 21
0.859314
  0
LINE
  8
0
 10
-5.23375
 20
0.859314
 11
-5.23102
 21
0.861313
  0
LINE
  8
0
 10
-5.23102
 20
0.861313
 11
-5.2282
 21
0.863174
  0
LINE
  8
0
 10
-5.2282
 20
0.863174
 11
-5.22531
 21
0.864929
  0
LINE
  8
0
 10
-5.22531
 20
0.864929
 11
-5.22235
 21
0.866562
  0
LINE
  8
0
 10
-5.22235
 20
0.866562
 11
-5.21931
 21
0.868057
  0
LINE
  8
0
 10
-5.21931
 20
0.868057
 11
-5.21623
 21
0.869431
  0
LINE
  8
0
 10
-5.21623
 20
0.869431
 11
-5.21309
 21
0.870682
  0
LINE
  8
0
 10
-5.21309
 20
0.870682
 11
-5.2099
 21
0.871796
  0
LINE
  8
0
 10
-5.2099
 20
0.871796
 11
-5.20665
 21
0.872772
  0
LINE
  8
0
 10
-5.20665
 20
0.872772
 11
-5.20338
 21
0.873611
  0
LINE
  8
0
 10
-5.20338
 20
0.873611
 11
-5.20007
 21
0.874313
  0
LINE
  8
0
 10
-5.20007
 20
0.874313
 11
-5.19675
 21
0.874878
  0
LINE
  8
0
 10
-5.19675
 20
0.874878
 11
-5.19339
 21
0.875305
  0
LINE
  8
0
 10
-5.19339
 20
0.875305
 11
-5.19002
 21
0.87558
  0
LINE
  8
0
 10
-5.19002
 20
0.87558
 11
-5.18665
 21
0.875717
  0
LINE
  8
0
 10
-5.18665
 20
0.875717
 11
-5.18326
 21
0.875717
  0
LINE
  8
0
 10
-5.18326
 20
0.875717
 11
-5.17989
 21
0.87558
  0
LINE
  8
0
 10
-5.17989
 20
0.87558
 11
-5.17651
 21
0.875305
  0
LINE
  8
0
 10
-5.17651
 20
0.875305
 11
-5.17316
 21
0.874878
  0
LINE
  8
0
 10
-5.17316
 20
0.874878
 11
-5.16983
 21
0.874313
  0
LINE
  8
0
 10
-5.16983
 20
0.874313
 11
-5.16652
 21
0.873611
  0
LINE
  8
0
 10
-5.16652
 20
0.873611
 11
-5.16325
 21
0.872772
  0
LINE
  8
0
 10
-5.16325
 20
0.872772
 11
-5.16002
 21
0.871796
  0
LINE
  8
0
 10
-5.16002
 20
0.871796
 11
-5.15681
 21
0.870682
  0
LINE
  8
0
 10
-5.15681
 20
0.870682
 11
-5.15367
 21
0.869431
  0
LINE
  8
0
 10
-5.15367
 20
0.869431
 11
-5.15059
 21
0.868057
  0
LINE
  8
0
 10
-5.15059
 20
0.868057
 11
-5.14757
 21
0.866562
  0
LINE
  8
0
 10
-5.14757
 20
0.866562
 11
-5.14459
 21
0.864929
  0
LINE
  8
0
 10
-5.14459
 20
0.864929
 11
-5.14171
 21
0.863174
  0
LINE
  8
0
 10
-5.14171
 20
0.863174
 11
-5.13889
 21
0.861313
  0
LINE
  8
0
 10
-5.13889
 20
0.861313
 11
-5.13615
 21
0.859314
  0
LINE
  8
0
 10
-5.13615
 20
0.859314
 11
-5.13351
 21
0.857224
  0
LINE
  8
0
 10
-5.13351
 20
0.857224
 11
-5.13095
 21
0.855011
  0
LINE
  8
0
 10
-5.13095
 20
0.855011
 11
-5.12848
 21
0.852692
  0
LINE
  8
0
 10
-5.12848
 20
0.852692
 11
-5.12611
 21
0.850281
  0
LINE
  8
0
 10
-5.12611
 20
0.850281
 11
-5.12386
 21
0.847763
  0
LINE
  8
0
 10
-5.12386
 20
0.847763
 11
-5.1217
 21
0.845169
  0
LINE
  8
0
 10
-5.1217
 20
0.845169
 11
-5.11966
 21
0.842468
  0
LINE
  8
0
 10
-5.11966
 20
0.842468
 11
-5.11772
 21
0.839691
  0
LINE
  8
0
 10
-5.11772
 20
0.839691
 11
-5.11592
 21
0.836838
  0
LINE
  8
0
 10
-5.11592
 20
0.836838
 11
-5.11423
 21
0.833908
  0
LINE
  8
0
 10
-5.11423
 20
0.833908
 11
-5.11266
 21
0.830917
  0
LINE
  8
0
 10
-5.11266
 20
0.830917
 11
-5.11122
 21
0.827866
  0
LINE
  8
0
 10
-5.11122
 20
0.827866
 11
-5.10991
 21
0.824738
  0
LINE
  8
0
 10
-5.10991
 20
0.824738
 11
-5.10873
 21
0.821579
  0
LINE
  8
0
 10
-5.10873
 20
0.821579
 11
-5.10768
 21
0.818359
  0
LINE
  8
0
 10
-5.10768
 20
0.818359
 11
-5.10678
 21
0.815109
  0
LINE
  8
0
 10
-5.10678
 20
0.815109
 11
-5.106
 21
0.811813
  0
LINE
  8
0
 10
-5.106
 20
0.811813
 11
-5.10538
 21
0.808487
  0
LINE
  8
0
 10
-5.10538
 20
0.808487
 11
-5.10487
 21
0.805145
  0
LINE
  8
0
 10
-5.10487
 20
0.805145
 11
-5.10452
 21
0.801788
  0
LINE
  8
0
 10
-5.10452
 20
0.801788
 11
-5.10431
 21
0.798416
  0
LINE
  8
0
 10
-5.10431
 20
0.798416
 11
-5.10425
 21
0.795029
  0
LINE
  8
0
 10
-5.10425
 20
0.795029
 11
-5.10431
 21
0.791656
  0
LINE
  8
0
 10
-5.10431
 20
0.791656
 11
-5.10452
 21
0.788284
  0
LINE
  8
0
 10
-5.10452
 20
0.788284
 11
-5.10487
 21
0.784912
  0
LINE
  8
0
 10
-5.10487
 20
0.784912
 11
-5.10538
 21
0.78157
  0
LINE
  8
0
 10
-5.10538
 20
0.78157
 11
-5.106
 21
0.778259
  0
LINE
  8
0
 10
-5.106
 20
0.778259
 11
-5.10678
 21
0.774963
  0
LINE
  8
0
 10
-5.10678
 20
0.774963
 11
-5.10768
 21
0.771698
  0
LINE
  8
0
 10
-5.10768
 20
0.771698
 11
-5.10873
 21
0.768494
  0
LINE
  8
0
 10
-5.10873
 20
0.768494
 11
-5.10991
 21
0.76532
  0
LINE
  8
0
 10
-5.10991
 20
0.76532
 11
-5.11122
 21
0.762207
  0
LINE
  8
0
 10
-5.11122
 20
0.762207
 11
-5.11266
 21
0.75914
  0
LINE
  8
0
 10
-5.11266
 20
0.75914
 11
-5.11423
 21
0.756149
  0
LINE
  8
0
 10
-5.11423
 20
0.756149
 11
-5.11592
 21
0.75322
  0
LINE
  8
0
 10
-5.11592
 20
0.75322
 11
-5.11772
 21
0.750366
  0
LINE
  8
0
 10
-5.11772
 20
0.750366
 11
-5.11966
 21
0.747589
  0
LINE
  8
0
 10
-5.11966
 20
0.747589
 11
-5.1217
 21
0.744904
  0
LINE
  8
0
 10
-5.1217
 20
0.744904
 11
-5.12386
 21
0.742294
  0
LINE
  8
0
 10
-5.12386
 20
0.742294
 11
-5.12611
 21
0.739777
  0
LINE
  8
0
 10
-5.12611
 20
0.739777
 11
-5.12848
 21
0.737366
  0
LINE
  8
0
 10
-5.12848
 20
0.737366
 11
-5.13095
 21
0.735046
  0
LINE
  8
0
 10
-5.13095
 20
0.735046
 11
-5.13351
 21
0.732849
  0
LINE
  8
0
 10
-5.13351
 20
0.732849
 11
-5.13615
 21
0.730743
  0
LINE
  8
0
 10
-5.13615
 20
0.730743
 11
-5.13889
 21
0.72876
  0
LINE
  8
0
 10
-5.13889
 20
0.72876
 11
-5.14171
 21
0.726883
  0
LINE
  8
0
 10
-5.14171
 20
0.726883
 11
-5.14459
 21
0.725143
  0
LINE
  8
0
 10
-5.14459
 20
0.725143
 11
-5.14757
 21
0.723511
  0
LINE
  8
0
 10
-5.14757
 20
0.723511
 11
-5.15059
 21
0.722
  0
LINE
  8
0
 10
-5.15059
 20
0.722
 11
-5.15367
 21
0.720627
  0
LINE
  8
0
 10
-5.15367
 20
0.720627
 11
-5.15681
 21
0.719391
  0
LINE
  8
0
 10
-5.15681
 20
0.719391
 11
-5.16002
 21
0.718277
  0
LINE
  8
0
 10
-5.16002
 20
0.718277
 11
-5.16325
 21
0.7173
  0
LINE
  8
0
 10
-5.16325
 20
0.7173
 11
-5.16652
 21
0.716461
  0
LINE
  8
0
 10
-5.16652
 20
0.716461
 11
-5.16983
 21
0.715759
  0
LINE
  8
0
 10
-5.16983
 20
0.715759
 11
-5.17316
 21
0.715195
  0
LINE
  8
0
 10
-5.17316
 20
0.715195
 11
-5.17651
 21
0.714767
  0
LINE
  8
0
 10
-5.17651
 20
0.714767
 11
-5.17989
 21
0.714478
  0
LINE
  8
0
 10
-5.17989
 20
0.714478
 11
-5.18326
 21
0.71434
  0
LINE
  8
0
 10
-5.18326
 20
0.71434
 11
-5.18665
 21
0.71434
  0
LINE
  8
0
 10
-6.45837
 20
0.549225
 11
-6.46176
 21
0.549362
  0
LINE
  8
0
 10
-6.46176
 20
0.549362
 11
-6.46512
 21
0.549652
  0
LINE
  8
0
 10
-6.46512
 20
0.549652
 11
-6.46848
 21
0.550064
  0
LINE
  8
0
 10
-6.46848
 20
0.550064
 11
-6.47182
 21
0.550629
  0
LINE
  8
0
 10
-6.47182
 20
0.550629
 11
-6.47511
 21
0.551331
  0
LINE
  8
0
 10
-6.47511
 20
0.551331
 11
-6.47839
 21
0.552185
  0
LINE
  8
0
 10
-6.47839
 20
0.552185
 11
-6.48163
 21
0.553162
  0
LINE
  8
0
 10
-6.48163
 20
0.553162
 11
-6.48482
 21
0.55426
  0
LINE
  8
0
 10
-6.48482
 20
0.55426
 11
-6.48796
 21
0.555511
  0
LINE
  8
0
 10
-6.48796
 20
0.555511
 11
-6.49106
 21
0.556885
  0
LINE
  8
0
 10
-6.49106
 20
0.556885
 11
-6.49408
 21
0.558395
  0
LINE
  8
0
 10
-6.49408
 20
0.558395
 11
-6.49704
 21
0.560013
  0
LINE
  8
0
 10
-6.49704
 20
0.560013
 11
-6.49994
 21
0.561768
  0
LINE
  8
0
 10
-6.49994
 20
0.561768
 11
-6.50275
 21
0.563644
  0
LINE
  8
0
 10
-6.50275
 20
0.563644
 11
-6.50549
 21
0.565628
  0
LINE
  8
0
 10
-6.50549
 20
0.565628
 11
-6.50813
 21
0.567734
  0
LINE
  8
0
 10
-6.50813
 20
0.567734
 11
-6.5107
 21
0.569931
  0
LINE
  8
0
 10
-6.5107
 20
0.569931
 11
-6.51315
 21
0.57225
  0
LINE
  8
0
 10
-6.51315
 20
0.57225
 11
-6.51552
 21
0.574661
  0
LINE
  8
0
 10
-6.51552
 20
0.574661
 11
-6.51779
 21
0.577179
  0
LINE
  8
0
 10
-6.51779
 20
0.577179
 11
-6.51994
 21
0.579788
  0
LINE
  8
0
 10
-6.51994
 20
0.579788
 11
-6.52199
 21
0.582474
  0
LINE
  8
0
 10
-6.52199
 20
0.582474
 11
-6.52391
 21
0.585251
  0
LINE
  8
0
 10
-6.52391
 20
0.585251
 11
-6.52573
 21
0.588104
  0
LINE
  8
0
 10
-6.52573
 20
0.588104
 11
-6.52742
 21
0.591034
  0
LINE
  8
0
 10
-6.52742
 20
0.591034
 11
-6.52898
 21
0.594025
  0
LINE
  8
0
 10
-6.52898
 20
0.594025
 11
-6.53043
 21
0.597092
  0
LINE
  8
0
 10
-6.53043
 20
0.597092
 11
-6.53172
 21
0.600204
  0
LINE
  8
0
 10
-6.53172
 20
0.600204
 11
-6.53291
 21
0.603378
  0
LINE
  8
0
 10
-6.53291
 20
0.603378
 11
-6.53395
 21
0.606583
  0
LINE
  8
0
 10
-6.53395
 20
0.606583
 11
-6.53487
 21
0.609848
  0
LINE
  8
0
 10
-6.53487
 20
0.609848
 11
-6.53563
 21
0.613129
  0
LINE
  8
0
 10
-6.53563
 20
0.613129
 11
-6.53627
 21
0.616455
  0
LINE
  8
0
 10
-6.53627
 20
0.616455
 11
-6.53676
 21
0.619797
  0
LINE
  8
0
 10
-6.53676
 20
0.619797
 11
-6.53711
 21
0.623154
  0
LINE
  8
0
 10
-6.53711
 20
0.623154
 11
-6.53732
 21
0.626541
  0
LINE
  8
0
 10
-6.53732
 20
0.626541
 11
-6.5374
 21
0.629913
  0
LINE
  8
0
 10
-6.5374
 20
0.629913
 11
-6.53732
 21
0.633301
  0
LINE
  8
0
 10
-6.53732
 20
0.633301
 11
-6.53711
 21
0.636673
  0
LINE
  8
0
 10
-6.53711
 20
0.636673
 11
-6.53676
 21
0.64003
  0
LINE
  8
0
 10
-6.53676
 20
0.64003
 11
-6.53627
 21
0.643372
  0
LINE
  8
0
 10
-6.53627
 20
0.643372
 11
-6.53563
 21
0.646698
  0
LINE
  8
0
 10
-6.53563
 20
0.646698
 11
-6.53487
 21
0.649979
  0
LINE
  8
0
 10
-6.53487
 20
0.649979
 11
-6.53395
 21
0.653244
  0
LINE
  8
0
 10
-6.53395
 20
0.653244
 11
-6.53291
 21
0.656464
  0
LINE
  8
0
 10
-6.53291
 20
0.656464
 11
-6.53172
 21
0.659622
  0
LINE
  8
0
 10
-6.53172
 20
0.659622
 11
-6.53043
 21
0.662735
  0
LINE
  8
0
 10
-6.53043
 20
0.662735
 11
-6.52898
 21
0.665802
  0
LINE
  8
0
 10
-6.52898
 20
0.665802
 11
-6.52742
 21
0.668793
  0
LINE
  8
0
 10
-6.52742
 20
0.668793
 11
-6.52573
 21
0.671722
  0
LINE
  8
0
 10
-6.52573
 20
0.671722
 11
-6.52391
 21
0.674576
  0
LINE
  8
0
 10
-6.52391
 20
0.674576
 11
-6.52199
 21
0.677353
  0
LINE
  8
0
 10
-6.52199
 20
0.677353
 11
-6.51994
 21
0.680038
  0
LINE
  8
0
 10
-6.51994
 20
0.680038
 11
-6.51779
 21
0.682648
  0
LINE
  8
0
 10
-6.51779
 20
0.682648
 11
-6.51552
 21
0.685165
  0
LINE
  8
0
 10
-6.51552
 20
0.685165
 11
-6.51315
 21
0.687576
  0
LINE
  8
0
 10
-6.51315
 20
0.687576
 11
-6.5107
 21
0.689896
  0
LINE
  8
0
 10
-6.5107
 20
0.689896
 11
-6.50813
 21
0.692108
  0
LINE
  8
0
 10
-6.50813
 20
0.692108
 11
-6.50549
 21
0.694199
  0
LINE
  8
0
 10
-6.50549
 20
0.694199
 11
-6.50275
 21
0.696182
  0
LINE
  8
0
 10
-6.50275
 20
0.696182
 11
-6.49994
 21
0.698059
  0
LINE
  8
0
 10
-6.49994
 20
0.698059
 11
-6.49704
 21
0.699814
  0
LINE
  8
0
 10
-6.49704
 20
0.699814
 11
-6.49408
 21
0.701431
  0
LINE
  8
0
 10
-6.49408
 20
0.701431
 11
-6.49106
 21
0.702942
  0
LINE
  8
0
 10
-6.49106
 20
0.702942
 11
-6.48796
 21
0.704315
  0
LINE
  8
0
 10
-6.48796
 20
0.704315
 11
-6.48482
 21
0.705566
  0
LINE
  8
0
 10
-6.48482
 20
0.705566
 11
-6.48163
 21
0.706665
  0
LINE
  8
0
 10
-6.48163
 20
0.706665
 11
-6.47839
 21
0.707657
  0
LINE
  8
0
 10
-6.47839
 20
0.707657
 11
-6.47511
 21
0.708496
  0
LINE
  8
0
 10
-6.47511
 20
0.708496
 11
-6.47182
 21
0.709198
  0
LINE
  8
0
 10
-6.47182
 20
0.709198
 11
-6.46848
 21
0.709763
  0
LINE
  8
0
 10
-6.46848
 20
0.709763
 11
-6.46512
 21
0.710175
  0
LINE
  8
0
 10
-6.46512
 20
0.710175
 11
-6.46176
 21
0.710464
  0
LINE
  8
0
 10
-6.46176
 20
0.710464
 11
-6.45837
 21
0.710602
  0
LINE
  8
0
 10
-6.45837
 20
0.710602
 11
-6.455
 21
0.710602
  0
LINE
  8
0
 10
-6.455
 20
0.710602
 11
-6.45161
 21
0.710464
  0
LINE
  8
0
 10
-6.45161
 20
0.710464
 11
-6.44826
 21
0.710175
  0
LINE
  8
0
 10
-6.44826
 20
0.710175
 11
-6.4449
 21
0.709763
  0
LINE
  8
0
 10
-6.4449
 20
0.709763
 11
-6.44156
 21
0.709198
  0
LINE
  8
0
 10
-6.44156
 20
0.709198
 11
-6.43826
 21
0.708496
  0
LINE
  8
0
 10
-6.43826
 20
0.708496
 11
-6.43498
 21
0.707657
  0
LINE
  8
0
 10
-6.43498
 20
0.707657
 11
-6.43175
 21
0.706665
  0
LINE
  8
0
 10
-6.43175
 20
0.706665
 11
-6.42856
 21
0.705566
  0
LINE
  8
0
 10
-6.42856
 20
0.705566
 11
-6.42542
 21
0.704315
  0
LINE
  8
0
 10
-6.42542
 20
0.704315
 11
-6.42232
 21
0.702942
  0
LINE
  8
0
 10
-6.42232
 20
0.702942
 11
-6.4193
 21
0.701431
  0
LINE
  8
0
 10
-6.4193
 20
0.701431
 11
-6.41634
 21
0.699814
  0
LINE
  8
0
 10
-6.41634
 20
0.699814
 11
-6.41344
 21
0.698059
  0
LINE
  8
0
 10
-6.41344
 20
0.698059
 11
-6.41063
 21
0.696182
  0
LINE
  8
0
 10
-6.41063
 20
0.696182
 11
-6.4079
 21
0.694199
  0
LINE
  8
0
 10
-6.4079
 20
0.694199
 11
-6.40524
 21
0.692108
  0
LINE
  8
0
 10
-6.40524
 20
0.692108
 11
-6.40268
 21
0.689896
  0
LINE
  8
0
 10
-6.40268
 20
0.689896
 11
-6.40022
 21
0.687576
  0
LINE
  8
0
 10
-6.40022
 20
0.687576
 11
-6.39786
 21
0.685165
  0
LINE
  8
0
 10
-6.39786
 20
0.685165
 11
-6.3956
 21
0.682648
  0
LINE
  8
0
 10
-6.3956
 20
0.682648
 11
-6.39343
 21
0.680038
  0
LINE
  8
0
 10
-6.39343
 20
0.680038
 11
-6.39139
 21
0.677353
  0
LINE
  8
0
 10
-6.39139
 20
0.677353
 11
-6.38947
 21
0.674576
  0
LINE
  8
0
 10
-6.38947
 20
0.674576
 11
-6.38765
 21
0.671722
  0
LINE
  8
0
 10
-6.38765
 20
0.671722
 11
-6.38597
 21
0.668793
  0
LINE
  8
0
 10
-6.38597
 20
0.668793
 11
-6.3844
 21
0.665802
  0
LINE
  8
0
 10
-6.3844
 20
0.665802
 11
-6.38297
 21
0.662735
  0
LINE
  8
0
 10
-6.38297
 20
0.662735
 11
-6.38165
 21
0.659622
  0
LINE
  8
0
 10
-6.38165
 20
0.659622
 11
-6.38046
 21
0.656464
  0
LINE
  8
0
 10
-6.38046
 20
0.656464
 11
-6.37943
 21
0.653244
  0
LINE
  8
0
 10
-6.37943
 20
0.653244
 11
-6.37851
 21
0.649979
  0
LINE
  8
0
 10
-6.37851
 20
0.649979
 11
-6.37775
 21
0.646698
  0
LINE
  8
0
 10
-6.37775
 20
0.646698
 11
-6.37711
 21
0.643372
  0
LINE
  8
0
 10
-6.37711
 20
0.643372
 11
-6.37662
 21
0.64003
  0
LINE
  8
0
 10
-6.37662
 20
0.64003
 11
-6.37627
 21
0.636673
  0
LINE
  8
0
 10
-6.37627
 20
0.636673
 11
-6.37605
 21
0.633301
  0
LINE
  8
0
 10
-6.37605
 20
0.633301
 11
-6.37598
 21
0.629913
  0
LINE
  8
0
 10
-6.37598
 20
0.629913
 11
-6.37605
 21
0.626541
  0
LINE
  8
0
 10
-6.37605
 20
0.626541
 11
-6.37627
 21
0.623154
  0
LINE
  8
0
 10
-6.37627
 20
0.623154
 11
-6.37662
 21
0.619797
  0
LINE
  8
0
 10
-6.37662
 20
0.619797
 11
-6.37711
 21
0.616455
  0
LINE
  8
0
 10
-6.37711
 20
0.616455
 11
-6.37775
 21
0.613129
  0
LINE
  8
0
 10
-6.37775
 20
0.613129
 11
-6.37851
 21
0.609848
  0
LINE
  8
0
 10
-6.37851
 20
0.609848
 11
-6.37943
 21
0.606583
  0
LINE
  8
0
 10
-6.37943
 20
0.606583
 11
-6.38046
 21
0.603378
  0
LINE
  8
0
 10
-6.38046
 20
0.603378
 11
-6.38165
 21
0.600204
  0
LINE
  8
0
 10
-6.38165
 20
0.600204
 11
-6.38297
 21
0.597092
  0
LINE
  8
0
 10
-6.38297
 20
0.597092
 11
-6.3844
 21
0.594025
  0
LINE
  8
0
 10
-6.3844
 20
0.594025
 11
-6.38597
 21
0.591034
  0
LINE
  8
0
 10
-6.38597
 20
0.591034
 11
-6.38765
 21
0.588104
  0
LINE
  8
0
 10
-6.38765
 20
0.588104
 11
-6.38947
 21
0.585251
  0
LINE
  8
0
 10
-6.38947
 20
0.585251
 11
-6.39139
 21
0.582474
  0
LINE
  8
0
 10
-6.39139
 20
0.582474
 11
-6.39343
 21
0.579788
  0
LINE
  8
0
 10
-6.39343
 20
0.579788
 11
-6.3956
 21
0.577179
  0
LINE
  8
0
 10
-6.3956
 20
0.577179
 11
-6.39786
 21
0.574661
  0
LINE
  8
0
 10
-6.39786
 20
0.574661
 11
-6.40022
 21
0.57225
  0
LINE
  8
0
 10
-6.40022
 20
0.57225
 11
-6.40268
 21
0.569931
  0
LINE
  8
0
 10
-6.40268
 20
0.569931
 11
-6.40524
 21
0.567734
  0
LINE
  8
0
 10
-6.40524
 20
0.567734
 11
-6.4079
 21
0.565628
  0
LINE
  8
0
 10
-6.4079
 20
0.565628
 11
-6.41063
 21
0.563644
  0
LINE
  8
0
 10
-6.41063
 20
0.563644
 11
-6.41344
 21
0.561768
  0
LINE
  8
0
 10
-6.41344
 20
0.561768
 11
-6.41634
 21
0.560013
  0
LINE
  8
0
 10
-6.41634
 20
0.560013
 11
-6.4193
 21
0.558395
  0
LINE
  8
0
 10
-6.4193
 20
0.558395
 11
-6.42232
 21
0.556885
  0
LINE
  8
0
 10
-6.42232
 20
0.556885
 11
-6.42542
 21
0.555511
  0
LINE
  8
0
 10
-6.42542
 20
0.555511
 11
-6.42856
 21
0.55426
  0
LINE
  8
0
 10
-6.42856
 20
0.55426
 11
-6.43175
 21
0.553162
  0
LINE
  8
0
 10
-6.43175
 20
0.553162
 11
-6.43498
 21
0.552185
  0
LINE
  8
0
 10
-6.43498
 20
0.552185
 11
-6.43826
 21
0.551331
  0
LINE
  8
0
 10
-6.43826
 20
0.551331
 11
-6.44156
 21
0.550629
  0
LINE
  8
0
 10
-6.44156
 20
0.550629
 11
-6.4449
 21
0.550064
  0
LINE
  8
0
 10
-6.4449
 20
0.550064
 11
-6.44826
 21
0.549652
  0
LINE
  8
0
 10
-6.44826
 20
0.549652
 11
-6.45161
 21
0.549362
  0
LINE
  8
0
 10
-6.45161
 20
0.549362
 11
-6.455
 21
0.549225
  0
LINE
  8
0
 10
-6.455
 20
0.549225
 11
-6.45837
 21
0.549225
  0
LINE
  8
0
 10
6.455
 20
0.549225
 11
6.45161
 21
0.549362
  0
LINE
  8
0
 10
6.45161
 20
0.549362
 11
6.44826
 21
0.549652
  0
LINE
  8
0
 10
6.44826
 20
0.549652
 11
6.4449
 21
0.550064
  0
LINE
  8
0
 10
6.4449
 20
0.550064
 11
6.44156
 21
0.550629
  0
LINE
  8
0
 10
6.44156
 20
0.550629
 11
6.43826
 21
0.551331
  0
LINE
  8
0
 10
6.43826
 20
0.551331
 11
6.43498
 21
0.552185
  0
LINE
  8
0
 10
6.43498
 20
0.552185
 11
6.43175
 21
0.553162
  0
LINE
  8
0
 10
6.43175
 20
0.553162
 11
6.42856
 21
0.55426
  0
LINE
  8
0
 10
6.42856
 20
0.55426
 11
6.42542
 21
0.555511
  0
LINE
  8
0
 10
6.42542
 20
0.555511
 11
6.42232
 21
0.556885
  0
LINE
  8
0
 10
6.42232
 20
0.556885
 11
6.4193
 21
0.558395
  0
LINE
  8
0
 10
6.4193
 20
0.558395
 11
6.41634
 21
0.560013
  0
LINE
  8
0
 10
6.41634
 20
0.560013
 11
6.41344
 21
0.561768
  0
LINE
  8
0
 10
6.41344
 20
0.561768
 11
6.41063
 21
0.563644
  0
LINE
  8
0
 10
6.41063
 20
0.563644
 11
6.4079
 21
0.565628
  0
LINE
  8
0
 10
6.4079
 20
0.565628
 11
6.40524
 21
0.567734
  0
LINE
  8
0
 10
6.40524
 20
0.567734
 11
6.40268
 21
0.569931
  0
LINE
  8
0
 10
6.40268
 20
0.569931
 11
6.40022
 21
0.57225
  0
LINE
  8
0
 10
6.40022
 20
0.57225
 11
6.39786
 21
0.574661
  0
LINE
  8
0
 10
6.39786
 20
0.574661
 11
6.3956
 21
0.577179
  0
LINE
  8
0
 10
6.3956
 20
0.577179
 11
6.39343
 21
0.579788
  0
LINE
  8
0
 10
6.39343
 20
0.579788
 11
6.39139
 21
0.582474
  0
LINE
  8
0
 10
6.39139
 20
0.582474
 11
6.38947
 21
0.585251
  0
LINE
  8
0
 10
6.38947
 20
0.585251
 11
6.38765
 21
0.588104
  0
LINE
  8
0
 10
6.38765
 20
0.588104
 11
6.38597
 21
0.591034
  0
LINE
  8
0
 10
6.38597
 20
0.591034
 11
6.3844
 21
0.594025
  0
LINE
  8
0
 10
6.3844
 20
0.594025
 11
6.38297
 21
0.597092
  0
LINE
  8
0
 10
6.38297
 20
0.597092
 11
6.38165
 21
0.600204
  0
LINE
  8
0
 10
6.38165
 20
0.600204
 11
6.38046
 21
0.603378
  0
LINE
  8
0
 10
6.38046
 20
0.603378
 11
6.37943
 21
0.606583
  0
LINE
  8
0
 10
6.37943
 20
0.606583
 11
6.37851
 21
0.609848
  0
LINE
  8
0
 10
6.37851
 20
0.609848
 11
6.37775
 21
0.613129
  0
LINE
  8
0
 10
6.37775
 20
0.613129
 11
6.37711
 21
0.616455
  0
LINE
  8
0
 10
6.37711
 20
0.616455
 11
6.37662
 21
0.619797
  0
LINE
  8
0
 10
6.37662
 20
0.619797
 11
6.37627
 21
0.623154
  0
LINE
  8
0
 10
6.37627
 20
0.623154
 11
6.37605
 21
0.626541
  0
LINE
  8
0
 10
6.37605
 20
0.626541
 11
6.37598
 21
0.629913
  0
LINE
  8
0
 10
6.37598
 20
0.629913
 11
6.37605
 21
0.633301
  0
LINE
  8
0
 10
6.37605
 20
0.633301
 11
6.37627
 21
0.636673
  0
LINE
  8
0
 10
6.37627
 20
0.636673
 11
6.37662
 21
0.64003
  0
LINE
  8
0
 10
6.37662
 20
0.64003
 11
6.37711
 21
0.643372
  0
LINE
  8
0
 10
6.37711
 20
0.643372
 11
6.37775
 21
0.646698
  0
LINE
  8
0
 10
6.37775
 20
0.646698
 11
6.37851
 21
0.649979
  0
LINE
  8
0
 10
6.37851
 20
0.649979
 11
6.37943
 21
0.653244
  0
LINE
  8
0
 10
6.37943
 20
0.653244
 11
6.38046
 21
0.656464
  0
LINE
  8
0
 10
6.38046
 20
0.656464
 11
6.38165
 21
0.659622
  0
LINE
  8
0
 10
6.38165
 20
0.659622
 11
6.38297
 21
0.662735
  0
LINE
  8
0
 10
6.38297
 20
0.662735
 11
6.3844
 21
0.665802
  0
LINE
  8
0
 10
6.3844
 20
0.665802
 11
6.38597
 21
0.668793
  0
LINE
  8
0
 10
6.38597
 20
0.668793
 11
6.38765
 21
0.671722
  0
LINE
  8
0
 10
6.38765
 20
0.671722
 11
6.38947
 21
0.674576
  0
LINE
  8
0
 10
6.38947
 20
0.674576
 11
6.39139
 21
0.677353
  0
LINE
  8
0
 10
6.39139
 20
0.677353
 11
6.39343
 21
0.680038
  0
LINE
  8
0
 10
6.39343
 20
0.680038
 11
6.3956
 21
0.682648
  0
LINE
  8
0
 10
6.3956
 20
0.682648
 11
6.39786
 21
0.685165
  0
LINE
  8
0
 10
6.39786
 20
0.685165
 11
6.40022
 21
0.687576
  0
LINE
  8
0
 10
6.40022
 20
0.687576
 11
6.40268
 21
0.689896
  0
LINE
  8
0
 10
6.40268
 20
0.689896
 11
6.40524
 21
0.692108
  0
LINE
  8
0
 10
6.40524
 20
0.692108
 11
6.4079
 21
0.694199
  0
LINE
  8
0
 10
6.4079
 20
0.694199
 11
6.41063
 21
0.696182
  0
LINE
  8
0
 10
6.41063
 20
0.696182
 11
6.41344
 21
0.698059
  0
LINE
  8
0
 10
6.41344
 20
0.698059
 11
6.41634
 21
0.699814
  0
LINE
  8
0
 10
6.41634
 20
0.699814
 11
6.4193
 21
0.701431
  0
LINE
  8
0
 10
6.4193
 20
0.701431
 11
6.42232
 21
0.702942
  0
LINE
  8
0
 10
6.42232
 20
0.702942
 11
6.42542
 21
0.704315
  0
LINE
  8
0
 10
6.42542
 20
0.704315
 11
6.42856
 21
0.705566
  0
LINE
  8
0
 10
6.42856
 20
0.705566
 11
6.43175
 21
0.706665
  0
LINE
  8
0
 10
6.43175
 20
0.706665
 11
6.43498
 21
0.707657
  0
LINE
  8
0
 10
6.43498
 20
0.707657
 11
6.43826
 21
0.708496
  0
LINE
  8
0
 10
6.43826
 20
0.708496
 11
6.44156
 21
0.709198
  0
LINE
  8
0
 10
6.44156
 20
0.709198
 11
6.4449
 21
0.709763
  0
LINE
  8
0
 10
6.4449
 20
0.709763
 11
6.44826
 21
0.710175
  0
LINE
  8
0
 10
6.44826
 20
0.710175
 11
6.45161
 21
0.710464
  0
LINE
  8
0
 10
6.45161
 20
0.710464
 11
6.455
 21
0.710602
  0
LINE
  8
0
 10
6.455
 20
0.710602
 11
6.45837
 21
0.710602
  0
LINE
  8
0
 10
6.45837
 20
0.710602
 11
6.46176
 21
0.710464
  0
LINE
  8
0
 10
6.46176
 20
0.710464
 11
6.46512
 21
0.710175
  0
LINE
  8
0
 10
6.46512
 20
0.710175
 11
6.46848
 21
0.709763
  0
LINE
  8
0
 10
6.46848
 20
0.709763
 11
6.47182
 21
0.709198
  0
LINE
  8
0
 10
6.47182
 20
0.709198
 11
6.47511
 21
0.708496
  0
LINE
  8
0
 10
6.47511
 20
0.708496
 11
6.47839
 21
0.707657
  0
LINE
  8
0
 10
6.47839
 20
0.707657
 11
6.48163
 21
0.706665
  0
LINE
  8
0
 10
6.48163
 20
0.706665
 11
6.48482
 21
0.705566
  0
LINE
  8
0
 10
6.48482
 20
0.705566
 11
6.48796
 21
0.704315
  0
LINE
  8
0
 10
6.48796
 20
0.704315
 11
6.49106
 21
0.702942
  0
LINE
  8
0
 10
6.49106
 20
0.702942
 11
6.49408
 21
0.701431
  0
LINE
  8
0
 10
6.49408
 20
0.701431
 11
6.49704
 21
0.699814
  0
LINE
  8
0
 10
6.49704
 20
0.699814
 11
6.49994
 21
0.698059
  0
LINE
  8
0
 10
6.49994
 20
0.698059
 11
6.50275
 21
0.696182
  0
LINE
  8
0
 10
6.50275
 20
0.696182
 11
6.50549
 21
0.694199
  0
LINE
  8
0
 10
6.50549
 20
0.694199
 11
6.50813
 21
0.692108
  0
LINE
  8
0
 10
6.50813
 20
0.692108
 11
6.5107
 21
0.689896
  0
LINE
  8
0
 10
6.5107
 20
0.689896
 11
6.51315
 21
0.687576
  0
LINE
  8
0
 10
6.51315
 20
0.687576
 11
6.51552
 21
0.685165
  0
LINE
  8
0
 10
6.51552
 20
0.685165
 11
6.51779
 21
0.682648
  0
LINE
  8
0
 10
6.51779
 20
0.682648
 11
6.51994
 21
0.680038
  0
LINE
  8
0
 10
6.51994
 20
0.680038
 11
6.52199
 21
0.677353
  0
LINE
  8
0
 10
6.52199
 20
0.677353
 11
6.52391
 21
0.674576
  0
LINE
  8
0
 10
6.52391
 20
0.674576
 11
6.52573
 21
0.671722
  0
LINE
  8
0
 10
6.52573
 20
0.671722
 11
6.52742
 21
0.668793
  0
LINE
  8
0
 10
6.52742
 20
0.668793
 11
6.52898
 21
0.665802
  0
LINE
  8
0
 10
6.52898
 20
0.665802
 11
6.53043
 21
0.662735
  0
LINE
  8
0
 10
6.53043
 20
0.662735
 11
6.53172
 21
0.659622
  0
LINE
  8
0
 10
6.53172
 20
0.659622
 11
6.53291
 21
0.656464
  0
LINE
  8
0
 10
6.53291
 20
0.656464
 11
6.53395
 21
0.653244
  0
LINE
  8
0
 10
6.53395
 20
0.653244
 11
6.53487
 21
0.649979
  0
LINE
  8
0
 10
6.53487
 20
0.649979
 11
6.53563
 21
0.646698
  0
LINE
  8
0
 10
6.53563
 20
0.646698
 11
6.53627
 21
0.643372
  0
LINE
  8
0
 10
6.53627
 20
0.643372
 11
6.53676
 21
0.64003
  0
LINE
  8
0
 10
6.53676
 20
0.64003
 11
6.53711
 21
0.636673
  0
LINE
  8
0
 10
6.53711
 20
0.636673
 11
6.53732
 21
0.633301
  0
LINE
  8
0
 10
6.53732
 20
0.633301
 11
6.5374
 21
0.629913
  0
LINE
  8
0
 10
6.5374
 20
0.629913
 11
6.53732
 21
0.626541
  0
LINE
  8
0
 10
6.53732
 20
0.626541
 11
6.53711
 21
0.623154
  0
LINE
  8
0
 10
6.53711
 20
0.623154
 11
6.53676
 21
0.619797
  0
LINE
  8
0
 10
6.53676
 20
0.619797
 11
6.53627
 21
0.616455
  0
LINE
  8
0
 10
6.53627
 20
0.616455
 11
6.53563
 21
0.613129
  0
LINE
  8
0
 10
6.53563
 20
0.613129
 11
6.53487
 21
0.609848
  0
LINE
  8
0
 10
6.53487
 20
0.609848
 11
6.53395
 21
0.606583
  0
LINE
  8
0
 10
6.53395
 20
0.606583
 11
6.53291
 21
0.603378
  0
LINE
  8
0
 10
6.53291
 20
0.603378
 11
6.53172
 21
0.600204
  0
LINE
  8
0
 10
6.53172
 20
0.600204
 11
6.53043
 21
0.597092
  0
LINE
  8
0
 10
6.53043
 20
0.597092
 11
6.52898
 21
0.594025
  0
LINE
  8
0
 10
6.52898
 20
0.594025
 11
6.52742
 21
0.591034
  0
LINE
  8
0
 10
6.52742
 20
0.591034
 11
6.52573
 21
0.588104
  0
LINE
  8
0
 10
6.52573
 20
0.588104
 11
6.52391
 21
0.585251
  0
LINE
  8
0
 10
6.52391
 20
0.585251
 11
6.52199
 21
0.582474
  0
LINE
  8
0
 10
6.52199
 20
0.582474
 11
6.51994
 21
0.579788
  0
LINE
  8
0
 10
6.51994
 20
0.579788
 11
6.51779
 21
0.577179
  0
LINE
  8
0
 10
6.51779
 20
0.577179
 11
6.51552
 21
0.574661
  0
LINE
  8
0
 10
6.51552
 20
0.574661
 11
6.51315
 21
0.57225
  0
LINE
  8
0
 10
6.51315
 20
0.57225
 11
6.5107
 21
0.569931
  0
LINE
  8
0
 10
6.5107
 20
0.569931
 11
6.50813
 21
0.567734
  0
LINE
  8
0
 10
6.50813
 20
0.567734
 11
6.50549
 21
0.565628
  0
LINE
  8
0
 10
6.50549
 20
0.565628
 11
6.50275
 21
0.563644
  0
LINE
  8
0
 10
6.50275
 20
0.563644
 11
6.49994
 21
0.561768
  0
LINE
  8
0
 10
6.49994
 20
0.561768
 11
6.49704
 21
0.560013
  0
LINE
  8
0
 10
6.49704
 20
0.560013
 11
6.49408
 21
0.558395
  0
LINE
  8
0
 10
6.49408
 20
0.558395
 11
6.49106
 21
0.556885
  0
LINE
  8
0
 10
6.49106
 20
0.556885
 11
6.48796
 21
0.555511
  0
LINE
  8
0
 10
6.48796
 20
0.555511
 11
6.48482
 21
0.55426
  0
LINE
  8
0
 10
6.48482
 20
0.55426
 11
6.48163
 21
0.553162
  0
LINE
  8
0
 10
6.48163
 20
0.553162
 11
6.47839
 21
0.552185
  0
LINE
  8
0
 10
6.47839
 20
0.552185
 11
6.47511
 21
0.551331
  0
LINE
  8
0
 10
6.47511
 20
0.551331
 11
6.47182
 21
0.550629
  0
LINE
  8
0
 10
6.47182
 20
0.550629
 11
6.46848
 21
0.550064
  0
LINE
  8
0
 10
6.46848
 20
0.550064
 11
6.46512
 21
0.549652
  0
LINE
  8
0
 10
6.46512
 20
0.549652
 11
6.46176
 21
0.549362
  0
LINE
  8
0
 10
6.46176
 20
0.549362
 11
6.45837
 21
0.549225
  0
LINE
  8
0
 10
6.45837
 20
0.549225
 11
6.455
 21
0.549225
  0
LINE
  8
0
 10
7.71484
 20
0.549225
 11
7.71147
 21
0.549362
  0
LINE
  8
0
 10
7.71147
 20
0.549362
 11
7.7081
 21
0.549652
  0
LINE
  8
0
 10
7.7081
 20
0.549652
 11
7.70474
 21
0.550064
  0
LINE
  8
0
 10
7.70474
 20
0.550064
 11
7.70142
 21
0.550629
  0
LINE
  8
0
 10
7.70142
 20
0.550629
 11
7.6981
 21
0.551331
  0
LINE
  8
0
 10
7.6981
 20
0.551331
 11
7.69482
 21
0.552185
  0
LINE
  8
0
 10
7.69482
 20
0.552185
 11
7.69159
 21
0.553162
  0
LINE
  8
0
 10
7.69159
 20
0.553162
 11
7.6884
 21
0.55426
  0
LINE
  8
0
 10
7.6884
 20
0.55426
 11
7.68526
 21
0.555511
  0
LINE
  8
0
 10
7.68526
 20
0.555511
 11
7.68217
 21
0.556885
  0
LINE
  8
0
 10
7.68217
 20
0.556885
 11
7.67914
 21
0.558395
  0
LINE
  8
0
 10
7.67914
 20
0.558395
 11
7.67618
 21
0.560013
  0
LINE
  8
0
 10
7.67618
 20
0.560013
 11
7.67328
 21
0.561768
  0
LINE
  8
0
 10
7.67328
 20
0.561768
 11
7.67047
 21
0.563644
  0
LINE
  8
0
 10
7.67047
 20
0.563644
 11
7.66774
 21
0.565628
  0
LINE
  8
0
 10
7.66774
 20
0.565628
 11
7.66508
 21
0.567734
  0
LINE
  8
0
 10
7.66508
 20
0.567734
 11
7.66252
 21
0.569931
  0
LINE
  8
0
 10
7.66252
 20
0.569931
 11
7.66006
 21
0.57225
  0
LINE
  8
0
 10
7.66006
 20
0.57225
 11
7.6577
 21
0.574661
  0
LINE
  8
0
 10
7.6577
 20
0.574661
 11
7.65544
 21
0.577179
  0
LINE
  8
0
 10
7.65544
 20
0.577179
 11
7.65327
 21
0.579788
  0
LINE
  8
0
 10
7.65327
 20
0.579788
 11
7.65123
 21
0.582474
  0
LINE
  8
0
 10
7.65123
 20
0.582474
 11
7.64931
 21
0.585251
  0
LINE
  8
0
 10
7.64931
 20
0.585251
 11
7.64749
 21
0.588104
  0
LINE
  8
0
 10
7.64749
 20
0.588104
 11
7.64581
 21
0.591034
  0
LINE
  8
0
 10
7.64581
 20
0.591034
 11
7.64424
 21
0.594025
  0
LINE
  8
0
 10
7.64424
 20
0.594025
 11
7.64281
 21
0.597092
  0
LINE
  8
0
 10
7.64281
 20
0.597092
 11
7.64149
 21
0.600204
  0
LINE
  8
0
 10
7.64149
 20
0.600204
 11
7.64032
 21
0.603378
  0
LINE
  8
0
 10
7.64032
 20
0.603378
 11
7.63927
 21
0.606583
  0
LINE
  8
0
 10
7.63927
 20
0.606583
 11
7.63835
 21
0.609848
  0
LINE
  8
0
 10
7.63835
 20
0.609848
 11
7.63759
 21
0.613129
  0
LINE
  8
0
 10
7.63759
 20
0.613129
 11
7.63695
 21
0.616455
  0
LINE
  8
0
 10
7.63695
 20
0.616455
 11
7.63646
 21
0.619797
  0
LINE
  8
0
 10
7.63646
 20
0.619797
 11
7.63611
 21
0.623154
  0
LINE
  8
0
 10
7.63611
 20
0.623154
 11
7.63589
 21
0.626541
  0
LINE
  8
0
 10
7.63589
 20
0.626541
 11
7.63582
 21
0.629913
  0
LINE
  8
0
 10
7.63582
 20
0.629913
 11
7.63589
 21
0.633301
  0
LINE
  8
0
 10
7.63589
 20
0.633301
 11
7.63611
 21
0.636673
  0
LINE
  8
0
 10
7.63611
 20
0.636673
 11
7.63646
 21
0.64003
  0
LINE
  8
0
 10
7.63646
 20
0.64003
 11
7.63695
 21
0.643372
  0
LINE
  8
0
 10
7.63695
 20
0.643372
 11
7.63759
 21
0.646698
  0
LINE
  8
0
 10
7.63759
 20
0.646698
 11
7.63835
 21
0.649979
  0
LINE
  8
0
 10
7.63835
 20
0.649979
 11
7.63927
 21
0.653244
  0
LINE
  8
0
 10
7.63927
 20
0.653244
 11
7.64032
 21
0.656464
  0
LINE
  8
0
 10
7.64032
 20
0.656464
 11
7.64149
 21
0.659622
  0
LINE
  8
0
 10
7.64149
 20
0.659622
 11
7.64281
 21
0.662735
  0
LINE
  8
0
 10
7.64281
 20
0.662735
 11
7.64424
 21
0.665802
  0
LINE
  8
0
 10
7.64424
 20
0.665802
 11
7.64581
 21
0.668793
  0
LINE
  8
0
 10
7.64581
 20
0.668793
 11
7.64749
 21
0.671722
  0
LINE
  8
0
 10
7.64749
 20
0.671722
 11
7.64931
 21
0.674576
  0
LINE
  8
0
 10
7.64931
 20
0.674576
 11
7.65123
 21
0.677353
  0
LINE
  8
0
 10
7.65123
 20
0.677353
 11
7.65327
 21
0.680038
  0
LINE
  8
0
 10
7.65327
 20
0.680038
 11
7.65544
 21
0.682648
  0
LINE
  8
0
 10
7.65544
 20
0.682648
 11
7.6577
 21
0.685165
  0
LINE
  8
0
 10
7.6577
 20
0.685165
 11
7.66006
 21
0.687576
  0
LINE
  8
0
 10
7.66006
 20
0.687576
 11
7.66252
 21
0.689896
  0
LINE
  8
0
 10
7.66252
 20
0.689896
 11
7.66508
 21
0.692108
  0
LINE
  8
0
 10
7.66508
 20
0.692108
 11
7.66774
 21
0.694199
  0
LINE
  8
0
 10
7.66774
 20
0.694199
 11
7.67047
 21
0.696182
  0
LINE
  8
0
 10
7.67047
 20
0.696182
 11
7.67328
 21
0.698059
  0
LINE
  8
0
 10
7.67328
 20
0.698059
 11
7.67618
 21
0.699814
  0
LINE
  8
0
 10
7.67618
 20
0.699814
 11
7.67914
 21
0.701431
  0
LINE
  8
0
 10
7.67914
 20
0.701431
 11
7.68217
 21
0.702942
  0
LINE
  8
0
 10
7.68217
 20
0.702942
 11
7.68526
 21
0.704315
  0
LINE
  8
0
 10
7.68526
 20
0.704315
 11
7.6884
 21
0.705566
  0
LINE
  8
0
 10
7.6884
 20
0.705566
 11
7.69159
 21
0.706665
  0
LINE
  8
0
 10
7.69159
 20
0.706665
 11
7.69482
 21
0.707657
  0
LINE
  8
0
 10
7.69482
 20
0.707657
 11
7.6981
 21
0.708496
  0
LINE
  8
0
 10
7.6981
 20
0.708496
 11
7.70142
 21
0.709198
  0
LINE
  8
0
 10
7.70142
 20
0.709198
 11
7.70474
 21
0.709763
  0
LINE
  8
0
 10
7.70474
 20
0.709763
 11
7.7081
 21
0.710175
  0
LINE
  8
0
 10
7.7081
 20
0.710175
 11
7.71147
 21
0.710464
  0
LINE
  8
0
 10
7.71147
 20
0.710464
 11
7.71484
 21
0.710602
  0
LINE
  8
0
 10
7.71484
 20
0.710602
 11
7.71822
 21
0.710602
  0
LINE
  8
0
 10
7.71822
 20
0.710602
 11
7.7216
 21
0.710464
  0
LINE
  8
0
 10
7.7216
 20
0.710464
 11
7.72498
 21
0.710175
  0
LINE
  8
0
 10
7.72498
 20
0.710175
 11
7.72832
 21
0.709763
  0
LINE
  8
0
 10
7.72832
 20
0.709763
 11
7.73166
 21
0.709198
  0
LINE
  8
0
 10
7.73166
 20
0.709198
 11
7.73495
 21
0.708496
  0
LINE
  8
0
 10
7.73495
 20
0.708496
 11
7.73824
 21
0.707657
  0
LINE
  8
0
 10
7.73824
 20
0.707657
 11
7.74147
 21
0.706665
  0
LINE
  8
0
 10
7.74147
 20
0.706665
 11
7.74466
 21
0.705566
  0
LINE
  8
0
 10
7.74466
 20
0.705566
 11
7.7478
 21
0.704315
  0
LINE
  8
0
 10
7.7478
 20
0.704315
 11
7.7509
 21
0.702942
  0
LINE
  8
0
 10
7.7509
 20
0.702942
 11
7.75392
 21
0.701431
  0
LINE
  8
0
 10
7.75392
 20
0.701431
 11
7.75688
 21
0.699814
  0
LINE
  8
0
 10
7.75688
 20
0.699814
 11
7.75978
 21
0.698059
  0
LINE
  8
0
 10
7.75978
 20
0.698059
 11
7.76259
 21
0.696182
  0
LINE
  8
0
 10
7.76259
 20
0.696182
 11
7.76534
 21
0.694199
  0
LINE
  8
0
 10
7.76534
 20
0.694199
 11
7.76797
 21
0.692108
  0
LINE
  8
0
 10
7.76797
 20
0.692108
 11
7.77054
 21
0.689896
  0
LINE
  8
0
 10
7.77054
 20
0.689896
 11
7.77299
 21
0.687576
  0
LINE
  8
0
 10
7.77299
 20
0.687576
 11
7.77536
 21
0.685165
  0
LINE
  8
0
 10
7.77536
 20
0.685165
 11
7.77763
 21
0.682648
  0
LINE
  8
0
 10
7.77763
 20
0.682648
 11
7.77979
 21
0.680038
  0
LINE
  8
0
 10
7.77979
 20
0.680038
 11
7.78183
 21
0.677353
  0
LINE
  8
0
 10
7.78183
 20
0.677353
 11
7.78375
 21
0.674576
  0
LINE
  8
0
 10
7.78375
 20
0.674576
 11
7.78557
 21
0.671722
  0
LINE
  8
0
 10
7.78557
 20
0.671722
 11
7.78726
 21
0.668793
  0
LINE
  8
0
 10
7.78726
 20
0.668793
 11
7.78882
 21
0.665802
  0
LINE
  8
0
 10
7.78882
 20
0.665802
 11
7.79027
 21
0.662735
  0
LINE
  8
0
 10
7.79027
 20
0.662735
 11
7.79158
 21
0.659622
  0
LINE
  8
0
 10
7.79158
 20
0.659622
 11
7.79276
 21
0.656464
  0
LINE
  8
0
 10
7.79276
 20
0.656464
 11
7.79379
 21
0.653244
  0
LINE
  8
0
 10
7.79379
 20
0.653244
 11
7.79471
 21
0.649979
  0
LINE
  8
0
 10
7.79471
 20
0.649979
 11
7.79547
 21
0.646698
  0
LINE
  8
0
 10
7.79547
 20
0.646698
 11
7.79611
 21
0.643372
  0
LINE
  8
0
 10
7.79611
 20
0.643372
 11
7.7966
 21
0.64003
  0
LINE
  8
0
 10
7.7966
 20
0.64003
 11
7.79695
 21
0.636673
  0
LINE
  8
0
 10
7.79695
 20
0.636673
 11
7.79716
 21
0.633301
  0
LINE
  8
0
 10
7.79716
 20
0.633301
 11
7.79724
 21
0.629913
  0
LINE
  8
0
 10
7.79724
 20
0.629913
 11
7.79716
 21
0.626541
  0
LINE
  8
0
 10
7.79716
 20
0.626541
 11
7.79695
 21
0.623154
  0
LINE
  8
0
 10
7.79695
 20
0.623154
 11
7.7966
 21
0.619797
  0
LINE
  8
0
 10
7.7966
 20
0.619797
 11
7.79611
 21
0.616455
  0
LINE
  8
0
 10
7.79611
 20
0.616455
 11
7.79547
 21
0.613129
  0
LINE
  8
0
 10
7.79547
 20
0.613129
 11
7.79471
 21
0.609848
  0
LINE
  8
0
 10
7.79471
 20
0.609848
 11
7.79379
 21
0.606583
  0
LINE
  8
0
 10
7.79379
 20
0.606583
 11
7.79276
 21
0.603378
  0
LINE
  8
0
 10
7.79276
 20
0.603378
 11
7.79158
 21
0.600204
  0
LINE
  8
0
 10
7.79158
 20
0.600204
 11
7.79027
 21
0.597092
  0
LINE
  8
0
 10
7.79027
 20
0.597092
 11
7.78882
 21
0.594025
  0
LINE
  8
0
 10
7.78882
 20
0.594025
 11
7.78726
 21
0.591034
  0
LINE
  8
0
 10
7.78726
 20
0.591034
 11
7.78557
 21
0.588104
  0
LINE
  8
0
 10
7.78557
 20
0.588104
 11
7.78375
 21
0.585251
  0
LINE
  8
0
 10
7.78375
 20
0.585251
 11
7.78183
 21
0.582474
  0
LINE
  8
0
 10
7.78183
 20
0.582474
 11
7.77979
 21
0.579788
  0
LINE
  8
0
 10
7.77979
 20
0.579788
 11
7.77763
 21
0.577179
  0
LINE
  8
0
 10
7.77763
 20
0.577179
 11
7.77536
 21
0.574661
  0
LINE
  8
0
 10
7.77536
 20
0.574661
 11
7.77299
 21
0.57225
  0
LINE
  8
0
 10
7.77299
 20
0.57225
 11
7.77054
 21
0.569931
  0
LINE
  8
0
 10
7.77054
 20
0.569931
 11
7.76797
 21
0.567734
  0
LINE
  8
0
 10
7.76797
 20
0.567734
 11
7.76534
 21
0.565628
  0
LINE
  8
0
 10
7.76534
 20
0.565628
 11
7.76259
 21
0.563644
  0
LINE
  8
0
 10
7.76259
 20
0.563644
 11
7.75978
 21
0.561768
  0
LINE
  8
0
 10
7.75978
 20
0.561768
 11
7.75688
 21
0.560013
  0
LINE
  8
0
 10
7.75688
 20
0.560013
 11
7.75392
 21
0.558395
  0
LINE
  8
0
 10
7.75392
 20
0.558395
 11
7.7509
 21
0.556885
  0
LINE
  8
0
 10
7.7509
 20
0.556885
 11
7.7478
 21
0.555511
  0
LINE
  8
0
 10
7.7478
 20
0.555511
 11
7.74466
 21
0.55426
  0
LINE
  8
0
 10
7.74466
 20
0.55426
 11
7.74147
 21
0.553162
  0
LINE
  8
0
 10
7.74147
 20
0.553162
 11
7.73824
 21
0.552185
  0
LINE
  8
0
 10
7.73824
 20
0.552185
 11
7.73495
 21
0.551331
  0
LINE
  8
0
 10
7.73495
 20
0.551331
 11
7.73166
 21
0.550629
  0
LINE
  8
0
 10
7.73166
 20
0.550629
 11
7.72832
 21
0.550064
  0
LINE
  8
0
 10
7.72832
 20
0.550064
 11
7.72498
 21
0.549652
  0
LINE
  8
0
 10
7.72498
 20
0.549652
 11
7.7216
 21
0.549362
  0
LINE
  8
0
 10
7.7216
 20
0.549362
 11
7.71822
 21
0.549225
  0
LINE
  8
0
 10
7.71822
 20
0.549225
 11
7.71484
 21
0.549225
  0
LINE
  8
0
 10
-7.71822
 20
0.549225
 11
-7.7216
 21
0.549362
  0
LINE
  8
0
 10
-7.7216
 20
0.549362
 11
-7.72498
 21
0.549652
  0
LINE
  8
0
 10
-7.72498
 20
0.549652
 11
-7.72832
 21
0.550064
  0
LINE
  8
0
 10
-7.72832
 20
0.550064
 11
-7.73166
 21
0.550629
  0
LINE
  8
0
 10
-7.73166
 20
0.550629
 11
-7.73495
 21
0.551331
  0
LINE
  8
0
 10
-7.73495
 20
0.551331
 11
-7.73824
 21
0.552185
  0
LINE
  8
0
 10
-7.73824
 20
0.552185
 11
-7.74147
 21
0.553162
  0
LINE
  8
0
 10
-7.74147
 20
0.553162
 11
-7.74466
 21
0.55426
  0
LINE
  8
0
 10
-7.74466
 20
0.55426
 11
-7.7478
 21
0.555511
  0
LINE
  8
0
 10
-7.7478
 20
0.555511
 11
-7.7509
 21
0.556885
  0
LINE
  8
0
 10
-7.7509
 20
0.556885
 11
-7.75392
 21
0.558395
  0
LINE
  8
0
 10
-7.75392
 20
0.558395
 11
-7.75688
 21
0.560013
  0
LINE
  8
0
 10
-7.75688
 20
0.560013
 11
-7.75978
 21
0.561768
  0
LINE
  8
0
 10
-7.75978
 20
0.561768
 11
-7.76259
 21
0.563644
  0
LINE
  8
0
 10
-7.76259
 20
0.563644
 11
-7.76534
 21
0.565628
  0
LINE
  8
0
 10
-7.76534
 20
0.565628
 11
-7.76797
 21
0.567734
  0
LINE
  8
0
 10
-7.76797
 20
0.567734
 11
-7.77054
 21
0.569931
  0
LINE
  8
0
 10
-7.77054
 20
0.569931
 11
-7.77299
 21
0.57225
  0
LINE
  8
0
 10
-7.77299
 20
0.57225
 11
-7.77536
 21
0.574661
  0
LINE
  8
0
 10
-7.77536
 20
0.574661
 11
-7.77763
 21
0.577179
  0
LINE
  8
0
 10
-7.77763
 20
0.577179
 11
-7.77979
 21
0.579788
  0
LINE
  8
0
 10
-7.77979
 20
0.579788
 11
-7.78183
 21
0.582474
  0
LINE
  8
0
 10
-7.78183
 20
0.582474
 11
-7.78375
 21
0.585251
  0
LINE
  8
0
 10
-7.78375
 20
0.585251
 11
-7.78557
 21
0.588104
  0
LINE
  8
0
 10
-7.78557
 20
0.588104
 11
-7.78726
 21
0.591034
  0
LINE
  8
0
 10
-7.78726
 20
0.591034
 11
-7.78882
 21
0.594025
  0
LINE
  8
0
 10
-7.78882
 20
0.594025
 11
-7.79027
 21
0.597092
  0
LINE
  8
0
 10
-7.79027
 20
0.597092
 11
-7.79158
 21
0.600204
  0
LINE
  8
0
 10
-7.79158
 20
0.600204
 11
-7.79276
 21
0.603378
  0
LINE
  8
0
 10
-7.79276
 20
0.603378
 11
-7.79379
 21
0.606583
  0
LINE
  8
0
 10
-7.79379
 20
0.606583
 11
-7.79471
 21
0.609848
  0
LINE
  8
0
 10
-7.79471
 20
0.609848
 11
-7.79547
 21
0.613129
  0
LINE
  8
0
 10
-7.79547
 20
0.613129
 11
-7.79611
 21
0.616455
  0
LINE
  8
0
 10
-7.79611
 20
0.616455
 11
-7.7966
 21
0.619797
  0
LINE
  8
0
 10
-7.7966
 20
0.619797
 11
-7.79695
 21
0.623154
  0
LINE
  8
0
 10
-7.79695
 20
0.623154
 11
-7.79716
 21
0.626541
  0
LINE
  8
0
 10
-7.79716
 20
0.626541
 11
-7.79724
 21
0.629913
  0
LINE
  8
0
 10
-7.79724
 20
0.629913
 11
-7.79716
 21
0.633301
  0
LINE
  8
0
 10
-7.79716
 20
0.633301
 11
-7.79695
 21
0.636673
  0
LINE
  8
0
 10
-7.79695
 20
0.636673
 11
-7.7966
 21
0.64003
  0
LINE
  8
0
 10
-7.7966
 20
0.64003
 11
-7.79611
 21
0.643372
  0
LINE
  8
0
 10
-7.79611
 20
0.643372
 11
-7.79547
 21
0.646698
  0
LINE
  8
0
 10
-7.79547
 20
0.646698
 11
-7.79471
 21
0.649979
  0
LINE
  8
0
 10
-7.79471
 20
0.649979
 11
-7.79379
 21
0.653244
  0
LINE
  8
0
 10
-7.79379
 20
0.653244
 11
-7.79276
 21
0.656464
  0
LINE
  8
0
 10
-7.79276
 20
0.656464
 11
-7.79158
 21
0.659622
  0
LINE
  8
0
 10
-7.79158
 20
0.659622
 11
-7.79027
 21
0.662735
  0
LINE
  8
0
 10
-7.79027
 20
0.662735
 11
-7.78882
 21
0.665802
  0
LINE
  8
0
 10
-7.78882
 20
0.665802
 11
-7.78726
 21
0.668793
  0
LINE
  8
0
 10
-7.78726
 20
0.668793
 11
-7.78557
 21
0.671722
  0
LINE
  8
0
 10
-7.78557
 20
0.671722
 11
-7.78375
 21
0.674576
  0
LINE
  8
0
 10
-7.78375
 20
0.674576
 11
-7.78183
 21
0.677353
  0
LINE
  8
0
 10
-7.78183
 20
0.677353
 11
-7.77979
 21
0.680038
  0
LINE
  8
0
 10
-7.77979
 20
0.680038
 11
-7.77763
 21
0.682648
  0
LINE
  8
0
 10
-7.77763
 20
0.682648
 11
-7.77536
 21
0.685165
  0
LINE
  8
0
 10
-7.77536
 20
0.685165
 11
-7.77299
 21
0.687576
  0
LINE
  8
0
 10
-7.77299
 20
0.687576
 11
-7.77054
 21
0.689896
  0
LINE
  8
0
 10
-7.77054
 20
0.689896
 11
-7.76797
 21
0.692108
  0
LINE
  8
0
 10
-7.76797
 20
0.692108
 11
-7.76534
 21
0.694199
  0
LINE
  8
0
 10
-7.76534
 20
0.694199
 11
-7.76259
 21
0.696182
  0
LINE
  8
0
 10
-7.76259
 20
0.696182
 11
-7.75978
 21
0.698059
  0
LINE
  8
0
 10
-7.75978
 20
0.698059
 11
-7.75688
 21
0.699814
  0
LINE
  8
0
 10
-7.75688
 20
0.699814
 11
-7.75392
 21
0.701431
  0
LINE
  8
0
 10
-7.75392
 20
0.701431
 11
-7.7509
 21
0.702942
  0
LINE
  8
0
 10
-7.7509
 20
0.702942
 11
-7.7478
 21
0.704315
  0
LINE
  8
0
 10
-7.7478
 20
0.704315
 11
-7.74466
 21
0.705566
  0
LINE
  8
0
 10
-7.74466
 20
0.705566
 11
-7.74147
 21
0.706665
  0
LINE
  8
0
 10
-7.74147
 20
0.706665
 11
-7.73824
 21
0.707657
  0
LINE
  8
0
 10
-7.73824
 20
0.707657
 11
-7.73495
 21
0.708496
  0
LINE
  8
0
 10
-7.73495
 20
0.708496
 11
-7.73166
 21
0.709198
  0
LINE
  8
0
 10
-7.73166
 20
0.709198
 11
-7.72832
 21
0.709763
  0
LINE
  8
0
 10
-7.72832
 20
0.709763
 11
-7.72498
 21
0.710175
  0
LINE
  8
0
 10
-7.72498
 20
0.710175
 11
-7.7216
 21
0.710464
  0
LINE
  8
0
 10
-7.7216
 20
0.710464
 11
-7.71822
 21
0.710602
  0
LINE
  8
0
 10
-7.71822
 20
0.710602
 11
-7.71484
 21
0.710602
  0
LINE
  8
0
 10
-7.71484
 20
0.710602
 11
-7.71147
 21
0.710464
  0
LINE
  8
0
 10
-7.71147
 20
0.710464
 11
-7.7081
 21
0.710175
  0
LINE
  8
0
 10
-7.7081
 20
0.710175
 11
-7.70474
 21
0.709763
  0
LINE
  8
0
 10
-7.70474
 20
0.709763
 11
-7.70142
 21
0.709198
  0
LINE
  8
0
 10
-7.70142
 20
0.709198
 11
-7.6981
 21
0.708496
  0
LINE
  8
0
 10
-7.6981
 20
0.708496
 11
-7.69482
 21
0.707657
  0
LINE
  8
0
 10
-7.69482
 20
0.707657
 11
-7.69159
 21
0.706665
  0
LINE
  8
0
 10
-7.69159
 20
0.706665
 11
-7.6884
 21
0.705566
  0
LINE
  8
0
 10
-7.6884
 20
0.705566
 11
-7.68526
 21
0.704315
  0
LINE
  8
0
 10
-7.68526
 20
0.704315
 11
-7.68217
 21
0.702942
  0
LINE
  8
0
 10
-7.68217
 20
0.702942
 11
-7.67914
 21
0.701431
  0
LINE
  8
0
 10
-7.67914
 20
0.701431
 11
-7.67618
 21
0.699814
  0
LINE
  8
0
 10
-7.67618
 20
0.699814
 11
-7.67328
 21
0.698059
  0
LINE
  8
0
 10
-7.67328
 20
0.698059
 11
-7.67047
 21
0.696182
  0
LINE
  8
0
 10
-7.67047
 20
0.696182
 11
-7.66774
 21
0.694199
  0
LINE
  8
0
 10
-7.66774
 20
0.694199
 11
-7.66508
 21
0.692108
  0
LINE
  8
0
 10
-7.66508
 20
0.692108
 11
-7.66252
 21
0.689896
  0
LINE
  8
0
 10
-7.66252
 20
0.689896
 11
-7.66006
 21
0.687576
  0
LINE
  8
0
 10
-7.66006
 20
0.687576
 11
-7.6577
 21
0.685165
  0
LINE
  8
0
 10
-7.6577
 20
0.685165
 11
-7.65544
 21
0.682648
  0
LINE
  8
0
 10
-7.65544
 20
0.682648
 11
-7.65327
 21
0.680038
  0
LINE
  8
0
 10
-7.65327
 20
0.680038
 11
-7.65123
 21
0.677353
  0
LINE
  8
0
 10
-7.65123
 20
0.677353
 11
-7.64931
 21
0.674576
  0
LINE
  8
0
 10
-7.64931
 20
0.674576
 11
-7.64749
 21
0.671722
  0
LINE
  8
0
 10
-7.64749
 20
0.671722
 11
-7.64581
 21
0.668793
  0
LINE
  8
0
 10
-7.64581
 20
0.668793
 11
-7.64424
 21
0.665802
  0
LINE
  8
0
 10
-7.64424
 20
0.665802
 11
-7.64281
 21
0.662735
  0
LINE
  8
0
 10
-7.64281
 20
0.662735
 11
-7.64149
 21
0.659622
  0
LINE
  8
0
 10
-7.64149
 20
0.659622
 11
-7.64032
 21
0.656464
  0
LINE
  8
0
 10
-7.64032
 20
0.656464
 11
-7.63927
 21
0.653244
  0
LINE
  8
0
 10
-7.63927
 20
0.653244
 11
-7.63835
 21
0.649979
  0
LINE
  8
0
 10
-7.63835
 20
0.649979
 11
-7.63759
 21
0.646698
  0
LINE
  8
0
 10
-7.63759
 20
0.646698
 11
-7.63695
 21
0.643372
  0
LINE
  8
0
 10
-7.63695
 20
0.643372
 11
-7.63646
 21
0.64003
  0
LINE
  8
0
 10
-7.63646
 20
0.64003
 11
-7.63611
 21
0.636673
  0
LINE
  8
0
 10
-7.63611
 20
0.636673
 11
-7.63589
 21
0.633301
  0
LINE
  8
0
 10
-7.63589
 20
0.633301
 11
-7.63582
 21
0.629913
  0
LINE
  8
0
 10
-7.63582
 20
0.629913
 11
-7.63589
 21
0.626541
  0
LINE
  8
0
 10
-7.63589
 20
0.626541
 11
-7.63611
 21
0.623154
  0
LINE
  8
0
 10
-7.63611
 20
0.623154
 11
-7.63646
 21
0.619797
  0
LINE
  8
0
 10
-7.63646
 20
0.619797
 11
-7.63695
 21
0.616455
  0
LINE
  8
0
 10
-7.63695
 20
0.616455
 11
-7.63759
 21
0.613129
  0
LINE
  8
0
 10
-7.63759
 20
0.613129
 11
-7.63835
 21
0.609848
  0
LINE
  8
0
 10
-7.63835
 20
0.609848
 11
-7.63927
 21
0.606583
  0
LINE
  8
0
 10
-7.63927
 20
0.606583
 11
-7.64032
 21
0.603378
  0
LINE
  8
0
 10
-7.64032
 20
0.603378
 11
-7.64149
 21
0.600204
  0
LINE
  8
0
 10
-7.64149
 20
0.600204
 11
-7.64281
 21
0.597092
  0
LINE
  8
0
 10
-7.64281
 20
0.597092
 11
-7.64424
 21
0.594025
  0
LINE
  8
0
 10
-7.64424
 20
0.594025
 11
-7.64581
 21
0.591034
  0
LINE
  8
0
 10
-7.64581
 20
0.591034
 11
-7.64749
 21
0.588104
  0
LINE
  8
0
 10
-7.64749
 20
0.588104
 11
-7.64931
 21
0.585251
  0
LINE
  8
0
 10
-7.64931
 20
0.585251
 11
-7.65123
 21
0.582474
  0
LINE
  8
0
 10
-7.65123
 20
0.582474
 11
-7.65327
 21
0.579788
  0
LINE
  8
0
 10
-7.65327
 20
0.579788
 11
-7.65544
 21
0.577179
  0
LINE
  8
0
 10
-7.65544
 20
0.577179
 11
-7.6577
 21
0.574661
  0
LINE
  8
0
 10
-7.6577
 20
0.574661
 11
-7.66006
 21
0.57225
  0
LINE
  8
0
 10
-7.66006
 20
0.57225
 11
-7.66252
 21
0.569931
  0
LINE
  8
0
 10
-7.66252
 20
0.569931
 11
-7.66508
 21
0.567734
  0
LINE
  8
0
 10
-7.66508
 20
0.567734
 11
-7.66774
 21
0.565628
  0
LINE
  8
0
 10
-7.66774
 20
0.565628
 11
-7.67047
 21
0.563644
  0
LINE
  8
0
 10
-7.67047
 20
0.563644
 11
-7.67328
 21
0.561768
  0
LINE
  8
0
 10
-7.67328
 20
0.561768
 11
-7.67618
 21
0.560013
  0
LINE
  8
0
 10
-7.67618
 20
0.560013
 11
-7.67914
 21
0.558395
  0
LINE
  8
0
 10
-7.67914
 20
0.558395
 11
-7.68217
 21
0.556885
  0
LINE
  8
0
 10
-7.68217
 20
0.556885
 11
-7.68526
 21
0.555511
  0
LINE
  8
0
 10
-7.68526
 20
0.555511
 11
-7.6884
 21
0.55426
  0
LINE
  8
0
 10
-7.6884
 20
0.55426
 11
-7.69159
 21
0.553162
  0
LINE
  8
0
 10
-7.69159
 20
0.553162
 11
-7.69482
 21
0.552185
  0
LINE
  8
0
 10
-7.69482
 20
0.552185
 11
-7.6981
 21
0.551331
  0
LINE
  8
0
 10
-7.6981
 20
0.551331
 11
-7.70142
 21
0.550629
  0
LINE
  8
0
 10
-7.70142
 20
0.550629
 11
-7.70474
 21
0.550064
  0
LINE
  8
0
 10
-7.70474
 20
0.550064
 11
-7.7081
 21
0.549652
  0
LINE
  8
0
 10
-7.7081
 20
0.549652
 11
-7.71147
 21
0.549362
  0
LINE
  8
0
 10
-7.71147
 20
0.549362
 11
-7.71484
 21
0.549225
  0
LINE
  8
0
 10
-7.71484
 20
0.549225
 11
-7.71822
 21
0.549225
  0
LINE
  8
0
 10
-7.71822
 20
0.234268
 11
-7.7216
 21
0.234406
  0
LINE
  8
0
 10
-7.7216
 20
0.234406
 11
-7.72498
 21
0.23468
  0
LINE
  8
0
 10
-7.72498
 20
0.23468
 11
-7.72832
 21
0.235107
  0
LINE
  8
0
 10
-7.72832
 20
0.235107
 11
-7.73166
 21
0.235672
  0
LINE
  8
0
 10
-7.73166
 20
0.235672
 11
-7.73495
 21
0.236374
  0
LINE
  8
0
 10
-7.73495
 20
0.236374
 11
-7.73824
 21
0.237213
  0
LINE
  8
0
 10
-7.73824
 20
0.237213
 11
-7.74147
 21
0.23819
  0
LINE
  8
0
 10
-7.74147
 20
0.23819
 11
-7.74466
 21
0.239304
  0
LINE
  8
0
 10
-7.74466
 20
0.239304
 11
-7.7478
 21
0.240555
  0
LINE
  8
0
 10
-7.7478
 20
0.240555
 11
-7.7509
 21
0.241928
  0
LINE
  8
0
 10
-7.7509
 20
0.241928
 11
-7.75392
 21
0.243423
  0
LINE
  8
0
 10
-7.75392
 20
0.243423
 11
-7.75688
 21
0.245056
  0
LINE
  8
0
 10
-7.75688
 20
0.245056
 11
-7.75978
 21
0.246811
  0
LINE
  8
0
 10
-7.75978
 20
0.246811
 11
-7.76259
 21
0.248672
  0
LINE
  8
0
 10
-7.76259
 20
0.248672
 11
-7.76534
 21
0.250671
  0
LINE
  8
0
 10
-7.76534
 20
0.250671
 11
-7.76797
 21
0.252762
  0
LINE
  8
0
 10
-7.76797
 20
0.252762
 11
-7.77054
 21
0.254974
  0
LINE
  8
0
 10
-7.77054
 20
0.254974
 11
-7.77299
 21
0.257294
  0
LINE
  8
0
 10
-7.77299
 20
0.257294
 11
-7.77536
 21
0.259705
  0
LINE
  8
0
 10
-7.77536
 20
0.259705
 11
-7.77763
 21
0.262222
  0
LINE
  8
0
 10
-7.77763
 20
0.262222
 11
-7.77979
 21
0.264816
  0
LINE
  8
0
 10
-7.77979
 20
0.264816
 11
-7.78183
 21
0.267517
  0
LINE
  8
0
 10
-7.78183
 20
0.267517
 11
-7.78375
 21
0.270294
  0
LINE
  8
0
 10
-7.78375
 20
0.270294
 11
-7.78557
 21
0.273148
  0
LINE
  8
0
 10
-7.78557
 20
0.273148
 11
-7.78726
 21
0.276077
  0
LINE
  8
0
 10
-7.78726
 20
0.276077
 11
-7.78882
 21
0.279068
  0
LINE
  8
0
 10
-7.78882
 20
0.279068
 11
-7.79027
 21
0.28212
  0
LINE
  8
0
 10
-7.79027
 20
0.28212
 11
-7.79158
 21
0.285248
  0
LINE
  8
0
 10
-7.79158
 20
0.285248
 11
-7.79276
 21
0.288406
  0
LINE
  8
0
 10
-7.79276
 20
0.288406
 11
-7.79379
 21
0.291626
  0
LINE
  8
0
 10
-7.79379
 20
0.291626
 11
-7.79471
 21
0.294876
  0
LINE
  8
0
 10
-7.79471
 20
0.294876
 11
-7.79547
 21
0.298172
  0
LINE
  8
0
 10
-7.79547
 20
0.298172
 11
-7.79611
 21
0.301498
  0
LINE
  8
0
 10
-7.79611
 20
0.301498
 11
-7.7966
 21
0.30484
  0
LINE
  8
0
 10
-7.7966
 20
0.30484
 11
-7.79695
 21
0.308197
  0
LINE
  8
0
 10
-7.79695
 20
0.308197
 11
-7.79716
 21
0.311569
  0
LINE
  8
0
 10
-7.79716
 20
0.311569
 11
-7.79724
 21
0.314957
  0
LINE
  8
0
 10
-7.79724
 20
0.314957
 11
-7.79716
 21
0.318329
  0
LINE
  8
0
 10
-7.79716
 20
0.318329
 11
-7.79695
 21
0.321701
  0
LINE
  8
0
 10
-7.79695
 20
0.321701
 11
-7.7966
 21
0.325073
  0
LINE
  8
0
 10
-7.7966
 20
0.325073
 11
-7.79611
 21
0.328415
  0
LINE
  8
0
 10
-7.79611
 20
0.328415
 11
-7.79547
 21
0.331726
  0
LINE
  8
0
 10
-7.79547
 20
0.331726
 11
-7.79471
 21
0.335022
  0
LINE
  8
0
 10
-7.79471
 20
0.335022
 11
-7.79379
 21
0.338287
  0
LINE
  8
0
 10
-7.79379
 20
0.338287
 11
-7.79276
 21
0.341492
  0
LINE
  8
0
 10
-7.79276
 20
0.341492
 11
-7.79158
 21
0.344666
  0
LINE
  8
0
 10
-7.79158
 20
0.344666
 11
-7.79027
 21
0.347778
  0
LINE
  8
0
 10
-7.79027
 20
0.347778
 11
-7.78882
 21
0.350845
  0
LINE
  8
0
 10
-7.78882
 20
0.350845
 11
-7.78726
 21
0.353836
  0
LINE
  8
0
 10
-7.78726
 20
0.353836
 11
-7.78557
 21
0.356766
  0
LINE
  8
0
 10
-7.78557
 20
0.356766
 11
-7.78375
 21
0.359619
  0
LINE
  8
0
 10
-7.78375
 20
0.359619
 11
-7.78183
 21
0.362396
  0
LINE
  8
0
 10
-7.78183
 20
0.362396
 11
-7.77979
 21
0.365082
  0
LINE
  8
0
 10
-7.77979
 20
0.365082
 11
-7.77763
 21
0.367691
  0
LINE
  8
0
 10
-7.77763
 20
0.367691
 11
-7.77536
 21
0.370209
  0
LINE
  8
0
 10
-7.77536
 20
0.370209
 11
-7.77299
 21
0.37262
  0
LINE
  8
0
 10
-7.77299
 20
0.37262
 11
-7.77054
 21
0.374939
  0
LINE
  8
0
 10
-7.77054
 20
0.374939
 11
-7.76797
 21
0.377136
  0
LINE
  8
0
 10
-7.76797
 20
0.377136
 11
-7.76534
 21
0.379242
  0
LINE
  8
0
 10
-7.76534
 20
0.379242
 11
-7.76259
 21
0.381226
  0
LINE
  8
0
 10
-7.76259
 20
0.381226
 11
-7.75978
 21
0.383102
  0
LINE
  8
0
 10
-7.75978
 20
0.383102
 11
-7.75688
 21
0.384842
  0
LINE
  8
0
 10
-7.75688
 20
0.384842
 11
-7.75392
 21
0.386475
  0
LINE
  8
0
 10
-7.75392
 20
0.386475
 11
-7.7509
 21
0.387985
  0
LINE
  8
0
 10
-7.7509
 20
0.387985
 11
-7.7478
 21
0.389359
  0
LINE
  8
0
 10
-7.7478
 20
0.389359
 11
-7.74466
 21
0.390594
  0
LINE
  8
0
 10
-7.74466
 20
0.390594
 11
-7.74147
 21
0.391708
  0
LINE
  8
0
 10
-7.74147
 20
0.391708
 11
-7.73824
 21
0.392685
  0
LINE
  8
0
 10
-7.73824
 20
0.392685
 11
-7.73495
 21
0.393524
  0
LINE
  8
0
 10
-7.73495
 20
0.393524
 11
-7.73166
 21
0.394226
  0
LINE
  8
0
 10
-7.73166
 20
0.394226
 11
-7.72832
 21
0.394791
  0
LINE
  8
0
 10
-7.72832
 20
0.394791
 11
-7.72498
 21
0.395218
  0
LINE
  8
0
 10
-7.72498
 20
0.395218
 11
-7.7216
 21
0.395508
  0
LINE
  8
0
 10
-7.7216
 20
0.395508
 11
-7.71822
 21
0.395645
  0
LINE
  8
0
 10
-7.71822
 20
0.395645
 11
-7.71484
 21
0.395645
  0
LINE
  8
0
 10
-7.71484
 20
0.395645
 11
-7.71147
 21
0.395508
  0
LINE
  8
0
 10
-7.71147
 20
0.395508
 11
-7.7081
 21
0.395218
  0
LINE
  8
0
 10
-7.7081
 20
0.395218
 11
-7.70474
 21
0.394791
  0
LINE
  8
0
 10
-7.70474
 20
0.394791
 11
-7.70142
 21
0.394226
  0
LINE
  8
0
 10
-7.70142
 20
0.394226
 11
-7.6981
 21
0.393524
  0
LINE
  8
0
 10
-7.6981
 20
0.393524
 11
-7.69482
 21
0.392685
  0
LINE
  8
0
 10
-7.69482
 20
0.392685
 11
-7.69159
 21
0.391708
  0
LINE
  8
0
 10
-7.69159
 20
0.391708
 11
-7.6884
 21
0.390594
  0
LINE
  8
0
 10
-7.6884
 20
0.390594
 11
-7.68526
 21
0.389359
  0
LINE
  8
0
 10
-7.68526
 20
0.389359
 11
-7.68217
 21
0.387985
  0
LINE
  8
0
 10
-7.68217
 20
0.387985
 11
-7.67914
 21
0.386475
  0
LINE
  8
0
 10
-7.67914
 20
0.386475
 11
-7.67618
 21
0.384842
  0
LINE
  8
0
 10
-7.67618
 20
0.384842
 11
-7.67328
 21
0.383102
  0
LINE
  8
0
 10
-7.67328
 20
0.383102
 11
-7.67047
 21
0.381226
  0
LINE
  8
0
 10
-7.67047
 20
0.381226
 11
-7.66774
 21
0.379242
  0
LINE
  8
0
 10
-7.66774
 20
0.379242
 11
-7.66508
 21
0.377136
  0
LINE
  8
0
 10
-7.66508
 20
0.377136
 11
-7.66252
 21
0.374939
  0
LINE
  8
0
 10
-7.66252
 20
0.374939
 11
-7.66006
 21
0.37262
  0
LINE
  8
0
 10
-7.66006
 20
0.37262
 11
-7.6577
 21
0.370209
  0
LINE
  8
0
 10
-7.6577
 20
0.370209
 11
-7.65544
 21
0.367691
  0
LINE
  8
0
 10
-7.65544
 20
0.367691
 11
-7.65327
 21
0.365082
  0
LINE
  8
0
 10
-7.65327
 20
0.365082
 11
-7.65123
 21
0.362396
  0
LINE
  8
0
 10
-7.65123
 20
0.362396
 11
-7.64931
 21
0.359619
  0
LINE
  8
0
 10
-7.64931
 20
0.359619
 11
-7.64749
 21
0.356766
  0
LINE
  8
0
 10
-7.64749
 20
0.356766
 11
-7.64581
 21
0.353836
  0
LINE
  8
0
 10
-7.64581
 20
0.353836
 11
-7.64424
 21
0.350845
  0
LINE
  8
0
 10
-7.64424
 20
0.350845
 11
-7.64281
 21
0.347778
  0
LINE
  8
0
 10
-7.64281
 20
0.347778
 11
-7.64149
 21
0.344666
  0
LINE
  8
0
 10
-7.64149
 20
0.344666
 11
-7.64032
 21
0.341492
  0
LINE
  8
0
 10
-7.64032
 20
0.341492
 11
-7.63927
 21
0.338287
  0
LINE
  8
0
 10
-7.63927
 20
0.338287
 11
-7.63835
 21
0.335022
  0
LINE
  8
0
 10
-7.63835
 20
0.335022
 11
-7.63759
 21
0.331726
  0
LINE
  8
0
 10
-7.63759
 20
0.331726
 11
-7.63695
 21
0.328415
  0
LINE
  8
0
 10
-7.63695
 20
0.328415
 11
-7.63646
 21
0.325073
  0
LINE
  8
0
 10
-7.63646
 20
0.325073
 11
-7.63611
 21
0.321701
  0
LINE
  8
0
 10
-7.63611
 20
0.321701
 11
-7.63589
 21
0.318329
  0
LINE
  8
0
 10
-7.63589
 20
0.318329
 11
-7.63582
 21
0.314957
  0
LINE
  8
0
 10
-7.63582
 20
0.314957
 11
-7.63589
 21
0.311569
  0
LINE
  8
0
 10
-7.63589
 20
0.311569
 11
-7.63611
 21
0.308197
  0
LINE
  8
0
 10
-7.63611
 20
0.308197
 11
-7.63646
 21
0.30484
  0
LINE
  8
0
 10
-7.63646
 20
0.30484
 11
-7.63695
 21
0.301498
  0
LINE
  8
0
 10
-7.63695
 20
0.301498
 11
-7.63759
 21
0.298172
  0
LINE
  8
0
 10
-7.63759
 20
0.298172
 11
-7.63835
 21
0.294876
  0
LINE
  8
0
 10
-7.63835
 20
0.294876
 11
-7.63927
 21
0.291626
  0
LINE
  8
0
 10
-7.63927
 20
0.291626
 11
-7.64032
 21
0.288406
  0
LINE
  8
0
 10
-7.64032
 20
0.288406
 11
-7.64149
 21
0.285248
  0
LINE
  8
0
 10
-7.64149
 20
0.285248
 11
-7.64281
 21
0.28212
  0
LINE
  8
0
 10
-7.64281
 20
0.28212
 11
-7.64424
 21
0.279068
  0
LINE
  8
0
 10
-7.64424
 20
0.279068
 11
-7.64581
 21
0.276077
  0
LINE
  8
0
 10
-7.64581
 20
0.276077
 11
-7.64749
 21
0.273148
  0
LINE
  8
0
 10
-7.64749
 20
0.273148
 11
-7.64931
 21
0.270294
  0
LINE
  8
0
 10
-7.64931
 20
0.270294
 11
-7.65123
 21
0.267517
  0
LINE
  8
0
 10
-7.65123
 20
0.267517
 11
-7.65327
 21
0.264816
  0
LINE
  8
0
 10
-7.65327
 20
0.264816
 11
-7.65544
 21
0.262222
  0
LINE
  8
0
 10
-7.65544
 20
0.262222
 11
-7.6577
 21
0.259705
  0
LINE
  8
0
 10
-7.6577
 20
0.259705
 11
-7.66006
 21
0.257294
  0
LINE
  8
0
 10
-7.66006
 20
0.257294
 11
-7.66252
 21
0.254974
  0
LINE
  8
0
 10
-7.66252
 20
0.254974
 11
-7.66508
 21
0.252762
  0
LINE
  8
0
 10
-7.66508
 20
0.252762
 11
-7.66774
 21
0.250671
  0
LINE
  8
0
 10
-7.66774
 20
0.250671
 11
-7.67047
 21
0.248672
  0
LINE
  8
0
 10
-7.67047
 20
0.248672
 11
-7.67328
 21
0.246811
  0
LINE
  8
0
 10
-7.67328
 20
0.246811
 11
-7.67618
 21
0.245056
  0
LINE
  8
0
 10
-7.67618
 20
0.245056
 11
-7.67914
 21
0.243423
  0
LINE
  8
0
 10
-7.67914
 20
0.243423
 11
-7.68217
 21
0.241928
  0
LINE
  8
0
 10
-7.68217
 20
0.241928
 11
-7.68526
 21
0.240555
  0
LINE
  8
0
 10
-7.68526
 20
0.240555
 11
-7.6884
 21
0.239304
  0
LINE
  8
0
 10
-7.6884
 20
0.239304
 11
-7.69159
 21
0.23819
  0
LINE
  8
0
 10
-7.69159
 20
0.23819
 11
-7.69482
 21
0.237213
  0
LINE
  8
0
 10
-7.69482
 20
0.237213
 11
-7.6981
 21
0.236374
  0
LINE
  8
0
 10
-7.6981
 20
0.236374
 11
-7.70142
 21
0.235672
  0
LINE
  8
0
 10
-7.70142
 20
0.235672
 11
-7.70474
 21
0.235107
  0
LINE
  8
0
 10
-7.70474
 20
0.235107
 11
-7.7081
 21
0.23468
  0
LINE
  8
0
 10
-7.7081
 20
0.23468
 11
-7.71147
 21
0.234406
  0
LINE
  8
0
 10
-7.71147
 20
0.234406
 11
-7.71484
 21
0.234268
  0
LINE
  8
0
 10
-7.71484
 20
0.234268
 11
-7.71822
 21
0.234268
  0
LINE
  8
0
 10
-6.45837
 20
0.234268
 11
-6.46176
 21
0.234406
  0
LINE
  8
0
 10
-6.46176
 20
0.234406
 11
-6.46512
 21
0.23468
  0
LINE
  8
0
 10
-6.46512
 20
0.23468
 11
-6.46848
 21
0.235107
  0
LINE
  8
0
 10
-6.46848
 20
0.235107
 11
-6.47182
 21
0.235672
  0
LINE
  8
0
 10
-6.47182
 20
0.235672
 11
-6.47511
 21
0.236374
  0
LINE
  8
0
 10
-6.47511
 20
0.236374
 11
-6.47839
 21
0.237213
  0
LINE
  8
0
 10
-6.47839
 20
0.237213
 11
-6.48163
 21
0.23819
  0
LINE
  8
0
 10
-6.48163
 20
0.23819
 11
-6.48482
 21
0.239304
  0
LINE
  8
0
 10
-6.48482
 20
0.239304
 11
-6.48796
 21
0.240555
  0
LINE
  8
0
 10
-6.48796
 20
0.240555
 11
-6.49106
 21
0.241928
  0
LINE
  8
0
 10
-6.49106
 20
0.241928
 11
-6.49408
 21
0.243423
  0
LINE
  8
0
 10
-6.49408
 20
0.243423
 11
-6.49704
 21
0.245056
  0
LINE
  8
0
 10
-6.49704
 20
0.245056
 11
-6.49994
 21
0.246811
  0
LINE
  8
0
 10
-6.49994
 20
0.246811
 11
-6.50275
 21
0.248672
  0
LINE
  8
0
 10
-6.50275
 20
0.248672
 11
-6.50549
 21
0.250671
  0
LINE
  8
0
 10
-6.50549
 20
0.250671
 11
-6.50813
 21
0.252762
  0
LINE
  8
0
 10
-6.50813
 20
0.252762
 11
-6.5107
 21
0.254974
  0
LINE
  8
0
 10
-6.5107
 20
0.254974
 11
-6.51315
 21
0.257294
  0
LINE
  8
0
 10
-6.51315
 20
0.257294
 11
-6.51552
 21
0.259705
  0
LINE
  8
0
 10
-6.51552
 20
0.259705
 11
-6.51779
 21
0.262222
  0
LINE
  8
0
 10
-6.51779
 20
0.262222
 11
-6.51994
 21
0.264816
  0
LINE
  8
0
 10
-6.51994
 20
0.264816
 11
-6.52199
 21
0.267517
  0
LINE
  8
0
 10
-6.52199
 20
0.267517
 11
-6.52391
 21
0.270294
  0
LINE
  8
0
 10
-6.52391
 20
0.270294
 11
-6.52573
 21
0.273148
  0
LINE
  8
0
 10
-6.52573
 20
0.273148
 11
-6.52742
 21
0.276077
  0
LINE
  8
0
 10
-6.52742
 20
0.276077
 11
-6.52898
 21
0.279068
  0
LINE
  8
0
 10
-6.52898
 20
0.279068
 11
-6.53043
 21
0.28212
  0
LINE
  8
0
 10
-6.53043
 20
0.28212
 11
-6.53172
 21
0.285248
  0
LINE
  8
0
 10
-6.53172
 20
0.285248
 11
-6.53291
 21
0.288406
  0
LINE
  8
0
 10
-6.53291
 20
0.288406
 11
-6.53395
 21
0.291626
  0
LINE
  8
0
 10
-6.53395
 20
0.291626
 11
-6.53487
 21
0.294876
  0
LINE
  8
0
 10
-6.53487
 20
0.294876
 11
-6.53563
 21
0.298172
  0
LINE
  8
0
 10
-6.53563
 20
0.298172
 11
-6.53627
 21
0.301498
  0
LINE
  8
0
 10
-6.53627
 20
0.301498
 11
-6.53676
 21
0.30484
  0
LINE
  8
0
 10
-6.53676
 20
0.30484
 11
-6.53711
 21
0.308197
  0
LINE
  8
0
 10
-6.53711
 20
0.308197
 11
-6.53732
 21
0.311569
  0
LINE
  8
0
 10
-6.53732
 20
0.311569
 11
-6.5374
 21
0.314957
  0
LINE
  8
0
 10
-6.5374
 20
0.314957
 11
-6.53732
 21
0.318329
  0
LINE
  8
0
 10
-6.53732
 20
0.318329
 11
-6.53711
 21
0.321701
  0
LINE
  8
0
 10
-6.53711
 20
0.321701
 11
-6.53676
 21
0.325073
  0
LINE
  8
0
 10
-6.53676
 20
0.325073
 11
-6.53627
 21
0.328415
  0
LINE
  8
0
 10
-6.53627
 20
0.328415
 11
-6.53563
 21
0.331726
  0
LINE
  8
0
 10
-6.53563
 20
0.331726
 11
-6.53487
 21
0.335022
  0
LINE
  8
0
 10
-6.53487
 20
0.335022
 11
-6.53395
 21
0.338287
  0
LINE
  8
0
 10
-6.53395
 20
0.338287
 11
-6.53291
 21
0.341492
  0
LINE
  8
0
 10
-6.53291
 20
0.341492
 11
-6.53172
 21
0.344666
  0
LINE
  8
0
 10
-6.53172
 20
0.344666
 11
-6.53043
 21
0.347778
  0
LINE
  8
0
 10
-6.53043
 20
0.347778
 11
-6.52898
 21
0.350845
  0
LINE
  8
0
 10
-6.52898
 20
0.350845
 11
-6.52742
 21
0.353836
  0
LINE
  8
0
 10
-6.52742
 20
0.353836
 11
-6.52573
 21
0.356766
  0
LINE
  8
0
 10
-6.52573
 20
0.356766
 11
-6.52391
 21
0.359619
  0
LINE
  8
0
 10
-6.52391
 20
0.359619
 11
-6.52199
 21
0.362396
  0
LINE
  8
0
 10
-6.52199
 20
0.362396
 11
-6.51994
 21
0.365082
  0
LINE
  8
0
 10
-6.51994
 20
0.365082
 11
-6.51779
 21
0.367691
  0
LINE
  8
0
 10
-6.51779
 20
0.367691
 11
-6.51552
 21
0.370209
  0
LINE
  8
0
 10
-6.51552
 20
0.370209
 11
-6.51315
 21
0.37262
  0
LINE
  8
0
 10
-6.51315
 20
0.37262
 11
-6.5107
 21
0.374939
  0
LINE
  8
0
 10
-6.5107
 20
0.374939
 11
-6.50813
 21
0.377136
  0
LINE
  8
0
 10
-6.50813
 20
0.377136
 11
-6.50549
 21
0.379242
  0
LINE
  8
0
 10
-6.50549
 20
0.379242
 11
-6.50275
 21
0.381226
  0
LINE
  8
0
 10
-6.50275
 20
0.381226
 11
-6.49994
 21
0.383102
  0
LINE
  8
0
 10
-6.49994
 20
0.383102
 11
-6.49704
 21
0.384842
  0
LINE
  8
0
 10
-6.49704
 20
0.384842
 11
-6.49408
 21
0.386475
  0
LINE
  8
0
 10
-6.49408
 20
0.386475
 11
-6.49106
 21
0.387985
  0
LINE
  8
0
 10
-6.49106
 20
0.387985
 11
-6.48796
 21
0.389359
  0
LINE
  8
0
 10
-6.48796
 20
0.389359
 11
-6.48482
 21
0.390594
  0
LINE
  8
0
 10
-6.48482
 20
0.390594
 11
-6.48163
 21
0.391708
  0
LINE
  8
0
 10
-6.48163
 20
0.391708
 11
-6.47839
 21
0.392685
  0
LINE
  8
0
 10
-6.47839
 20
0.392685
 11
-6.47511
 21
0.393524
  0
LINE
  8
0
 10
-6.47511
 20
0.393524
 11
-6.47182
 21
0.394226
  0
LINE
  8
0
 10
-6.47182
 20
0.394226
 11
-6.46848
 21
0.394791
  0
LINE
  8
0
 10
-6.46848
 20
0.394791
 11
-6.46512
 21
0.395218
  0
LINE
  8
0
 10
-6.46512
 20
0.395218
 11
-6.46176
 21
0.395508
  0
LINE
  8
0
 10
-6.46176
 20
0.395508
 11
-6.45837
 21
0.395645
  0
LINE
  8
0
 10
-6.45837
 20
0.395645
 11
-6.455
 21
0.395645
  0
LINE
  8
0
 10
-6.455
 20
0.395645
 11
-6.45161
 21
0.395508
  0
LINE
  8
0
 10
-6.45161
 20
0.395508
 11
-6.44826
 21
0.395218
  0
LINE
  8
0
 10
-6.44826
 20
0.395218
 11
-6.4449
 21
0.394791
  0
LINE
  8
0
 10
-6.4449
 20
0.394791
 11
-6.44156
 21
0.394226
  0
LINE
  8
0
 10
-6.44156
 20
0.394226
 11
-6.43826
 21
0.393524
  0
LINE
  8
0
 10
-6.43826
 20
0.393524
 11
-6.43498
 21
0.392685
  0
LINE
  8
0
 10
-6.43498
 20
0.392685
 11
-6.43175
 21
0.391708
  0
LINE
  8
0
 10
-6.43175
 20
0.391708
 11
-6.42856
 21
0.390594
  0
LINE
  8
0
 10
-6.42856
 20
0.390594
 11
-6.42542
 21
0.389359
  0
LINE
  8
0
 10
-6.42542
 20
0.389359
 11
-6.42232
 21
0.387985
  0
LINE
  8
0
 10
-6.42232
 20
0.387985
 11
-6.4193
 21
0.386475
  0
LINE
  8
0
 10
-6.4193
 20
0.386475
 11
-6.41634
 21
0.384842
  0
LINE
  8
0
 10
-6.41634
 20
0.384842
 11
-6.41344
 21
0.383102
  0
LINE
  8
0
 10
-6.41344
 20
0.383102
 11
-6.41063
 21
0.381226
  0
LINE
  8
0
 10
-6.41063
 20
0.381226
 11
-6.4079
 21
0.379242
  0
LINE
  8
0
 10
-6.4079
 20
0.379242
 11
-6.40524
 21
0.377136
  0
LINE
  8
0
 10
-6.40524
 20
0.377136
 11
-6.40268
 21
0.374939
  0
LINE
  8
0
 10
-6.40268
 20
0.374939
 11
-6.40022
 21
0.37262
  0
LINE
  8
0
 10
-6.40022
 20
0.37262
 11
-6.39786
 21
0.370209
  0
LINE
  8
0
 10
-6.39786
 20
0.370209
 11
-6.3956
 21
0.367691
  0
LINE
  8
0
 10
-6.3956
 20
0.367691
 11
-6.39343
 21
0.365082
  0
LINE
  8
0
 10
-6.39343
 20
0.365082
 11
-6.39139
 21
0.362396
  0
LINE
  8
0
 10
-6.39139
 20
0.362396
 11
-6.38947
 21
0.359619
  0
LINE
  8
0
 10
-6.38947
 20
0.359619
 11
-6.38765
 21
0.356766
  0
LINE
  8
0
 10
-6.38765
 20
0.356766
 11
-6.38597
 21
0.353836
  0
LINE
  8
0
 10
-6.38597
 20
0.353836
 11
-6.3844
 21
0.350845
  0
LINE
  8
0
 10
-6.3844
 20
0.350845
 11
-6.38297
 21
0.347778
  0
LINE
  8
0
 10
-6.38297
 20
0.347778
 11
-6.38165
 21
0.344666
  0
LINE
  8
0
 10
-6.38165
 20
0.344666
 11
-6.38046
 21
0.341492
  0
LINE
  8
0
 10
-6.38046
 20
0.341492
 11
-6.37943
 21
0.338287
  0
LINE
  8
0
 10
-6.37943
 20
0.338287
 11
-6.37851
 21
0.335022
  0
LINE
  8
0
 10
-6.37851
 20
0.335022
 11
-6.37775
 21
0.331726
  0
LINE
  8
0
 10
-6.37775
 20
0.331726
 11
-6.37711
 21
0.328415
  0
LINE
  8
0
 10
-6.37711
 20
0.328415
 11
-6.37662
 21
0.325073
  0
LINE
  8
0
 10
-6.37662
 20
0.325073
 11
-6.37627
 21
0.321701
  0
LINE
  8
0
 10
-6.37627
 20
0.321701
 11
-6.37605
 21
0.318329
  0
LINE
  8
0
 10
-6.37605
 20
0.318329
 11
-6.37598
 21
0.314957
  0
LINE
  8
0
 10
-6.37598
 20
0.314957
 11
-6.37605
 21
0.311569
  0
LINE
  8
0
 10
-6.37605
 20
0.311569
 11
-6.37627
 21
0.308197
  0
LINE
  8
0
 10
-6.37627
 20
0.308197
 11
-6.37662
 21
0.30484
  0
LINE
  8
0
 10
-6.37662
 20
0.30484
 11
-6.37711
 21
0.301498
  0
LINE
  8
0
 10
-6.37711
 20
0.301498
 11
-6.37775
 21
0.298172
  0
LINE
  8
0
 10
-6.37775
 20
0.298172
 11
-6.37851
 21
0.294876
  0
LINE
  8
0
 10
-6.37851
 20
0.294876
 11
-6.37943
 21
0.291626
  0
LINE
  8
0
 10
-6.37943
 20
0.291626
 11
-6.38046
 21
0.288406
  0
LINE
  8
0
 10
-6.38046
 20
0.288406
 11
-6.38165
 21
0.285248
  0
LINE
  8
0
 10
-6.38165
 20
0.285248
 11
-6.38297
 21
0.28212
  0
LINE
  8
0
 10
-6.38297
 20
0.28212
 11
-6.3844
 21
0.279068
  0
LINE
  8
0
 10
-6.3844
 20
0.279068
 11
-6.38597
 21
0.276077
  0
LINE
  8
0
 10
-6.38597
 20
0.276077
 11
-6.38765
 21
0.273148
  0
LINE
  8
0
 10
-6.38765
 20
0.273148
 11
-6.38947
 21
0.270294
  0
LINE
  8
0
 10
-6.38947
 20
0.270294
 11
-6.39139
 21
0.267517
  0
LINE
  8
0
 10
-6.39139
 20
0.267517
 11
-6.39343
 21
0.264816
  0
LINE
  8
0
 10
-6.39343
 20
0.264816
 11
-6.3956
 21
0.262222
  0
LINE
  8
0
 10
-6.3956
 20
0.262222
 11
-6.39786
 21
0.259705
  0
LINE
  8
0
 10
-6.39786
 20
0.259705
 11
-6.40022
 21
0.257294
  0
LINE
  8
0
 10
-6.40022
 20
0.257294
 11
-6.40268
 21
0.254974
  0
LINE
  8
0
 10
-6.40268
 20
0.254974
 11
-6.40524
 21
0.252762
  0
LINE
  8
0
 10
-6.40524
 20
0.252762
 11
-6.4079
 21
0.250671
  0
LINE
  8
0
 10
-6.4079
 20
0.250671
 11
-6.41063
 21
0.248672
  0
LINE
  8
0
 10
-6.41063
 20
0.248672
 11
-6.41344
 21
0.246811
  0
LINE
  8
0
 10
-6.41344
 20
0.246811
 11
-6.41634
 21
0.245056
  0
LINE
  8
0
 10
-6.41634
 20
0.245056
 11
-6.4193
 21
0.243423
  0
LINE
  8
0
 10
-6.4193
 20
0.243423
 11
-6.42232
 21
0.241928
  0
LINE
  8
0
 10
-6.42232
 20
0.241928
 11
-6.42542
 21
0.240555
  0
LINE
  8
0
 10
-6.42542
 20
0.240555
 11
-6.42856
 21
0.239304
  0
LINE
  8
0
 10
-6.42856
 20
0.239304
 11
-6.43175
 21
0.23819
  0
LINE
  8
0
 10
-6.43175
 20
0.23819
 11
-6.43498
 21
0.237213
  0
LINE
  8
0
 10
-6.43498
 20
0.237213
 11
-6.43826
 21
0.236374
  0
LINE
  8
0
 10
-6.43826
 20
0.236374
 11
-6.44156
 21
0.235672
  0
LINE
  8
0
 10
-6.44156
 20
0.235672
 11
-6.4449
 21
0.235107
  0
LINE
  8
0
 10
-6.4449
 20
0.235107
 11
-6.44826
 21
0.23468
  0
LINE
  8
0
 10
-6.44826
 20
0.23468
 11
-6.45161
 21
0.234406
  0
LINE
  8
0
 10
-6.45161
 20
0.234406
 11
-6.455
 21
0.234268
  0
LINE
  8
0
 10
-6.455
 20
0.234268
 11
-6.45837
 21
0.234268
  0
LINE
  8
0
 10
7.71484
 20
0.234268
 11
7.71147
 21
0.234406
  0
LINE
  8
0
 10
7.71147
 20
0.234406
 11
7.7081
 21
0.23468
  0
LINE
  8
0
 10
7.7081
 20
0.23468
 11
7.70474
 21
0.235107
  0
LINE
  8
0
 10
7.70474
 20
0.235107
 11
7.70142
 21
0.235672
  0
LINE
  8
0
 10
7.70142
 20
0.235672
 11
7.6981
 21
0.236374
  0
LINE
  8
0
 10
7.6981
 20
0.236374
 11
7.69482
 21
0.237213
  0
LINE
  8
0
 10
7.69482
 20
0.237213
 11
7.69159
 21
0.23819
  0
LINE
  8
0
 10
7.69159
 20
0.23819
 11
7.6884
 21
0.239304
  0
LINE
  8
0
 10
7.6884
 20
0.239304
 11
7.68526
 21
0.240555
  0
LINE
  8
0
 10
7.68526
 20
0.240555
 11
7.68217
 21
0.241928
  0
LINE
  8
0
 10
7.68217
 20
0.241928
 11
7.67914
 21
0.243423
  0
LINE
  8
0
 10
7.67914
 20
0.243423
 11
7.67618
 21
0.245056
  0
LINE
  8
0
 10
7.67618
 20
0.245056
 11
7.67328
 21
0.246811
  0
LINE
  8
0
 10
7.67328
 20
0.246811
 11
7.67047
 21
0.248672
  0
LINE
  8
0
 10
7.67047
 20
0.248672
 11
7.66774
 21
0.250671
  0
LINE
  8
0
 10
7.66774
 20
0.250671
 11
7.66508
 21
0.252762
  0
LINE
  8
0
 10
7.66508
 20
0.252762
 11
7.66252
 21
0.254974
  0
LINE
  8
0
 10
7.66252
 20
0.254974
 11
7.66006
 21
0.257294
  0
LINE
  8
0
 10
7.66006
 20
0.257294
 11
7.6577
 21
0.259705
  0
LINE
  8
0
 10
7.6577
 20
0.259705
 11
7.65544
 21
0.262222
  0
LINE
  8
0
 10
7.65544
 20
0.262222
 11
7.65327
 21
0.264816
  0
LINE
  8
0
 10
7.65327
 20
0.264816
 11
7.65123
 21
0.267517
  0
LINE
  8
0
 10
7.65123
 20
0.267517
 11
7.64931
 21
0.270294
  0
LINE
  8
0
 10
7.64931
 20
0.270294
 11
7.64749
 21
0.273148
  0
LINE
  8
0
 10
7.64749
 20
0.273148
 11
7.64581
 21
0.276077
  0
LINE
  8
0
 10
7.64581
 20
0.276077
 11
7.64424
 21
0.279068
  0
LINE
  8
0
 10
7.64424
 20
0.279068
 11
7.64281
 21
0.28212
  0
LINE
  8
0
 10
7.64281
 20
0.28212
 11
7.64149
 21
0.285248
  0
LINE
  8
0
 10
7.64149
 20
0.285248
 11
7.64032
 21
0.288406
  0
LINE
  8
0
 10
7.64032
 20
0.288406
 11
7.63927
 21
0.291626
  0
LINE
  8
0
 10
7.63927
 20
0.291626
 11
7.63835
 21
0.294876
  0
LINE
  8
0
 10
7.63835
 20
0.294876
 11
7.63759
 21
0.298172
  0
LINE
  8
0
 10
7.63759
 20
0.298172
 11
7.63695
 21
0.301498
  0
LINE
  8
0
 10
7.63695
 20
0.301498
 11
7.63646
 21
0.30484
  0
LINE
  8
0
 10
7.63646
 20
0.30484
 11
7.63611
 21
0.308197
  0
LINE
  8
0
 10
7.63611
 20
0.308197
 11
7.63589
 21
0.311569
  0
LINE
  8
0
 10
7.63589
 20
0.311569
 11
7.63582
 21
0.314957
  0
LINE
  8
0
 10
7.63582
 20
0.314957
 11
7.63589
 21
0.318329
  0
LINE
  8
0
 10
7.63589
 20
0.318329
 11
7.63611
 21
0.321701
  0
LINE
  8
0
 10
7.63611
 20
0.321701
 11
7.63646
 21
0.325073
  0
LINE
  8
0
 10
7.63646
 20
0.325073
 11
7.63695
 21
0.328415
  0
LINE
  8
0
 10
7.63695
 20
0.328415
 11
7.63759
 21
0.331726
  0
LINE
  8
0
 10
7.63759
 20
0.331726
 11
7.63835
 21
0.335022
  0
LINE
  8
0
 10
7.63835
 20
0.335022
 11
7.63927
 21
0.338287
  0
LINE
  8
0
 10
7.63927
 20
0.338287
 11
7.64032
 21
0.341492
  0
LINE
  8
0
 10
7.64032
 20
0.341492
 11
7.64149
 21
0.344666
  0
LINE
  8
0
 10
7.64149
 20
0.344666
 11
7.64281
 21
0.347778
  0
LINE
  8
0
 10
7.64281
 20
0.347778
 11
7.64424
 21
0.350845
  0
LINE
  8
0
 10
7.64424
 20
0.350845
 11
7.64581
 21
0.353836
  0
LINE
  8
0
 10
7.64581
 20
0.353836
 11
7.64749
 21
0.356766
  0
LINE
  8
0
 10
7.64749
 20
0.356766
 11
7.64931
 21
0.359619
  0
LINE
  8
0
 10
7.64931
 20
0.359619
 11
7.65123
 21
0.362396
  0
LINE
  8
0
 10
7.65123
 20
0.362396
 11
7.65327
 21
0.365082
  0
LINE
  8
0
 10
7.65327
 20
0.365082
 11
7.65544
 21
0.367691
  0
LINE
  8
0
 10
7.65544
 20
0.367691
 11
7.6577
 21
0.370209
  0
LINE
  8
0
 10
7.6577
 20
0.370209
 11
7.66006
 21
0.37262
  0
LINE
  8
0
 10
7.66006
 20
0.37262
 11
7.66252
 21
0.374939
  0
LINE
  8
0
 10
7.66252
 20
0.374939
 11
7.66508
 21
0.377136
  0
LINE
  8
0
 10
7.66508
 20
0.377136
 11
7.66774
 21
0.379242
  0
LINE
  8
0
 10
7.66774
 20
0.379242
 11
7.67047
 21
0.381226
  0
LINE
  8
0
 10
7.67047
 20
0.381226
 11
7.67328
 21
0.383102
  0
LINE
  8
0
 10
7.67328
 20
0.383102
 11
7.67618
 21
0.384842
  0
LINE
  8
0
 10
7.67618
 20
0.384842
 11
7.67914
 21
0.386475
  0
LINE
  8
0
 10
7.67914
 20
0.386475
 11
7.68217
 21
0.387985
  0
LINE
  8
0
 10
7.68217
 20
0.387985
 11
7.68526
 21
0.389359
  0
LINE
  8
0
 10
7.68526
 20
0.389359
 11
7.6884
 21
0.390594
  0
LINE
  8
0
 10
7.6884
 20
0.390594
 11
7.69159
 21
0.391708
  0
LINE
  8
0
 10
7.69159
 20
0.391708
 11
7.69482
 21
0.392685
  0
LINE
  8
0
 10
7.69482
 20
0.392685
 11
7.6981
 21
0.393524
  0
LINE
  8
0
 10
7.6981
 20
0.393524
 11
7.70142
 21
0.394226
  0
LINE
  8
0
 10
7.70142
 20
0.394226
 11
7.70474
 21
0.394791
  0
LINE
  8
0
 10
7.70474
 20
0.394791
 11
7.7081
 21
0.395218
  0
LINE
  8
0
 10
7.7081
 20
0.395218
 11
7.71147
 21
0.395508
  0
LINE
  8
0
 10
7.71147
 20
0.395508
 11
7.71484
 21
0.395645
  0
LINE
  8
0
 10
7.71484
 20
0.395645
 11
7.71822
 21
0.395645
  0
LINE
  8
0
 10
7.71822
 20
0.395645
 11
7.7216
 21
0.395508
  0
LINE
  8
0
 10
7.7216
 20
0.395508
 11
7.72498
 21
0.395218
  0
LINE
  8
0
 10
7.72498
 20
0.395218
 11
7.72832
 21
0.394791
  0
LINE
  8
0
 10
7.72832
 20
0.394791
 11
7.73166
 21
0.394226
  0
LINE
  8
0
 10
7.73166
 20
0.394226
 11
7.73495
 21
0.393524
  0
LINE
  8
0
 10
7.73495
 20
0.393524
 11
7.73824
 21
0.392685
  0
LINE
  8
0
 10
7.73824
 20
0.392685
 11
7.74147
 21
0.391708
  0
LINE
  8
0
 10
7.74147
 20
0.391708
 11
7.74466
 21
0.390594
  0
LINE
  8
0
 10
7.74466
 20
0.390594
 11
7.7478
 21
0.389359
  0
LINE
  8
0
 10
7.7478
 20
0.389359
 11
7.7509
 21
0.387985
  0
LINE
  8
0
 10
7.7509
 20
0.387985
 11
7.75392
 21
0.386475
  0
LINE
  8
0
 10
7.75392
 20
0.386475
 11
7.75688
 21
0.384842
  0
LINE
  8
0
 10
7.75688
 20
0.384842
 11
7.75978
 21
0.383102
  0
LINE
  8
0
 10
7.75978
 20
0.383102
 11
7.76259
 21
0.381226
  0
LINE
  8
0
 10
7.76259
 20
0.381226
 11
7.76534
 21
0.379242
  0
LINE
  8
0
 10
7.76534
 20
0.379242
 11
7.76797
 21
0.377136
  0
LINE
  8
0
 10
7.76797
 20
0.377136
 11
7.77054
 21
0.374939
  0
LINE
  8
0
 10
7.77054
 20
0.374939
 11
7.77299
 21
0.37262
  0
LINE
  8
0
 10
7.77299
 20
0.37262
 11
7.77536
 21
0.370209
  0
LINE
  8
0
 10
7.77536
 20
0.370209
 11
7.77763
 21
0.367691
  0
LINE
  8
0
 10
7.77763
 20
0.367691
 11
7.77979
 21
0.365082
  0
LINE
  8
0
 10
7.77979
 20
0.365082
 11
7.78183
 21
0.362396
  0
LINE
  8
0
 10
7.78183
 20
0.362396
 11
7.78375
 21
0.359619
  0
LINE
  8
0
 10
7.78375
 20
0.359619
 11
7.78557
 21
0.356766
  0
LINE
  8
0
 10
7.78557
 20
0.356766
 11
7.78726
 21
0.353836
  0
LINE
  8
0
 10
7.78726
 20
0.353836
 11
7.78882
 21
0.350845
  0
LINE
  8
0
 10
7.78882
 20
0.350845
 11
7.79027
 21
0.347778
  0
LINE
  8
0
 10
7.79027
 20
0.347778
 11
7.79158
 21
0.344666
  0
LINE
  8
0
 10
7.79158
 20
0.344666
 11
7.79276
 21
0.341492
  0
LINE
  8
0
 10
7.79276
 20
0.341492
 11
7.79379
 21
0.338287
  0
LINE
  8
0
 10
7.79379
 20
0.338287
 11
7.79471
 21
0.335022
  0
LINE
  8
0
 10
7.79471
 20
0.335022
 11
7.79547
 21
0.331726
  0
LINE
  8
0
 10
7.79547
 20
0.331726
 11
7.79611
 21
0.328415
  0
LINE
  8
0
 10
7.79611
 20
0.328415
 11
7.7966
 21
0.325073
  0
LINE
  8
0
 10
7.7966
 20
0.325073
 11
7.79695
 21
0.321701
  0
LINE
  8
0
 10
7.79695
 20
0.321701
 11
7.79716
 21
0.318329
  0
LINE
  8
0
 10
7.79716
 20
0.318329
 11
7.79724
 21
0.314957
  0
LINE
  8
0
 10
7.79724
 20
0.314957
 11
7.79716
 21
0.311569
  0
LINE
  8
0
 10
7.79716
 20
0.311569
 11
7.79695
 21
0.308197
  0
LINE
  8
0
 10
7.79695
 20
0.308197
 11
7.7966
 21
0.30484
  0
LINE
  8
0
 10
7.7966
 20
0.30484
 11
7.79611
 21
0.301498
  0
LINE
  8
0
 10
7.79611
 20
0.301498
 11
7.79547
 21
0.298172
  0
LINE
  8
0
 10
7.79547
 20
0.298172
 11
7.79471
 21
0.294876
  0
LINE
  8
0
 10
7.79471
 20
0.294876
 11
7.79379
 21
0.291626
  0
LINE
  8
0
 10
7.79379
 20
0.291626
 11
7.79276
 21
0.288406
  0
LINE
  8
0
 10
7.79276
 20
0.288406
 11
7.79158
 21
0.285248
  0
LINE
  8
0
 10
7.79158
 20
0.285248
 11
7.79027
 21
0.28212
  0
LINE
  8
0
 10
7.79027
 20
0.28212
 11
7.78882
 21
0.279068
  0
LINE
  8
0
 10
7.78882
 20
0.279068
 11
7.78726
 21
0.276077
  0
LINE
  8
0
 10
7.78726
 20
0.276077
 11
7.78557
 21
0.273148
  0
LINE
  8
0
 10
7.78557
 20
0.273148
 11
7.78375
 21
0.270294
  0
LINE
  8
0
 10
7.78375
 20
0.270294
 11
7.78183
 21
0.267517
  0
LINE
  8
0
 10
7.78183
 20
0.267517
 11
7.77979
 21
0.264816
  0
LINE
  8
0
 10
7.77979
 20
0.264816
 11
7.77763
 21
0.262222
  0
LINE
  8
0
 10
7.77763
 20
0.262222
 11
7.77536
 21
0.259705
  0
LINE
  8
0
 10
7.77536
 20
0.259705
 11
7.77299
 21
0.257294
  0
LINE
  8
0
 10
7.77299
 20
0.257294
 11
7.77054
 21
0.254974
  0
LINE
  8
0
 10
7.77054
 20
0.254974
 11
7.76797
 21
0.252762
  0
LINE
  8
0
 10
7.76797
 20
0.252762
 11
7.76534
 21
0.250671
  0
LINE
  8
0
 10
7.76534
 20
0.250671
 11
7.76259
 21
0.248672
  0
LINE
  8
0
 10
7.76259
 20
0.248672
 11
7.75978
 21
0.246811
  0
LINE
  8
0
 10
7.75978
 20
0.246811
 11
7.75688
 21
0.245056
  0
LINE
  8
0
 10
7.75688
 20
0.245056
 11
7.75392
 21
0.243423
  0
LINE
  8
0
 10
7.75392
 20
0.243423
 11
7.7509
 21
0.241928
  0
LINE
  8
0
 10
7.7509
 20
0.241928
 11
7.7478
 21
0.240555
  0
LINE
  8
0
 10
7.7478
 20
0.240555
 11
7.74466
 21
0.239304
  0
LINE
  8
0
 10
7.74466
 20
0.239304
 11
7.74147
 21
0.23819
  0
LINE
  8
0
 10
7.74147
 20
0.23819
 11
7.73824
 21
0.237213
  0
LINE
  8
0
 10
7.73824
 20
0.237213
 11
7.73495
 21
0.236374
  0
LINE
  8
0
 10
7.73495
 20
0.236374
 11
7.73166
 21
0.235672
  0
LINE
  8
0
 10
7.73166
 20
0.235672
 11
7.72832
 21
0.235107
  0
LINE
  8
0
 10
7.72832
 20
0.235107
 11
7.72498
 21
0.23468
  0
LINE
  8
0
 10
7.72498
 20
0.23468
 11
7.7216
 21
0.234406
  0
LINE
  8
0
 10
7.7216
 20
0.234406
 11
7.71822
 21
0.234268
  0
LINE
  8
0
 10
7.71822
 20
0.234268
 11
7.71484
 21
0.234268
  0
LINE
  8
0
 10
6.455
 20
0.234268
 11
6.45161
 21
0.234406
  0
LINE
  8
0
 10
6.45161
 20
0.234406
 11
6.44826
 21
0.23468
  0
LINE
  8
0
 10
6.44826
 20
0.23468
 11
6.4449
 21
0.235107
  0
LINE
  8
0
 10
6.4449
 20
0.235107
 11
6.44156
 21
0.235672
  0
LINE
  8
0
 10
6.44156
 20
0.235672
 11
6.43826
 21
0.236374
  0
LINE
  8
0
 10
6.43826
 20
0.236374
 11
6.43498
 21
0.237213
  0
LINE
  8
0
 10
6.43498
 20
0.237213
 11
6.43175
 21
0.23819
  0
LINE
  8
0
 10
6.43175
 20
0.23819
 11
6.42856
 21
0.239304
  0
LINE
  8
0
 10
6.42856
 20
0.239304
 11
6.42542
 21
0.240555
  0
LINE
  8
0
 10
6.42542
 20
0.240555
 11
6.42232
 21
0.241928
  0
LINE
  8
0
 10
6.42232
 20
0.241928
 11
6.4193
 21
0.243423
  0
LINE
  8
0
 10
6.4193
 20
0.243423
 11
6.41634
 21
0.245056
  0
LINE
  8
0
 10
6.41634
 20
0.245056
 11
6.41344
 21
0.246811
  0
LINE
  8
0
 10
6.41344
 20
0.246811
 11
6.41063
 21
0.248672
  0
LINE
  8
0
 10
6.41063
 20
0.248672
 11
6.4079
 21
0.250671
  0
LINE
  8
0
 10
6.4079
 20
0.250671
 11
6.40524
 21
0.252762
  0
LINE
  8
0
 10
6.40524
 20
0.252762
 11
6.40268
 21
0.254974
  0
LINE
  8
0
 10
6.40268
 20
0.254974
 11
6.40022
 21
0.257294
  0
LINE
  8
0
 10
6.40022
 20
0.257294
 11
6.39786
 21
0.259705
  0
LINE
  8
0
 10
6.39786
 20
0.259705
 11
6.3956
 21
0.262222
  0
LINE
  8
0
 10
6.3956
 20
0.262222
 11
6.39343
 21
0.264816
  0
LINE
  8
0
 10
6.39343
 20
0.264816
 11
6.39139
 21
0.267517
  0
LINE
  8
0
 10
6.39139
 20
0.267517
 11
6.38947
 21
0.270294
  0
LINE
  8
0
 10
6.38947
 20
0.270294
 11
6.38765
 21
0.273148
  0
LINE
  8
0
 10
6.38765
 20
0.273148
 11
6.38597
 21
0.276077
  0
LINE
  8
0
 10
6.38597
 20
0.276077
 11
6.3844
 21
0.279068
  0
LINE
  8
0
 10
6.3844
 20
0.279068
 11
6.38297
 21
0.28212
  0
LINE
  8
0
 10
6.38297
 20
0.28212
 11
6.38165
 21
0.285248
  0
LINE
  8
0
 10
6.38165
 20
0.285248
 11
6.38046
 21
0.288406
  0
LINE
  8
0
 10
6.38046
 20
0.288406
 11
6.37943
 21
0.291626
  0
LINE
  8
0
 10
6.37943
 20
0.291626
 11
6.37851
 21
0.294876
  0
LINE
  8
0
 10
6.37851
 20
0.294876
 11
6.37775
 21
0.298172
  0
LINE
  8
0
 10
6.37775
 20
0.298172
 11
6.37711
 21
0.301498
  0
LINE
  8
0
 10
6.37711
 20
0.301498
 11
6.37662
 21
0.30484
  0
LINE
  8
0
 10
6.37662
 20
0.30484
 11
6.37627
 21
0.308197
  0
LINE
  8
0
 10
6.37627
 20
0.308197
 11
6.37605
 21
0.311569
  0
LINE
  8
0
 10
6.37605
 20
0.311569
 11
6.37598
 21
0.314957
  0
LINE
  8
0
 10
6.37598
 20
0.314957
 11
6.37605
 21
0.318329
  0
LINE
  8
0
 10
6.37605
 20
0.318329
 11
6.37627
 21
0.321701
  0
LINE
  8
0
 10
6.37627
 20
0.321701
 11
6.37662
 21
0.325073
  0
LINE
  8
0
 10
6.37662
 20
0.325073
 11
6.37711
 21
0.328415
  0
LINE
  8
0
 10
6.37711
 20
0.328415
 11
6.37775
 21
0.331726
  0
LINE
  8
0
 10
6.37775
 20
0.331726
 11
6.37851
 21
0.335022
  0
LINE
  8
0
 10
6.37851
 20
0.335022
 11
6.37943
 21
0.338287
  0
LINE
  8
0
 10
6.37943
 20
0.338287
 11
6.38046
 21
0.341492
  0
LINE
  8
0
 10
6.38046
 20
0.341492
 11
6.38165
 21
0.344666
  0
LINE
  8
0
 10
6.38165
 20
0.344666
 11
6.38297
 21
0.347778
  0
LINE
  8
0
 10
6.38297
 20
0.347778
 11
6.3844
 21
0.350845
  0
LINE
  8
0
 10
6.3844
 20
0.350845
 11
6.38597
 21
0.353836
  0
LINE
  8
0
 10
6.38597
 20
0.353836
 11
6.38765
 21
0.356766
  0
LINE
  8
0
 10
6.38765
 20
0.356766
 11
6.38947
 21
0.359619
  0
LINE
  8
0
 10
6.38947
 20
0.359619
 11
6.39139
 21
0.362396
  0
LINE
  8
0
 10
6.39139
 20
0.362396
 11
6.39343
 21
0.365082
  0
LINE
  8
0
 10
6.39343
 20
0.365082
 11
6.3956
 21
0.367691
  0
LINE
  8
0
 10
6.3956
 20
0.367691
 11
6.39786
 21
0.370209
  0
LINE
  8
0
 10
6.39786
 20
0.370209
 11
6.40022
 21
0.37262
  0
LINE
  8
0
 10
6.40022
 20
0.37262
 11
6.40268
 21
0.374939
  0
LINE
  8
0
 10
6.40268
 20
0.374939
 11
6.40524
 21
0.377136
  0
LINE
  8
0
 10
6.40524
 20
0.377136
 11
6.4079
 21
0.379242
  0
LINE
  8
0
 10
6.4079
 20
0.379242
 11
6.41063
 21
0.381226
  0
LINE
  8
0
 10
6.41063
 20
0.381226
 11
6.41344
 21
0.383102
  0
LINE
  8
0
 10
6.41344
 20
0.383102
 11
6.41634
 21
0.384842
  0
LINE
  8
0
 10
6.41634
 20
0.384842
 11
6.4193
 21
0.386475
  0
LINE
  8
0
 10
6.4193
 20
0.386475
 11
6.42232
 21
0.387985
  0
LINE
  8
0
 10
6.42232
 20
0.387985
 11
6.42542
 21
0.389359
  0
LINE
  8
0
 10
6.42542
 20
0.389359
 11
6.42856
 21
0.390594
  0
LINE
  8
0
 10
6.42856
 20
0.390594
 11
6.43175
 21
0.391708
  0
LINE
  8
0
 10
6.43175
 20
0.391708
 11
6.43498
 21
0.392685
  0
LINE
  8
0
 10
6.43498
 20
0.392685
 11
6.43826
 21
0.393524
  0
LINE
  8
0
 10
6.43826
 20
0.393524
 11
6.44156
 21
0.394226
  0
LINE
  8
0
 10
6.44156
 20
0.394226
 11
6.4449
 21
0.394791
  0
LINE
  8
0
 10
6.4449
 20
0.394791
 11
6.44826
 21
0.395218
  0
LINE
  8
0
 10
6.44826
 20
0.395218
 11
6.45161
 21
0.395508
  0
LINE
  8
0
 10
6.45161
 20
0.395508
 11
6.455
 21
0.395645
  0
LINE
  8
0
 10
6.455
 20
0.395645
 11
6.45837
 21
0.395645
  0
LINE
  8
0
 10
6.45837
 20
0.395645
 11
6.46176
 21
0.395508
  0
LINE
  8
0
 10
6.46176
 20
0.395508
 11
6.46512
 21
0.395218
  0
LINE
  8
0
 10
6.46512
 20
0.395218
 11
6.46848
 21
0.394791
  0
LINE
  8
0
 10
6.46848
 20
0.394791
 11
6.47182
 21
0.394226
  0
LINE
  8
0
 10
6.47182
 20
0.394226
 11
6.47511
 21
0.393524
  0
LINE
  8
0
 10
6.47511
 20
0.393524
 11
6.47839
 21
0.392685
  0
LINE
  8
0
 10
6.47839
 20
0.392685
 11
6.48163
 21
0.391708
  0
LINE
  8
0
 10
6.48163
 20
0.391708
 11
6.48482
 21
0.390594
  0
LINE
  8
0
 10
6.48482
 20
0.390594
 11
6.48796
 21
0.389359
  0
LINE
  8
0
 10
6.48796
 20
0.389359
 11
6.49106
 21
0.387985
  0
LINE
  8
0
 10
6.49106
 20
0.387985
 11
6.49408
 21
0.386475
  0
LINE
  8
0
 10
6.49408
 20
0.386475
 11
6.49704
 21
0.384842
  0
LINE
  8
0
 10
6.49704
 20
0.384842
 11
6.49994
 21
0.383102
  0
LINE
  8
0
 10
6.49994
 20
0.383102
 11
6.50275
 21
0.381226
  0
LINE
  8
0
 10
6.50275
 20
0.381226
 11
6.50549
 21
0.379242
  0
LINE
  8
0
 10
6.50549
 20
0.379242
 11
6.50813
 21
0.377136
  0
LINE
  8
0
 10
6.50813
 20
0.377136
 11
6.5107
 21
0.374939
  0
LINE
  8
0
 10
6.5107
 20
0.374939
 11
6.51315
 21
0.37262
  0
LINE
  8
0
 10
6.51315
 20
0.37262
 11
6.51552
 21
0.370209
  0
LINE
  8
0
 10
6.51552
 20
0.370209
 11
6.51779
 21
0.367691
  0
LINE
  8
0
 10
6.51779
 20
0.367691
 11
6.51994
 21
0.365082
  0
LINE
  8
0
 10
6.51994
 20
0.365082
 11
6.52199
 21
0.362396
  0
LINE
  8
0
 10
6.52199
 20
0.362396
 11
6.52391
 21
0.359619
  0
LINE
  8
0
 10
6.52391
 20
0.359619
 11
6.52573
 21
0.356766
  0
LINE
  8
0
 10
6.52573
 20
0.356766
 11
6.52742
 21
0.353836
  0
LINE
  8
0
 10
6.52742
 20
0.353836
 11
6.52898
 21
0.350845
  0
LINE
  8
0
 10
6.52898
 20
0.350845
 11
6.53043
 21
0.347778
  0
LINE
  8
0
 10
6.53043
 20
0.347778
 11
6.53172
 21
0.344666
  0
LINE
  8
0
 10
6.53172
 20
0.344666
 11
6.53291
 21
0.341492
  0
LINE
  8
0
 10
6.53291
 20
0.341492
 11
6.53395
 21
0.338287
  0
LINE
  8
0
 10
6.53395
 20
0.338287
 11
6.53487
 21
0.335022
  0
LINE
  8
0
 10
6.53487
 20
0.335022
 11
6.53563
 21
0.331726
  0
LINE
  8
0
 10
6.53563
 20
0.331726
 11
6.53627
 21
0.328415
  0
LINE
  8
0
 10
6.53627
 20
0.328415
 11
6.53676
 21
0.325073
  0
LINE
  8
0
 10
6.53676
 20
0.325073
 11
6.53711
 21
0.321701
  0
LINE
  8
0
 10
6.53711
 20
0.321701
 11
6.53732
 21
0.318329
  0
LINE
  8
0
 10
6.53732
 20
0.318329
 11
6.5374
 21
0.314957
  0
LINE
  8
0
 10
6.5374
 20
0.314957
 11
6.53732
 21
0.311569
  0
LINE
  8
0
 10
6.53732
 20
0.311569
 11
6.53711
 21
0.308197
  0
LINE
  8
0
 10
6.53711
 20
0.308197
 11
6.53676
 21
0.30484
  0
LINE
  8
0
 10
6.53676
 20
0.30484
 11
6.53627
 21
0.301498
  0
LINE
  8
0
 10
6.53627
 20
0.301498
 11
6.53563
 21
0.298172
  0
LINE
  8
0
 10
6.53563
 20
0.298172
 11
6.53487
 21
0.294876
  0
LINE
  8
0
 10
6.53487
 20
0.294876
 11
6.53395
 21
0.291626
  0
LINE
  8
0
 10
6.53395
 20
0.291626
 11
6.53291
 21
0.288406
  0
LINE
  8
0
 10
6.53291
 20
0.288406
 11
6.53172
 21
0.285248
  0
LINE
  8
0
 10
6.53172
 20
0.285248
 11
6.53043
 21
0.28212
  0
LINE
  8
0
 10
6.53043
 20
0.28212
 11
6.52898
 21
0.279068
  0
LINE
  8
0
 10
6.52898
 20
0.279068
 11
6.52742
 21
0.276077
  0
LINE
  8
0
 10
6.52742
 20
0.276077
 11
6.52573
 21
0.273148
  0
LINE
  8
0
 10
6.52573
 20
0.273148
 11
6.52391
 21
0.270294
  0
LINE
  8
0
 10
6.52391
 20
0.270294
 11
6.52199
 21
0.267517
  0
LINE
  8
0
 10
6.52199
 20
0.267517
 11
6.51994
 21
0.264816
  0
LINE
  8
0
 10
6.51994
 20
0.264816
 11
6.51779
 21
0.262222
  0
LINE
  8
0
 10
6.51779
 20
0.262222
 11
6.51552
 21
0.259705
  0
LINE
  8
0
 10
6.51552
 20
0.259705
 11
6.51315
 21
0.257294
  0
LINE
  8
0
 10
6.51315
 20
0.257294
 11
6.5107
 21
0.254974
  0
LINE
  8
0
 10
6.5107
 20
0.254974
 11
6.50813
 21
0.252762
  0
LINE
  8
0
 10
6.50813
 20
0.252762
 11
6.50549
 21
0.250671
  0
LINE
  8
0
 10
6.50549
 20
0.250671
 11
6.50275
 21
0.248672
  0
LINE
  8
0
 10
6.50275
 20
0.248672
 11
6.49994
 21
0.246811
  0
LINE
  8
0
 10
6.49994
 20
0.246811
 11
6.49704
 21
0.245056
  0
LINE
  8
0
 10
6.49704
 20
0.245056
 11
6.49408
 21
0.243423
  0
LINE
  8
0
 10
6.49408
 20
0.243423
 11
6.49106
 21
0.241928
  0
LINE
  8
0
 10
6.49106
 20
0.241928
 11
6.48796
 21
0.240555
  0
LINE
  8
0
 10
6.48796
 20
0.240555
 11
6.48482
 21
0.239304
  0
LINE
  8
0
 10
6.48482
 20
0.239304
 11
6.48163
 21
0.23819
  0
LINE
  8
0
 10
6.48163
 20
0.23819
 11
6.47839
 21
0.237213
  0
LINE
  8
0
 10
6.47839
 20
0.237213
 11
6.47511
 21
0.236374
  0
LINE
  8
0
 10
6.47511
 20
0.236374
 11
6.47182
 21
0.235672
  0
LINE
  8
0
 10
6.47182
 20
0.235672
 11
6.46848
 21
0.235107
  0
LINE
  8
0
 10
6.46848
 20
0.235107
 11
6.46512
 21
0.23468
  0
LINE
  8
0
 10
6.46512
 20
0.23468
 11
6.46176
 21
0.234406
  0
LINE
  8
0
 10
6.46176
 20
0.234406
 11
6.45837
 21
0.234268
  0
LINE
  8
0
 10
6.45837
 20
0.234268
 11
6.455
 21
0.234268
  0
LINE
  8
0
 10
3.6769
 20
-0.200729
 11
3.66849
 21
-0.200378
  0
LINE
  8
0
 10
3.66849
 20
-0.200378
 11
3.66011
 21
-0.199677
  0
LINE
  8
0
 10
3.66011
 20
-0.199677
 11
3.65176
 21
-0.198624
  0
LINE
  8
0
 10
3.65176
 20
-0.198624
 11
3.64348
 21
-0.19722
  0
LINE
  8
0
 10
3.64348
 20
-0.19722
 11
3.63524
 21
-0.19548
  0
LINE
  8
0
 10
3.63524
 20
-0.19548
 11
3.62711
 21
-0.19339
  0
LINE
  8
0
 10
3.62711
 20
-0.19339
 11
3.61905
 21
-0.190948
  0
LINE
  8
0
 10
3.61905
 20
-0.190948
 11
3.6111
 21
-0.188187
  0
LINE
  8
0
 10
3.6111
 20
-0.188187
 11
3.60329
 21
-0.185089
  0
LINE
  8
0
 10
3.60329
 20
-0.185089
 11
3.5956
 21
-0.181671
  0
LINE
  8
0
 10
3.5956
 20
-0.181671
 11
3.58807
 21
-0.177933
  0
LINE
  8
0
 10
3.58807
 20
-0.177933
 11
3.5807
 21
-0.173874
  0
LINE
  8
0
 10
3.5807
 20
-0.173874
 11
3.5735
 21
-0.169525
  0
LINE
  8
0
 10
3.5735
 20
-0.169525
 11
3.5665
 21
-0.164871
  0
LINE
  8
0
 10
3.5665
 20
-0.164871
 11
3.55969
 21
-0.159927
  0
LINE
  8
0
 10
3.55969
 20
-0.159927
 11
3.5531
 21
-0.154709
  0
LINE
  8
0
 10
3.5531
 20
-0.154709
 11
3.54674
 21
-0.1492
  0
LINE
  8
0
 10
3.54674
 20
-0.1492
 11
3.5406
 21
-0.143448
  0
LINE
  8
0
 10
3.5406
 20
-0.143448
 11
3.53473
 21
-0.137436
  0
LINE
  8
0
 10
3.53473
 20
-0.137436
 11
3.5291
 21
-0.131195
  0
LINE
  8
0
 10
3.5291
 20
-0.131195
 11
3.52374
 21
-0.12471
  0
LINE
  8
0
 10
3.52374
 20
-0.12471
 11
3.51865
 21
-0.118011
  0
LINE
  8
0
 10
3.51865
 20
-0.118011
 11
3.51385
 21
-0.111099
  0
LINE
  8
0
 10
3.51385
 20
-0.111099
 11
3.50935
 21
-0.104004
  0
LINE
  8
0
 10
3.50935
 20
-0.104004
 11
3.50514
 21
-0.0967255
  0
LINE
  8
0
 10
3.50514
 20
-0.0967255
 11
3.50125
 21
-0.0892639
  0
LINE
  8
0
 10
3.50125
 20
-0.0892639
 11
3.49767
 21
-0.081665
  0
LINE
  8
0
 10
3.49767
 20
-0.081665
 11
3.4944
 21
-0.0739136
  0
LINE
  8
0
 10
3.4944
 20
-0.0739136
 11
3.49147
 21
-0.0660248
  0
LINE
  8
0
 10
3.49147
 20
-0.0660248
 11
3.48888
 21
-0.0580292
  0
LINE
  8
0
 10
3.48888
 20
-0.0580292
 11
3.48662
 21
-0.0499268
  0
LINE
  8
0
 10
3.48662
 20
-0.0499268
 11
3.4847
 21
-0.0417328
  0
LINE
  8
0
 10
3.4847
 20
-0.0417328
 11
3.48312
 21
-0.0334778
  0
LINE
  8
0
 10
3.48312
 20
-0.0334778
 11
3.48189
 21
-0.0251617
  0
LINE
  8
0
 10
3.48189
 20
-0.0251617
 11
3.48102
 21
-0.0167999
  0
LINE
  8
0
 10
3.48102
 20
-0.0167999
 11
3.48048
 21
-0.00840759
  0
LINE
  8
0
 10
3.48048
 20
-0.00840759
 11
3.4803
 21
0
  0
LINE
  8
0
 10
3.4803
 20
0
 11
3.48048
 21
0.00840759
  0
LINE
  8
0
 10
3.48048
 20
0.00840759
 11
3.48102
 21
0.0167999
  0
LINE
  8
0
 10
3.48102
 20
0.0167999
 11
3.48189
 21
0.0251617
  0
LINE
  8
0
 10
3.48189
 20
0.0251617
 11
3.48312
 21
0.0334778
  0
LINE
  8
0
 10
3.48312
 20
0.0334778
 11
3.4847
 21
0.0417328
  0
LINE
  8
0
 10
3.4847
 20
0.0417328
 11
3.48662
 21
0.0499268
  0
LINE
  8
0
 10
3.48662
 20
0.0499268
 11
3.48888
 21
0.0580292
  0
LINE
  8
0
 10
3.48888
 20
0.0580292
 11
3.49147
 21
0.0660248
  0
LINE
  8
0
 10
3.49147
 20
0.0660248
 11
3.4944
 21
0.0739136
  0
LINE
  8
0
 10
3.4944
 20
0.0739136
 11
3.49767
 21
0.081665
  0
LINE
  8
0
 10
3.49767
 20
0.081665
 11
3.50125
 21
0.0892639
  0
LINE
  8
0
 10
3.50125
 20
0.0892639
 11
3.50514
 21
0.0967255
  0
LINE
  8
0
 10
3.50514
 20
0.0967255
 11
3.50935
 21
0.104004
  0
LINE
  8
0
 10
3.50935
 20
0.104004
 11
3.51385
 21
0.111099
  0
LINE
  8
0
 10
3.51385
 20
0.111099
 11
3.51865
 21
0.118011
  0
LINE
  8
0
 10
3.51865
 20
0.118011
 11
3.52374
 21
0.12471
  0
LINE
  8
0
 10
3.52374
 20
0.12471
 11
3.5291
 21
0.131195
  0
LINE
  8
0
 10
3.5291
 20
0.131195
 11
3.53473
 21
0.137436
  0
LINE
  8
0
 10
3.53473
 20
0.137436
 11
3.5406
 21
0.143448
  0
LINE
  8
0
 10
3.5406
 20
0.143448
 11
3.54674
 21
0.1492
  0
LINE
  8
0
 10
3.54674
 20
0.1492
 11
3.5531
 21
0.154709
  0
LINE
  8
0
 10
3.5531
 20
0.154709
 11
3.55969
 21
0.159927
  0
LINE
  8
0
 10
3.55969
 20
0.159927
 11
3.5665
 21
0.164871
  0
LINE
  8
0
 10
3.5665
 20
0.164871
 11
3.5735
 21
0.169525
  0
LINE
  8
0
 10
3.5735
 20
0.169525
 11
3.5807
 21
0.173874
  0
LINE
  8
0
 10
3.5807
 20
0.173874
 11
3.58807
 21
0.177933
  0
LINE
  8
0
 10
3.58807
 20
0.177933
 11
3.5956
 21
0.181671
  0
LINE
  8
0
 10
3.5956
 20
0.181671
 11
3.60329
 21
0.185089
  0
LINE
  8
0
 10
3.60329
 20
0.185089
 11
3.6111
 21
0.188187
  0
LINE
  8
0
 10
3.6111
 20
0.188187
 11
3.61905
 21
0.190948
  0
LINE
  8
0
 10
3.61905
 20
0.190948
 11
3.62711
 21
0.19339
  0
LINE
  8
0
 10
3.62711
 20
0.19339
 11
3.63524
 21
0.19548
  0
LINE
  8
0
 10
3.63524
 20
0.19548
 11
3.64348
 21
0.19722
  0
LINE
  8
0
 10
3.64348
 20
0.19722
 11
3.65176
 21
0.198624
  0
LINE
  8
0
 10
3.65176
 20
0.198624
 11
3.66011
 21
0.199677
  0
LINE
  8
0
 10
3.66011
 20
0.199677
 11
3.66849
 21
0.200378
  0
LINE
  8
0
 10
3.66849
 20
0.200378
 11
3.6769
 21
0.200729
  0
LINE
  8
0
 10
3.6769
 20
0.200729
 11
3.6853
 21
0.200729
  0
LINE
  8
0
 10
3.6853
 20
0.200729
 11
3.6937
 21
0.200378
  0
LINE
  8
0
 10
3.6937
 20
0.200378
 11
3.70209
 21
0.199677
  0
LINE
  8
0
 10
3.70209
 20
0.199677
 11
3.71042
 21
0.198624
  0
LINE
  8
0
 10
3.71042
 20
0.198624
 11
3.71872
 21
0.19722
  0
LINE
  8
0
 10
3.71872
 20
0.19722
 11
3.72694
 21
0.19548
  0
LINE
  8
0
 10
3.72694
 20
0.19548
 11
3.73509
 21
0.19339
  0
LINE
  8
0
 10
3.73509
 20
0.19339
 11
3.74313
 21
0.190948
  0
LINE
  8
0
 10
3.74313
 20
0.190948
 11
3.75108
 21
0.188187
  0
LINE
  8
0
 10
3.75108
 20
0.188187
 11
3.7589
 21
0.185089
  0
LINE
  8
0
 10
3.7589
 20
0.185089
 11
3.76659
 21
0.181671
  0
LINE
  8
0
 10
3.76659
 20
0.181671
 11
3.77412
 21
0.177933
  0
LINE
  8
0
 10
3.77412
 20
0.177933
 11
3.78149
 21
0.173874
  0
LINE
  8
0
 10
3.78149
 20
0.173874
 11
3.78868
 21
0.169525
  0
LINE
  8
0
 10
3.78868
 20
0.169525
 11
3.79568
 21
0.164871
  0
LINE
  8
0
 10
3.79568
 20
0.164871
 11
3.80249
 21
0.159927
  0
LINE
  8
0
 10
3.80249
 20
0.159927
 11
3.80908
 21
0.154709
  0
LINE
  8
0
 10
3.80908
 20
0.154709
 11
3.81544
 21
0.1492
  0
LINE
  8
0
 10
3.81544
 20
0.1492
 11
3.82158
 21
0.143448
  0
LINE
  8
0
 10
3.82158
 20
0.143448
 11
3.82747
 21
0.137436
  0
LINE
  8
0
 10
3.82747
 20
0.137436
 11
3.83308
 21
0.131195
  0
LINE
  8
0
 10
3.83308
 20
0.131195
 11
3.83846
 21
0.12471
  0
LINE
  8
0
 10
3.83846
 20
0.12471
 11
3.84354
 21
0.118011
  0
LINE
  8
0
 10
3.84354
 20
0.118011
 11
3.84833
 21
0.111099
  0
LINE
  8
0
 10
3.84833
 20
0.111099
 11
3.85284
 21
0.104004
  0
LINE
  8
0
 10
3.85284
 20
0.104004
 11
3.85704
 21
0.0967255
  0
LINE
  8
0
 10
3.85704
 20
0.0967255
 11
3.86095
 21
0.0892639
  0
LINE
  8
0
 10
3.86095
 20
0.0892639
 11
3.86452
 21
0.081665
  0
LINE
  8
0
 10
3.86452
 20
0.081665
 11
3.86778
 21
0.0739136
  0
LINE
  8
0
 10
3.86778
 20
0.0739136
 11
3.87071
 21
0.0660248
  0
LINE
  8
0
 10
3.87071
 20
0.0660248
 11
3.87331
 21
0.0580292
  0
LINE
  8
0
 10
3.87331
 20
0.0580292
 11
3.87558
 21
0.0499268
  0
LINE
  8
0
 10
3.87558
 20
0.0499268
 11
3.87749
 21
0.0417328
  0
LINE
  8
0
 10
3.87749
 20
0.0417328
 11
3.87907
 21
0.0334778
  0
LINE
  8
0
 10
3.87907
 20
0.0334778
 11
3.88029
 21
0.0251617
  0
LINE
  8
0
 10
3.88029
 20
0.0251617
 11
3.88118
 21
0.0167999
  0
LINE
  8
0
 10
3.88118
 20
0.0167999
 11
3.8817
 21
0.00840759
  0
LINE
  8
0
 10
3.8817
 20
0.00840759
 11
3.88188
 21
0
  0
LINE
  8
0
 10
3.88188
 20
0
 11
3.8817
 21
-0.00840759
  0
LINE
  8
0
 10
3.8817
 20
-0.00840759
 11
3.88118
 21
-0.0167999
  0
LINE
  8
0
 10
3.88118
 20
-0.0167999
 11
3.88029
 21
-0.0251617
  0
LINE
  8
0
 10
3.88029
 20
-0.0251617
 11
3.87907
 21
-0.0334778
  0
LINE
  8
0
 10
3.87907
 20
-0.0334778
 11
3.87749
 21
-0.0417328
  0
LINE
  8
0
 10
3.87749
 20
-0.0417328
 11
3.87558
 21
-0.0499268
  0
LINE
  8
0
 10
3.87558
 20
-0.0499268
 11
3.87331
 21
-0.0580292
  0
LINE
  8
0
 10
3.87331
 20
-0.0580292
 11
3.87071
 21
-0.0660248
  0
LINE
  8
0
 10
3.87071
 20
-0.0660248
 11
3.86778
 21
-0.0739136
  0
LINE
  8
0
 10
3.86778
 20
-0.0739136
 11
3.86452
 21
-0.081665
  0
LINE
  8
0
 10
3.86452
 20
-0.081665
 11
3.86095
 21
-0.0892639
  0
LINE
  8
0
 10
3.86095
 20
-0.0892639
 11
3.85704
 21
-0.0967255
  0
LINE
  8
0
 10
3.85704
 20
-0.0967255
 11
3.85284
 21
-0.104004
  0
LINE
  8
0
 10
3.85284
 20
-0.104004
 11
3.84833
 21
-0.111099
  0
LINE
  8
0
 10
3.84833
 20
-0.111099
 11
3.84354
 21
-0.118011
  0
LINE
  8
0
 10
3.84354
 20
-0.118011
 11
3.83846
 21
-0.12471
  0
LINE
  8
0
 10
3.83846
 20
-0.12471
 11
3.83308
 21
-0.131195
  0
LINE
  8
0
 10
3.83308
 20
-0.131195
 11
3.82747
 21
-0.137436
  0
LINE
  8
0
 10
3.82747
 20
-0.137436
 11
3.82158
 21
-0.143448
  0
LINE
  8
0
 10
3.82158
 20
-0.143448
 11
3.81544
 21
-0.1492
  0
LINE
  8
0
 10
3.81544
 20
-0.1492
 11
3.80908
 21
-0.154709
  0
LINE
  8
0
 10
3.80908
 20
-0.154709
 11
3.80249
 21
-0.159927
  0
LINE
  8
0
 10
3.80249
 20
-0.159927
 11
3.79568
 21
-0.164871
  0
LINE
  8
0
 10
3.79568
 20
-0.164871
 11
3.78868
 21
-0.169525
  0
LINE
  8
0
 10
3.78868
 20
-0.169525
 11
3.78149
 21
-0.173874
  0
LINE
  8
0
 10
3.78149
 20
-0.173874
 11
3.77412
 21
-0.177933
  0
LINE
  8
0
 10
3.77412
 20
-0.177933
 11
3.76659
 21
-0.181671
  0
LINE
  8
0
 10
3.76659
 20
-0.181671
 11
3.7589
 21
-0.185089
  0
LINE
  8
0
 10
3.7589
 20
-0.185089
 11
3.75108
 21
-0.188187
  0
LINE
  8
0
 10
3.75108
 20
-0.188187
 11
3.74313
 21
-0.190948
  0
LINE
  8
0
 10
3.74313
 20
-0.190948
 11
3.73509
 21
-0.19339
  0
LINE
  8
0
 10
3.73509
 20
-0.19339
 11
3.72694
 21
-0.19548
  0
LINE
  8
0
 10
3.72694
 20
-0.19548
 11
3.71872
 21
-0.19722
  0
LINE
  8
0
 10
3.71872
 20
-0.19722
 11
3.71042
 21
-0.198624
  0
LINE
  8
0
 10
3.71042
 20
-0.198624
 11
3.70209
 21
-0.199677
  0
LINE
  8
0
 10
3.70209
 20
-0.199677
 11
3.6937
 21
-0.200378
  0
LINE
  8
0
 10
3.6937
 20
-0.200378
 11
3.6853
 21
-0.200729
  0
LINE
  8
0
 10
3.6853
 20
-0.200729
 11
3.6769
 21
-0.200729
  0
LINE
  8
0
 10
-3.20798
 20
0.169525
 11
-3.20078
 21
0.173874
  0
LINE
  8
0
 10
-3.20078
 20
0.173874
 11
-3.19341
 21
0.177933
  0
LINE
  8
0
 10
-3.19341
 20
0.177933
 11
-3.18588
 21
0.181671
  0
LINE
  8
0
 10
-3.18588
 20
0.181671
 11
-3.17819
 21
0.185089
  0
LINE
  8
0
 10
-3.17819
 20
0.185089
 11
-3.17038
 21
0.188187
  0
LINE
  8
0
 10
-3.17038
 20
0.188187
 11
-3.16243
 21
0.190948
  0
LINE
  8
0
 10
-3.16243
 20
0.190948
 11
-3.15439
 21
0.19339
  0
LINE
  8
0
 10
-3.15439
 20
0.19339
 11
-3.14624
 21
0.19548
  0
LINE
  8
0
 10
-3.14624
 20
0.19548
 11
-3.13802
 21
0.19722
  0
LINE
  8
0
 10
-3.13802
 20
0.19722
 11
-3.12971
 21
0.198624
  0
LINE
  8
0
 10
-3.12971
 20
0.198624
 11
-3.12137
 21
0.199677
  0
LINE
  8
0
 10
-3.12137
 20
0.199677
 11
-3.11299
 21
0.200378
  0
LINE
  8
0
 10
-3.11299
 20
0.200378
 11
-3.10458
 21
0.200729
  0
LINE
  8
0
 10
-3.10458
 20
0.200729
 11
-3.09618
 21
0.200729
  0
LINE
  8
0
 10
-3.09618
 20
0.200729
 11
-3.08778
 21
0.200378
  0
LINE
  8
0
 10
-3.08778
 20
0.200378
 11
-3.07939
 21
0.199677
  0
LINE
  8
0
 10
-3.07939
 20
0.199677
 11
-3.07106
 21
0.198624
  0
LINE
  8
0
 10
-3.07106
 20
0.198624
 11
-3.06276
 21
0.19722
  0
LINE
  8
0
 10
-3.06276
 20
0.19722
 11
-3.05453
 21
0.19548
  0
LINE
  8
0
 10
-3.05453
 20
0.19548
 11
-3.04639
 21
0.19339
  0
LINE
  8
0
 10
-3.04639
 20
0.19339
 11
-3.03835
 21
0.190948
  0
LINE
  8
0
 10
-3.03835
 20
0.190948
 11
-3.0304
 21
0.188187
  0
LINE
  8
0
 10
-3.0304
 20
0.188187
 11
-3.02258
 21
0.185089
  0
LINE
  8
0
 10
-3.02258
 20
0.185089
 11
-3.01489
 21
0.181671
  0
LINE
  8
0
 10
-3.01489
 20
0.181671
 11
-3.00735
 21
0.177933
  0
LINE
  8
0
 10
-3.00735
 20
0.177933
 11
-2.99998
 21
0.173874
  0
LINE
  8
0
 10
-2.99998
 20
0.173874
 11
-2.9928
 21
0.169525
  0
LINE
  8
0
 10
-2.9928
 20
0.169525
 11
-2.98579
 21
0.164871
  0
LINE
  8
0
 10
-2.98579
 20
0.164871
 11
-2.97899
 21
0.159927
  0
LINE
  8
0
 10
-2.97899
 20
0.159927
 11
-2.9724
 21
0.154709
  0
LINE
  8
0
 10
-2.9724
 20
0.154709
 11
-2.96603
 21
0.1492
  0
LINE
  8
0
 10
-2.96603
 20
0.1492
 11
-2.9599
 21
0.143448
  0
LINE
  8
0
 10
-2.9599
 20
0.143448
 11
-2.95403
 21
0.137436
  0
LINE
  8
0
 10
-2.95403
 20
0.137436
 11
-2.94839
 21
0.131195
  0
LINE
  8
0
 10
-2.94839
 20
0.131195
 11
-2.94302
 21
0.12471
  0
LINE
  8
0
 10
-2.94302
 20
0.12471
 11
-2.93794
 21
0.118011
  0
LINE
  8
0
 10
-2.93794
 20
0.118011
 11
-2.93315
 21
0.111115
  0
LINE
  8
0
 10
-2.93315
 20
0.111115
 11
-2.92863
 21
0.104004
  0
LINE
  8
0
 10
-2.92863
 20
0.104004
 11
-2.92444
 21
0.0967255
  0
LINE
  8
0
 10
-2.92444
 20
0.0967255
 11
-2.92053
 21
0.0892639
  0
LINE
  8
0
 10
-2.92053
 20
0.0892639
 11
-2.91696
 21
0.081665
  0
LINE
  8
0
 10
-2.91696
 20
0.081665
 11
-2.9137
 21
0.0739136
  0
LINE
  8
0
 10
-2.9137
 20
0.0739136
 11
-2.91077
 21
0.0660248
  0
LINE
  8
0
 10
-2.91077
 20
0.0660248
 11
-2.90817
 21
0.0580292
  0
LINE
  8
0
 10
-2.90817
 20
0.0580292
 11
-2.9059
 21
0.0499268
  0
LINE
  8
0
 10
-2.9059
 20
0.0499268
 11
-2.90399
 21
0.0417328
  0
LINE
  8
0
 10
-2.90399
 20
0.0417328
 11
-2.9024
 21
0.0334778
  0
LINE
  8
0
 10
-2.9024
 20
0.0334778
 11
-2.90118
 21
0.0251617
  0
LINE
  8
0
 10
-2.90118
 20
0.0251617
 11
-2.9003
 21
0.0167999
  0
LINE
  8
0
 10
-2.9003
 20
0.0167999
 11
-2.89978
 21
0.00840759
  0
LINE
  8
0
 10
-2.89978
 20
0.00840759
 11
-2.8996
 21
0
  0
LINE
  8
0
 10
-2.8996
 20
0
 11
-2.89978
 21
-0.00840759
  0
LINE
  8
0
 10
-2.89978
 20
-0.00840759
 11
-2.9003
 21
-0.0167999
  0
LINE
  8
0
 10
-2.9003
 20
-0.0167999
 11
-2.90118
 21
-0.0251617
  0
LINE
  8
0
 10
-2.90118
 20
-0.0251617
 11
-2.9024
 21
-0.0334778
  0
LINE
  8
0
 10
-2.9024
 20
-0.0334778
 11
-2.90399
 21
-0.0417328
  0
LINE
  8
0
 10
-2.90399
 20
-0.0417328
 11
-2.9059
 21
-0.0499268
  0
LINE
  8
0
 10
-2.9059
 20
-0.0499268
 11
-2.90817
 21
-0.0580292
  0
LINE
  8
0
 10
-2.90817
 20
-0.0580292
 11
-2.91077
 21
-0.0660248
  0
LINE
  8
0
 10
-2.91077
 20
-0.0660248
 11
-2.9137
 21
-0.0739136
  0
LINE
  8
0
 10
-2.9137
 20
-0.0739136
 11
-2.91696
 21
-0.081665
  0
LINE
  8
0
 10
-2.91696
 20
-0.081665
 11
-2.92053
 21
-0.0892639
  0
LINE
  8
0
 10
-2.92053
 20
-0.0892639
 11
-2.92444
 21
-0.0967255
  0
LINE
  8
0
 10
-2.92444
 20
-0.0967255
 11
-2.92863
 21
-0.104004
  0
LINE
  8
0
 10
-2.92863
 20
-0.104004
 11
-2.93315
 21
-0.111115
  0
LINE
  8
0
 10
-2.93315
 20
-0.111115
 11
-2.93794
 21
-0.118011
  0
LINE
  8
0
 10
-2.93794
 20
-0.118011
 11
-2.94302
 21
-0.12471
  0
LINE
  8
0
 10
-2.94302
 20
-0.12471
 11
-2.94839
 21
-0.131195
  0
LINE
  8
0
 10
-2.94839
 20
-0.131195
 11
-2.95403
 21
-0.137436
  0
LINE
  8
0
 10
-2.95403
 20
-0.137436
 11
-2.9599
 21
-0.143448
  0
LINE
  8
0
 10
-2.9599
 20
-0.143448
 11
-2.96603
 21
-0.1492
  0
LINE
  8
0
 10
-2.96603
 20
-0.1492
 11
-2.9724
 21
-0.154709
  0
LINE
  8
0
 10
-2.9724
 20
-0.154709
 11
-2.97899
 21
-0.159927
  0
LINE
  8
0
 10
-2.97899
 20
-0.159927
 11
-2.98579
 21
-0.164871
  0
LINE
  8
0
 10
-2.98579
 20
-0.164871
 11
-2.9928
 21
-0.169525
  0
LINE
  8
0
 10
-2.9928
 20
-0.169525
 11
-2.99998
 21
-0.173874
  0
LINE
  8
0
 10
-2.99998
 20
-0.173874
 11
-3.00735
 21
-0.177933
  0
LINE
  8
0
 10
-3.00735
 20
-0.177933
 11
-3.01489
 21
-0.181671
  0
LINE
  8
0
 10
-3.01489
 20
-0.181671
 11
-3.02258
 21
-0.185089
  0
LINE
  8
0
 10
-3.02258
 20
-0.185089
 11
-3.0304
 21
-0.188187
  0
LINE
  8
0
 10
-3.0304
 20
-0.188187
 11
-3.03835
 21
-0.190948
  0
LINE
  8
0
 10
-3.03835
 20
-0.190948
 11
-3.04639
 21
-0.19339
  0
LINE
  8
0
 10
-3.04639
 20
-0.19339
 11
-3.05453
 21
-0.19548
  0
LINE
  8
0
 10
-3.05453
 20
-0.19548
 11
-3.06276
 21
-0.19722
  0
LINE
  8
0
 10
-3.06276
 20
-0.19722
 11
-3.07106
 21
-0.198624
  0
LINE
  8
0
 10
-3.07106
 20
-0.198624
 11
-3.07939
 21
-0.199677
  0
LINE
  8
0
 10
-3.07939
 20
-0.199677
 11
-3.08778
 21
-0.200378
  0
LINE
  8
0
 10
-3.08778
 20
-0.200378
 11
-3.09618
 21
-0.200729
  0
LINE
  8
0
 10
-3.09618
 20
-0.200729
 11
-3.10458
 21
-0.200729
  0
LINE
  8
0
 10
-3.10458
 20
-0.200729
 11
-3.11299
 21
-0.200378
  0
LINE
  8
0
 10
-3.11299
 20
-0.200378
 11
-3.12137
 21
-0.199677
  0
LINE
  8
0
 10
-3.12137
 20
-0.199677
 11
-3.12971
 21
-0.198624
  0
LINE
  8
0
 10
-3.12971
 20
-0.198624
 11
-3.13802
 21
-0.19722
  0
LINE
  8
0
 10
-3.13802
 20
-0.19722
 11
-3.14624
 21
-0.19548
  0
LINE
  8
0
 10
-3.14624
 20
-0.19548
 11
-3.15439
 21
-0.19339
  0
LINE
  8
0
 10
-3.15439
 20
-0.19339
 11
-3.16243
 21
-0.190948
  0
LINE
  8
0
 10
-3.16243
 20
-0.190948
 11
-3.17038
 21
-0.188187
  0
LINE
  8
0
 10
-3.17038
 20
-0.188187
 11
-3.17819
 21
-0.185089
  0
LINE
  8
0
 10
-3.17819
 20
-0.185089
 11
-3.18588
 21
-0.181671
  0
LINE
  8
0
 10
-3.18588
 20
-0.181671
 11
-3.19341
 21
-0.177933
  0
LINE
  8
0
 10
-3.19341
 20
-0.177933
 11
-3.20078
 21
-0.173874
  0
LINE
  8
0
 10
-3.20078
 20
-0.173874
 11
-3.20798
 21
-0.169525
  0
LINE
  8
0
 10
-3.20798
 20
-0.169525
 11
-3.21498
 21
-0.164871
  0
LINE
  8
0
 10
-3.21498
 20
-0.164871
 11
-3.22179
 21
-0.159927
  0
LINE
  8
0
 10
-3.22179
 20
-0.159927
 11
-3.22838
 21
-0.154709
  0
LINE
  8
0
 10
-3.22838
 20
-0.154709
 11
-3.23474
 21
-0.1492
  0
LINE
  8
0
 10
-3.23474
 20
-0.1492
 11
-3.24088
 21
-0.143448
  0
LINE
  8
0
 10
-3.24088
 20
-0.143448
 11
-3.24675
 21
-0.137436
  0
LINE
  8
0
 10
-3.24675
 20
-0.137436
 11
-3.25238
 21
-0.131195
  0
LINE
  8
0
 10
-3.25238
 20
-0.131195
 11
-3.25774
 21
-0.12471
  0
LINE
  8
0
 10
-3.25774
 20
-0.12471
 11
-3.26283
 21
-0.118011
  0
LINE
  8
0
 10
-3.26283
 20
-0.118011
 11
-3.26762
 21
-0.111115
  0
LINE
  8
0
 10
-3.26762
 20
-0.111115
 11
-3.27213
 21
-0.104004
  0
LINE
  8
0
 10
-3.27213
 20
-0.104004
 11
-3.27634
 21
-0.0967255
  0
LINE
  8
0
 10
-3.27634
 20
-0.0967255
 11
-3.28023
 21
-0.0892639
  0
LINE
  8
0
 10
-3.28023
 20
-0.0892639
 11
-3.28381
 21
-0.081665
  0
LINE
  8
0
 10
-3.28381
 20
-0.081665
 11
-3.28708
 21
-0.0739136
  0
LINE
  8
0
 10
-3.28708
 20
-0.0739136
 11
-3.29001
 21
-0.0660248
  0
LINE
  8
0
 10
-3.29001
 20
-0.0660248
 11
-3.2926
 21
-0.0580292
  0
LINE
  8
0
 10
-3.2926
 20
-0.0580292
 11
-3.29486
 21
-0.0499268
  0
LINE
  8
0
 10
-3.29486
 20
-0.0499268
 11
-3.29678
 21
-0.0417328
  0
LINE
  8
0
 10
-3.29678
 20
-0.0417328
 11
-3.29836
 21
-0.0334778
  0
LINE
  8
0
 10
-3.29836
 20
-0.0334778
 11
-3.29959
 21
-0.0251617
  0
LINE
  8
0
 10
-3.29959
 20
-0.0251617
 11
-3.30048
 21
-0.0167999
  0
LINE
  8
0
 10
-3.30048
 20
-0.0167999
 11
-3.30099
 21
-0.00840759
  0
LINE
  8
0
 10
-3.30099
 20
-0.00840759
 11
-3.30118
 21
0
  0
LINE
  8
0
 10
-3.30118
 20
0
 11
-3.30099
 21
0.00840759
  0
LINE
  8
0
 10
-3.30099
 20
0.00840759
 11
-3.30048
 21
0.0167999
  0
LINE
  8
0
 10
-3.30048
 20
0.0167999
 11
-3.29959
 21
0.0251617
  0
LINE
  8
0
 10
-3.29959
 20
0.0251617
 11
-3.29836
 21
0.0334778
  0
LINE
  8
0
 10
-3.29836
 20
0.0334778
 11
-3.29678
 21
0.0417328
  0
LINE
  8
0
 10
-3.29678
 20
0.0417328
 11
-3.29486
 21
0.0499268
  0
LINE
  8
0
 10
-3.29486
 20
0.0499268
 11
-3.2926
 21
0.0580292
  0
LINE
  8
0
 10
-3.2926
 20
0.0580292
 11
-3.29001
 21
0.0660248
  0
LINE
  8
0
 10
-3.29001
 20
0.0660248
 11
-3.28708
 21
0.0739136
  0
LINE
  8
0
 10
-3.28708
 20
0.0739136
 11
-3.28381
 21
0.081665
  0
LINE
  8
0
 10
-3.28381
 20
0.081665
 11
-3.28023
 21
0.0892639
  0
LINE
  8
0
 10
-3.28023
 20
0.0892639
 11
-3.27634
 21
0.0967255
  0
LINE
  8
0
 10
-3.27634
 20
0.0967255
 11
-3.27213
 21
0.104004
  0
LINE
  8
0
 10
-3.27213
 20
0.104004
 11
-3.26762
 21
0.111115
  0
LINE
  8
0
 10
-3.26762
 20
0.111115
 11
-3.26283
 21
0.118011
  0
LINE
  8
0
 10
-3.26283
 20
0.118011
 11
-3.25774
 21
0.12471
  0
LINE
  8
0
 10
-3.25774
 20
0.12471
 11
-3.25238
 21
0.131195
  0
LINE
  8
0
 10
-3.25238
 20
0.131195
 11
-3.24675
 21
0.137436
  0
LINE
  8
0
 10
-3.24675
 20
0.137436
 11
-3.24088
 21
0.143448
  0
LINE
  8
0
 10
-3.24088
 20
0.143448
 11
-3.23474
 21
0.1492
  0
LINE
  8
0
 10
-3.23474
 20
0.1492
 11
-3.22838
 21
0.154709
  0
LINE
  8
0
 10
-3.22838
 20
0.154709
 11
-3.22179
 21
0.159927
  0
LINE
  8
0
 10
-3.22179
 20
0.159927
 11
-3.21498
 21
0.164871
  0
LINE
  8
0
 10
-3.21498
 20
0.164871
 11
-3.20798
 21
0.169525
  0
LINE
  8
0
 10
3.09618
 20
-0.200729
 11
3.08778
 21
-0.200378
  0
LINE
  8
0
 10
3.08778
 20
-0.200378
 11
3.07939
 21
-0.199677
  0
LINE
  8
0
 10
3.07939
 20
-0.199677
 11
3.07106
 21
-0.198624
  0
LINE
  8
0
 10
3.07106
 20
-0.198624
 11
3.06276
 21
-0.19722
  0
LINE
  8
0
 10
3.06276
 20
-0.19722
 11
3.05453
 21
-0.19548
  0
LINE
  8
0
 10
3.05453
 20
-0.19548
 11
3.04639
 21
-0.19339
  0
LINE
  8
0
 10
3.04639
 20
-0.19339
 11
3.03835
 21
-0.190948
  0
LINE
  8
0
 10
3.03835
 20
-0.190948
 11
3.0304
 21
-0.188187
  0
LINE
  8
0
 10
3.0304
 20
-0.188187
 11
3.02258
 21
-0.185089
  0
LINE
  8
0
 10
3.02258
 20
-0.185089
 11
3.01489
 21
-0.181671
  0
LINE
  8
0
 10
3.01489
 20
-0.181671
 11
3.00735
 21
-0.177933
  0
LINE
  8
0
 10
3.00735
 20
-0.177933
 11
2.99998
 21
-0.173874
  0
LINE
  8
0
 10
2.99998
 20
-0.173874
 11
2.9928
 21
-0.169525
  0
LINE
  8
0
 10
2.9928
 20
-0.169525
 11
2.98579
 21
-0.164871
  0
LINE
  8
0
 10
2.98579
 20
-0.164871
 11
2.97899
 21
-0.159927
  0
LINE
  8
0
 10
2.97899
 20
-0.159927
 11
2.9724
 21
-0.154709
  0
LINE
  8
0
 10
2.9724
 20
-0.154709
 11
2.96603
 21
-0.1492
  0
LINE
  8
0
 10
2.96603
 20
-0.1492
 11
2.9599
 21
-0.143448
  0
LINE
  8
0
 10
2.9599
 20
-0.143448
 11
2.95403
 21
-0.137436
  0
LINE
  8
0
 10
2.95403
 20
-0.137436
 11
2.94839
 21
-0.131195
  0
LINE
  8
0
 10
2.94839
 20
-0.131195
 11
2.94302
 21
-0.12471
  0
LINE
  8
0
 10
2.94302
 20
-0.12471
 11
2.93794
 21
-0.118011
  0
LINE
  8
0
 10
2.93794
 20
-0.118011
 11
2.93315
 21
-0.111115
  0
LINE
  8
0
 10
2.93315
 20
-0.111115
 11
2.92863
 21
-0.104004
  0
LINE
  8
0
 10
2.92863
 20
-0.104004
 11
2.92444
 21
-0.0967255
  0
LINE
  8
0
 10
2.92444
 20
-0.0967255
 11
2.92053
 21
-0.0892639
  0
LINE
  8
0
 10
2.92053
 20
-0.0892639
 11
2.91696
 21
-0.081665
  0
LINE
  8
0
 10
2.91696
 20
-0.081665
 11
2.9137
 21
-0.0739136
  0
LINE
  8
0
 10
2.9137
 20
-0.0739136
 11
2.91077
 21
-0.0660248
  0
LINE
  8
0
 10
2.91077
 20
-0.0660248
 11
2.90817
 21
-0.0580292
  0
LINE
  8
0
 10
2.90817
 20
-0.0580292
 11
2.9059
 21
-0.0499268
  0
LINE
  8
0
 10
2.9059
 20
-0.0499268
 11
2.90399
 21
-0.0417328
  0
LINE
  8
0
 10
2.90399
 20
-0.0417328
 11
2.9024
 21
-0.0334778
  0
LINE
  8
0
 10
2.9024
 20
-0.0334778
 11
2.90118
 21
-0.0251617
  0
LINE
  8
0
 10
2.90118
 20
-0.0251617
 11
2.9003
 21
-0.0167999
  0
LINE
  8
0
 10
2.9003
 20
-0.0167999
 11
2.89978
 21
-0.00840759
  0
LINE
  8
0
 10
2.89978
 20
-0.00840759
 11
2.8996
 21
0
  0
LINE
  8
0
 10
2.8996
 20
0
 11
2.89978
 21
0.00840759
  0
LINE
  8
0
 10
2.89978
 20
0.00840759
 11
2.9003
 21
0.0167999
  0
LINE
  8
0
 10
2.9003
 20
0.0167999
 11
2.90118
 21
0.0251617
  0
LINE
  8
0
 10
2.90118
 20
0.0251617
 11
2.9024
 21
0.0334778
  0
LINE
  8
0
 10
2.9024
 20
0.0334778
 11
2.90399
 21
0.0417328
  0
LINE
  8
0
 10
2.90399
 20
0.0417328
 11
2.9059
 21
0.0499268
  0
LINE
  8
0
 10
2.9059
 20
0.0499268
 11
2.90817
 21
0.0580292
  0
LINE
  8
0
 10
2.90817
 20
0.0580292
 11
2.91077
 21
0.0660248
  0
LINE
  8
0
 10
2.91077
 20
0.0660248
 11
2.9137
 21
0.0739136
  0
LINE
  8
0
 10
2.9137
 20
0.0739136
 11
2.91696
 21
0.081665
  0
LINE
  8
0
 10
2.91696
 20
0.081665
 11
2.92053
 21
0.0892639
  0
LINE
  8
0
 10
2.92053
 20
0.0892639
 11
2.92444
 21
0.0967255
  0
LINE
  8
0
 10
2.92444
 20
0.0967255
 11
2.92863
 21
0.104004
  0
LINE
  8
0
 10
2.92863
 20
0.104004
 11
2.93315
 21
0.111115
  0
LINE
  8
0
 10
2.93315
 20
0.111115
 11
2.93794
 21
0.118011
  0
LINE
  8
0
 10
2.93794
 20
0.118011
 11
2.94302
 21
0.12471
  0
LINE
  8
0
 10
2.94302
 20
0.12471
 11
2.94839
 21
0.131195
  0
LINE
  8
0
 10
2.94839
 20
0.131195
 11
2.95403
 21
0.137436
  0
LINE
  8
0
 10
2.95403
 20
0.137436
 11
2.9599
 21
0.143448
  0
LINE
  8
0
 10
2.9599
 20
0.143448
 11
2.96603
 21
0.1492
  0
LINE
  8
0
 10
2.96603
 20
0.1492
 11
2.9724
 21
0.154709
  0
LINE
  8
0
 10
2.9724
 20
0.154709
 11
2.97899
 21
0.159927
  0
LINE
  8
0
 10
2.97899
 20
0.159927
 11
2.98579
 21
0.164871
  0
LINE
  8
0
 10
2.98579
 20
0.164871
 11
2.9928
 21
0.169525
  0
LINE
  8
0
 10
2.9928
 20
0.169525
 11
2.99998
 21
0.173874
  0
LINE
  8
0
 10
2.99998
 20
0.173874
 11
3.00735
 21
0.177933
  0
LINE
  8
0
 10
3.00735
 20
0.177933
 11
3.01489
 21
0.181671
  0
LINE
  8
0
 10
3.01489
 20
0.181671
 11
3.02258
 21
0.185089
  0
LINE
  8
0
 10
3.02258
 20
0.185089
 11
3.0304
 21
0.188187
  0
LINE
  8
0
 10
3.0304
 20
0.188187
 11
3.03835
 21
0.190948
  0
LINE
  8
0
 10
3.03835
 20
0.190948
 11
3.04639
 21
0.19339
  0
LINE
  8
0
 10
3.04639
 20
0.19339
 11
3.05453
 21
0.19548
  0
LINE
  8
0
 10
3.05453
 20
0.19548
 11
3.06276
 21
0.19722
  0
LINE
  8
0
 10
3.06276
 20
0.19722
 11
3.07106
 21
0.198624
  0
LINE
  8
0
 10
3.07106
 20
0.198624
 11
3.07939
 21
0.199677
  0
LINE
  8
0
 10
3.07939
 20
0.199677
 11
3.08778
 21
0.200378
  0
LINE
  8
0
 10
3.08778
 20
0.200378
 11
3.09618
 21
0.200729
  0
LINE
  8
0
 10
3.09618
 20
0.200729
 11
3.10458
 21
0.200729
  0
LINE
  8
0
 10
3.10458
 20
0.200729
 11
3.11299
 21
0.200378
  0
LINE
  8
0
 10
3.11299
 20
0.200378
 11
3.12137
 21
0.199677
  0
LINE
  8
0
 10
3.12137
 20
0.199677
 11
3.12971
 21
0.198624
  0
LINE
  8
0
 10
3.12971
 20
0.198624
 11
3.13802
 21
0.19722
  0
LINE
  8
0
 10
3.13802
 20
0.19722
 11
3.14624
 21
0.19548
  0
LINE
  8
0
 10
3.14624
 20
0.19548
 11
3.15439
 21
0.19339
  0
LINE
  8
0
 10
3.15439
 20
0.19339
 11
3.16243
 21
0.190948
  0
LINE
  8
0
 10
3.16243
 20
0.190948
 11
3.17038
 21
0.188187
  0
LINE
  8
0
 10
3.17038
 20
0.188187
 11
3.17819
 21
0.185089
  0
LINE
  8
0
 10
3.17819
 20
0.185089
 11
3.18588
 21
0.181671
  0
LINE
  8
0
 10
3.18588
 20
0.181671
 11
3.19341
 21
0.177933
  0
LINE
  8
0
 10
3.19341
 20
0.177933
 11
3.20078
 21
0.173874
  0
LINE
  8
0
 10
3.20078
 20
0.173874
 11
3.20798
 21
0.169525
  0
LINE
  8
0
 10
3.20798
 20
0.169525
 11
3.21498
 21
0.164871
  0
LINE
  8
0
 10
3.21498
 20
0.164871
 11
3.22179
 21
0.159927
  0
LINE
  8
0
 10
3.22179
 20
0.159927
 11
3.22838
 21
0.154709
  0
LINE
  8
0
 10
3.22838
 20
0.154709
 11
3.23474
 21
0.1492
  0
LINE
  8
0
 10
3.23474
 20
0.1492
 11
3.24088
 21
0.143448
  0
LINE
  8
0
 10
3.24088
 20
0.143448
 11
3.24675
 21
0.137436
  0
LINE
  8
0
 10
3.24675
 20
0.137436
 11
3.25238
 21
0.131195
  0
LINE
  8
0
 10
3.25238
 20
0.131195
 11
3.25774
 21
0.12471
  0
LINE
  8
0
 10
3.25774
 20
0.12471
 11
3.26283
 21
0.118011
  0
LINE
  8
0
 10
3.26283
 20
0.118011
 11
3.26762
 21
0.111115
  0
LINE
  8
0
 10
3.26762
 20
0.111115
 11
3.27213
 21
0.104004
  0
LINE
  8
0
 10
3.27213
 20
0.104004
 11
3.27634
 21
0.0967255
  0
LINE
  8
0
 10
3.27634
 20
0.0967255
 11
3.28023
 21
0.0892639
  0
LINE
  8
0
 10
3.28023
 20
0.0892639
 11
3.28381
 21
0.081665
  0
LINE
  8
0
 10
3.28381
 20
0.081665
 11
3.28708
 21
0.0739136
  0
LINE
  8
0
 10
3.28708
 20
0.0739136
 11
3.29001
 21
0.0660248
  0
LINE
  8
0
 10
3.29001
 20
0.0660248
 11
3.2926
 21
0.0580292
  0
LINE
  8
0
 10
3.2926
 20
0.0580292
 11
3.29486
 21
0.0499268
  0
LINE
  8
0
 10
3.29486
 20
0.0499268
 11
3.29678
 21
0.0417328
  0
LINE
  8
0
 10
3.29678
 20
0.0417328
 11
3.29836
 21
0.0334778
  0
LINE
  8
0
 10
3.29836
 20
0.0334778
 11
3.29959
 21
0.0251617
  0
LINE
  8
0
 10
3.29959
 20
0.0251617
 11
3.30048
 21
0.0167999
  0
LINE
  8
0
 10
3.30048
 20
0.0167999
 11
3.30099
 21
0.00840759
  0
LINE
  8
0
 10
3.30099
 20
0.00840759
 11
3.30118
 21
0
  0
LINE
  8
0
 10
3.30118
 20
0
 11
3.30099
 21
-0.00840759
  0
LINE
  8
0
 10
3.30099
 20
-0.00840759
 11
3.30048
 21
-0.0167999
  0
LINE
  8
0
 10
3.30048
 20
-0.0167999
 11
3.29959
 21
-0.0251617
  0
LINE
  8
0
 10
3.29959
 20
-0.0251617
 11
3.29836
 21
-0.0334778
  0
LINE
  8
0
 10
3.29836
 20
-0.0334778
 11
3.29678
 21
-0.0417328
  0
LINE
  8
0
 10
3.29678
 20
-0.0417328
 11
3.29486
 21
-0.0499268
  0
LINE
  8
0
 10
3.29486
 20
-0.0499268
 11
3.2926
 21
-0.0580292
  0
LINE
  8
0
 10
3.2926
 20
-0.0580292
 11
3.29001
 21
-0.0660248
  0
LINE
  8
0
 10
3.29001
 20
-0.0660248
 11
3.28708
 21
-0.0739136
  0
LINE
  8
0
 10
3.28708
 20
-0.0739136
 11
3.28381
 21
-0.081665
  0
LINE
  8
0
 10
3.28381
 20
-0.081665
 11
3.28023
 21
-0.0892639
  0
LINE
  8
0
 10
3.28023
 20
-0.0892639
 11
3.27634
 21
-0.0967255
  0
LINE
  8
0
 10
3.27634
 20
-0.0967255
 11
3.27213
 21
-0.104004
  0
LINE
  8
0
 10
3.27213
 20
-0.104004
 11
3.26762
 21
-0.111115
  0
LINE
  8
0
 10
3.26762
 20
-0.111115
 11
3.26283
 21
-0.118011
  0
LINE
  8
0
 10
3.26283
 20
-0.118011
 11
3.25774
 21
-0.12471
  0
LINE
  8
0
 10
3.25774
 20
-0.12471
 11
3.25238
 21
-0.131195
  0
LINE
  8
0
 10
3.25238
 20
-0.131195
 11
3.24675
 21
-0.137436
  0
LINE
  8
0
 10
3.24675
 20
-0.137436
 11
3.24088
 21
-0.143448
  0
LINE
  8
0
 10
3.24088
 20
-0.143448
 11
3.23474
 21
-0.1492
  0
LINE
  8
0
 10
3.23474
 20
-0.1492
 11
3.22838
 21
-0.154709
  0
LINE
  8
0
 10
3.22838
 20
-0.154709
 11
3.22179
 21
-0.159927
  0
LINE
  8
0
 10
3.22179
 20
-0.159927
 11
3.21498
 21
-0.164871
  0
LINE
  8
0
 10
3.21498
 20
-0.164871
 11
3.20798
 21
-0.169525
  0
LINE
  8
0
 10
3.20798
 20
-0.169525
 11
3.20078
 21
-0.173874
  0
LINE
  8
0
 10
3.20078
 20
-0.173874
 11
3.19341
 21
-0.177933
  0
LINE
  8
0
 10
3.19341
 20
-0.177933
 11
3.18588
 21
-0.181671
  0
LINE
  8
0
 10
3.18588
 20
-0.181671
 11
3.17819
 21
-0.185089
  0
LINE
  8
0
 10
3.17819
 20
-0.185089
 11
3.17038
 21
-0.188187
  0
LINE
  8
0
 10
3.17038
 20
-0.188187
 11
3.16243
 21
-0.190948
  0
LINE
  8
0
 10
3.16243
 20
-0.190948
 11
3.15439
 21
-0.19339
  0
LINE
  8
0
 10
3.15439
 20
-0.19339
 11
3.14624
 21
-0.19548
  0
LINE
  8
0
 10
3.14624
 20
-0.19548
 11
3.13802
 21
-0.19722
  0
LINE
  8
0
 10
3.13802
 20
-0.19722
 11
3.12971
 21
-0.198624
  0
LINE
  8
0
 10
3.12971
 20
-0.198624
 11
3.12137
 21
-0.199677
  0
LINE
  8
0
 10
3.12137
 20
-0.199677
 11
3.11299
 21
-0.200378
  0
LINE
  8
0
 10
3.11299
 20
-0.200378
 11
3.10458
 21
-0.200729
  0
LINE
  8
0
 10
3.10458
 20
-0.200729
 11
3.09618
 21
-0.200729
  0
LINE
  8
0
 10
7.71484
 20
-0.0806885
 11
7.71147
 21
-0.0805359
  0
LINE
  8
0
 10
7.71147
 20
-0.0805359
 11
7.7081
 21
-0.0802612
  0
LINE
  8
0
 10
7.7081
 20
-0.0802612
 11
7.70474
 21
-0.079834
  0
LINE
  8
0
 10
7.70474
 20
-0.079834
 11
7.70142
 21
-0.0792694
  0
LINE
  8
0
 10
7.70142
 20
-0.0792694
 11
7.6981
 21
-0.0785675
  0
LINE
  8
0
 10
7.6981
 20
-0.0785675
 11
7.69482
 21
-0.0777283
  0
LINE
  8
0
 10
7.69482
 20
-0.0777283
 11
7.69159
 21
-0.0767517
  0
LINE
  8
0
 10
7.69159
 20
-0.0767517
 11
7.6884
 21
-0.0756378
  0
LINE
  8
0
 10
7.6884
 20
-0.0756378
 11
7.68526
 21
-0.0744019
  0
LINE
  8
0
 10
7.68526
 20
-0.0744019
 11
7.68217
 21
-0.0730133
  0
LINE
  8
0
 10
7.68217
 20
-0.0730133
 11
7.67914
 21
-0.0715179
  0
LINE
  8
0
 10
7.67914
 20
-0.0715179
 11
7.67618
 21
-0.0698853
  0
LINE
  8
0
 10
7.67618
 20
-0.0698853
 11
7.67328
 21
-0.0681305
  0
LINE
  8
0
 10
7.67328
 20
-0.0681305
 11
7.67047
 21
-0.0662689
  0
LINE
  8
0
 10
7.67047
 20
-0.0662689
 11
7.66774
 21
-0.0642853
  0
LINE
  8
0
 10
7.66774
 20
-0.0642853
 11
7.66508
 21
-0.0621796
  0
LINE
  8
0
 10
7.66508
 20
-0.0621796
 11
7.66252
 21
-0.059967
  0
LINE
  8
0
 10
7.66252
 20
-0.059967
 11
7.66006
 21
-0.057663
  0
LINE
  8
0
 10
7.66006
 20
-0.057663
 11
7.6577
 21
-0.0552368
  0
LINE
  8
0
 10
7.6577
 20
-0.0552368
 11
7.65544
 21
-0.0527344
  0
LINE
  8
0
 10
7.65544
 20
-0.0527344
 11
7.65327
 21
-0.0501251
  0
LINE
  8
0
 10
7.65327
 20
-0.0501251
 11
7.65123
 21
-0.0474243
  0
LINE
  8
0
 10
7.65123
 20
-0.0474243
 11
7.64931
 21
-0.0446625
  0
LINE
  8
0
 10
7.64931
 20
-0.0446625
 11
7.64749
 21
-0.0418091
  0
LINE
  8
0
 10
7.64749
 20
-0.0418091
 11
7.64581
 21
-0.0388794
  0
LINE
  8
0
 10
7.64581
 20
-0.0388794
 11
7.64424
 21
-0.0358734
  0
LINE
  8
0
 10
7.64424
 20
-0.0358734
 11
7.64281
 21
-0.0328217
  0
LINE
  8
0
 10
7.64281
 20
-0.0328217
 11
7.64149
 21
-0.0297089
  0
LINE
  8
0
 10
7.64149
 20
-0.0297089
 11
7.64032
 21
-0.026535
  0
LINE
  8
0
 10
7.64032
 20
-0.026535
 11
7.63927
 21
-0.0233154
  0
LINE
  8
0
 10
7.63927
 20
-0.0233154
 11
7.63835
 21
-0.0200653
  0
LINE
  8
0
 10
7.63835
 20
-0.0200653
 11
7.63759
 21
-0.0167694
  0
LINE
  8
0
 10
7.63759
 20
-0.0167694
 11
7.63695
 21
-0.0134583
  0
LINE
  8
0
 10
7.63695
 20
-0.0134583
 11
7.63646
 21
-0.0101013
  0
LINE
  8
0
 10
7.63646
 20
-0.0101013
 11
7.63611
 21
-0.00674438
  0
LINE
  8
0
 10
7.63611
 20
-0.00674438
 11
7.63589
 21
-0.00337219
  0
LINE
  8
0
 10
7.63589
 20
-0.00337219
 11
7.63582
 21
0
  0
LINE
  8
0
 10
7.63582
 20
0
 11
7.63589
 21
0.00337219
  0
LINE
  8
0
 10
7.63589
 20
0.00337219
 11
7.63611
 21
0.00674438
  0
LINE
  8
0
 10
7.63611
 20
0.00674438
 11
7.63646
 21
0.0101013
  0
LINE
  8
0
 10
7.63646
 20
0.0101013
 11
7.63695
 21
0.0134583
  0
LINE
  8
0
 10
7.63695
 20
0.0134583
 11
7.63759
 21
0.0167694
  0
LINE
  8
0
 10
7.63759
 20
0.0167694
 11
7.63835
 21
0.0200653
  0
LINE
  8
0
 10
7.63835
 20
0.0200653
 11
7.63927
 21
0.0233154
  0
LINE
  8
0
 10
7.63927
 20
0.0233154
 11
7.64032
 21
0.026535
  0
LINE
  8
0
 10
7.64032
 20
0.026535
 11
7.64149
 21
0.0297089
  0
LINE
  8
0
 10
7.64149
 20
0.0297089
 11
7.64281
 21
0.0328217
  0
LINE
  8
0
 10
7.64281
 20
0.0328217
 11
7.64424
 21
0.0358734
  0
LINE
  8
0
 10
7.64424
 20
0.0358734
 11
7.64581
 21
0.0388794
  0
LINE
  8
0
 10
7.64581
 20
0.0388794
 11
7.64749
 21
0.0418091
  0
LINE
  8
0
 10
7.64749
 20
0.0418091
 11
7.64931
 21
0.0446625
  0
LINE
  8
0
 10
7.64931
 20
0.0446625
 11
7.65123
 21
0.0474243
  0
LINE
  8
0
 10
7.65123
 20
0.0474243
 11
7.65327
 21
0.0501251
  0
LINE
  8
0
 10
7.65327
 20
0.0501251
 11
7.65544
 21
0.0527344
  0
LINE
  8
0
 10
7.65544
 20
0.0527344
 11
7.6577
 21
0.0552368
  0
LINE
  8
0
 10
7.6577
 20
0.0552368
 11
7.66006
 21
0.057663
  0
LINE
  8
0
 10
7.66006
 20
0.057663
 11
7.66252
 21
0.059967
  0
LINE
  8
0
 10
7.66252
 20
0.059967
 11
7.66508
 21
0.0621796
  0
LINE
  8
0
 10
7.66508
 20
0.0621796
 11
7.66774
 21
0.0642853
  0
LINE
  8
0
 10
7.66774
 20
0.0642853
 11
7.67047
 21
0.0662689
  0
LINE
  8
0
 10
7.67047
 20
0.0662689
 11
7.67328
 21
0.0681305
  0
LINE
  8
0
 10
7.67328
 20
0.0681305
 11
7.67618
 21
0.0698853
  0
LINE
  8
0
 10
7.67618
 20
0.0698853
 11
7.67914
 21
0.0715179
  0
LINE
  8
0
 10
7.67914
 20
0.0715179
 11
7.68217
 21
0.0730133
  0
LINE
  8
0
 10
7.68217
 20
0.0730133
 11
7.68526
 21
0.0744019
  0
LINE
  8
0
 10
7.68526
 20
0.0744019
 11
7.6884
 21
0.0756378
  0
LINE
  8
0
 10
7.6884
 20
0.0756378
 11
7.69159
 21
0.0767517
  0
LINE
  8
0
 10
7.69159
 20
0.0767517
 11
7.69482
 21
0.0777283
  0
LINE
  8
0
 10
7.69482
 20
0.0777283
 11
7.6981
 21
0.0785675
  0
LINE
  8
0
 10
7.6981
 20
0.0785675
 11
7.70142
 21
0.0792694
  0
LINE
  8
0
 10
7.70142
 20
0.0792694
 11
7.70474
 21
0.079834
  0
LINE
  8
0
 10
7.70474
 20
0.079834
 11
7.7081
 21
0.0802612
  0
LINE
  8
0
 10
7.7081
 20
0.0802612
 11
7.71147
 21
0.0805359
  0
LINE
  8
0
 10
7.71147
 20
0.0805359
 11
7.71484
 21
0.0806885
  0
LINE
  8
0
 10
7.71484
 20
0.0806885
 11
7.71822
 21
0.0806885
  0
LINE
  8
0
 10
7.71822
 20
0.0806885
 11
7.7216
 21
0.0805359
  0
LINE
  8
0
 10
7.7216
 20
0.0805359
 11
7.72498
 21
0.0802612
  0
LINE
  8
0
 10
7.72498
 20
0.0802612
 11
7.72832
 21
0.079834
  0
LINE
  8
0
 10
7.72832
 20
0.079834
 11
7.73166
 21
0.0792694
  0
LINE
  8
0
 10
7.73166
 20
0.0792694
 11
7.73495
 21
0.0785675
  0
LINE
  8
0
 10
7.73495
 20
0.0785675
 11
7.73824
 21
0.0777283
  0
LINE
  8
0
 10
7.73824
 20
0.0777283
 11
7.74147
 21
0.0767517
  0
LINE
  8
0
 10
7.74147
 20
0.0767517
 11
7.74466
 21
0.0756378
  0
LINE
  8
0
 10
7.74466
 20
0.0756378
 11
7.7478
 21
0.0744019
  0
LINE
  8
0
 10
7.7478
 20
0.0744019
 11
7.7509
 21
0.0730133
  0
LINE
  8
0
 10
7.7509
 20
0.0730133
 11
7.75392
 21
0.0715179
  0
LINE
  8
0
 10
7.75392
 20
0.0715179
 11
7.75688
 21
0.0698853
  0
LINE
  8
0
 10
7.75688
 20
0.0698853
 11
7.75978
 21
0.0681305
  0
LINE
  8
0
 10
7.75978
 20
0.0681305
 11
7.76259
 21
0.0662689
  0
LINE
  8
0
 10
7.76259
 20
0.0662689
 11
7.76534
 21
0.0642853
  0
LINE
  8
0
 10
7.76534
 20
0.0642853
 11
7.76797
 21
0.0621796
  0
LINE
  8
0
 10
7.76797
 20
0.0621796
 11
7.77054
 21
0.059967
  0
LINE
  8
0
 10
7.77054
 20
0.059967
 11
7.77299
 21
0.057663
  0
LINE
  8
0
 10
7.77299
 20
0.057663
 11
7.77536
 21
0.0552368
  0
LINE
  8
0
 10
7.77536
 20
0.0552368
 11
7.77763
 21
0.0527344
  0
LINE
  8
0
 10
7.77763
 20
0.0527344
 11
7.77979
 21
0.0501251
  0
LINE
  8
0
 10
7.77979
 20
0.0501251
 11
7.78183
 21
0.0474243
  0
LINE
  8
0
 10
7.78183
 20
0.0474243
 11
7.78375
 21
0.0446625
  0
LINE
  8
0
 10
7.78375
 20
0.0446625
 11
7.78557
 21
0.0418091
  0
LINE
  8
0
 10
7.78557
 20
0.0418091
 11
7.78726
 21
0.0388794
  0
LINE
  8
0
 10
7.78726
 20
0.0388794
 11
7.78882
 21
0.0358734
  0
LINE
  8
0
 10
7.78882
 20
0.0358734
 11
7.79027
 21
0.0328217
  0
LINE
  8
0
 10
7.79027
 20
0.0328217
 11
7.79158
 21
0.0297089
  0
LINE
  8
0
 10
7.79158
 20
0.0297089
 11
7.79276
 21
0.026535
  0
LINE
  8
0
 10
7.79276
 20
0.026535
 11
7.79379
 21
0.0233154
  0
LINE
  8
0
 10
7.79379
 20
0.0233154
 11
7.79471
 21
0.0200653
  0
LINE
  8
0
 10
7.79471
 20
0.0200653
 11
7.79547
 21
0.0167694
  0
LINE
  8
0
 10
7.79547
 20
0.0167694
 11
7.79611
 21
0.0134583
  0
LINE
  8
0
 10
7.79611
 20
0.0134583
 11
7.7966
 21
0.0101013
  0
LINE
  8
0
 10
7.7966
 20
0.0101013
 11
7.79695
 21
0.00674438
  0
LINE
  8
0
 10
7.79695
 20
0.00674438
 11
7.79716
 21
0.00337219
  0
LINE
  8
0
 10
7.79716
 20
0.00337219
 11
7.79724
 21
0
  0
LINE
  8
0
 10
7.79724
 20
0
 11
7.79716
 21
-0.00337219
  0
LINE
  8
0
 10
7.79716
 20
-0.00337219
 11
7.79695
 21
-0.00674438
  0
LINE
  8
0
 10
7.79695
 20
-0.00674438
 11
7.7966
 21
-0.0101013
  0
LINE
  8
0
 10
7.7966
 20
-0.0101013
 11
7.79611
 21
-0.0134583
  0
LINE
  8
0
 10
7.79611
 20
-0.0134583
 11
7.79547
 21
-0.0167694
  0
LINE
  8
0
 10
7.79547
 20
-0.0167694
 11
7.79471
 21
-0.0200653
  0
LINE
  8
0
 10
7.79471
 20
-0.0200653
 11
7.79379
 21
-0.0233154
  0
LINE
  8
0
 10
7.79379
 20
-0.0233154
 11
7.79276
 21
-0.026535
  0
LINE
  8
0
 10
7.79276
 20
-0.026535
 11
7.79158
 21
-0.0297089
  0
LINE
  8
0
 10
7.79158
 20
-0.0297089
 11
7.79027
 21
-0.0328217
  0
LINE
  8
0
 10
7.79027
 20
-0.0328217
 11
7.78882
 21
-0.0358734
  0
LINE
  8
0
 10
7.78882
 20
-0.0358734
 11
7.78726
 21
-0.0388794
  0
LINE
  8
0
 10
7.78726
 20
-0.0388794
 11
7.78557
 21
-0.0418091
  0
LINE
  8
0
 10
7.78557
 20
-0.0418091
 11
7.78375
 21
-0.0446625
  0
LINE
  8
0
 10
7.78375
 20
-0.0446625
 11
7.78183
 21
-0.0474243
  0
LINE
  8
0
 10
7.78183
 20
-0.0474243
 11
7.77979
 21
-0.0501251
  0
LINE
  8
0
 10
7.77979
 20
-0.0501251
 11
7.77763
 21
-0.0527344
  0
LINE
  8
0
 10
7.77763
 20
-0.0527344
 11
7.77536
 21
-0.0552368
  0
LINE
  8
0
 10
7.77536
 20
-0.0552368
 11
7.77299
 21
-0.057663
  0
LINE
  8
0
 10
7.77299
 20
-0.057663
 11
7.77054
 21
-0.059967
  0
LINE
  8
0
 10
7.77054
 20
-0.059967
 11
7.76797
 21
-0.0621796
  0
LINE
  8
0
 10
7.76797
 20
-0.0621796
 11
7.76534
 21
-0.0642853
  0
LINE
  8
0
 10
7.76534
 20
-0.0642853
 11
7.76259
 21
-0.0662689
  0
LINE
  8
0
 10
7.76259
 20
-0.0662689
 11
7.75978
 21
-0.0681305
  0
LINE
  8
0
 10
7.75978
 20
-0.0681305
 11
7.75688
 21
-0.0698853
  0
LINE
  8
0
 10
7.75688
 20
-0.0698853
 11
7.75392
 21
-0.0715179
  0
LINE
  8
0
 10
7.75392
 20
-0.0715179
 11
7.7509
 21
-0.0730133
  0
LINE
  8
0
 10
7.7509
 20
-0.0730133
 11
7.7478
 21
-0.0744019
  0
LINE
  8
0
 10
7.7478
 20
-0.0744019
 11
7.74466
 21
-0.0756378
  0
LINE
  8
0
 10
7.74466
 20
-0.0756378
 11
7.74147
 21
-0.0767517
  0
LINE
  8
0
 10
7.74147
 20
-0.0767517
 11
7.73824
 21
-0.0777283
  0
LINE
  8
0
 10
7.73824
 20
-0.0777283
 11
7.73495
 21
-0.0785675
  0
LINE
  8
0
 10
7.73495
 20
-0.0785675
 11
7.73166
 21
-0.0792694
  0
LINE
  8
0
 10
7.73166
 20
-0.0792694
 11
7.72832
 21
-0.079834
  0
LINE
  8
0
 10
7.72832
 20
-0.079834
 11
7.72498
 21
-0.0802612
  0
LINE
  8
0
 10
7.72498
 20
-0.0802612
 11
7.7216
 21
-0.0805359
  0
LINE
  8
0
 10
7.7216
 20
-0.0805359
 11
7.71822
 21
-0.0806885
  0
LINE
  8
0
 10
7.71822
 20
-0.0806885
 11
7.71484
 21
-0.0806885
  0
LINE
  8
0
 10
6.455
 20
-0.0806885
 11
6.45161
 21
-0.0805359
  0
LINE
  8
0
 10
6.45161
 20
-0.0805359
 11
6.44826
 21
-0.0802612
  0
LINE
  8
0
 10
6.44826
 20
-0.0802612
 11
6.4449
 21
-0.079834
  0
LINE
  8
0
 10
6.4449
 20
-0.079834
 11
6.44156
 21
-0.0792694
  0
LINE
  8
0
 10
6.44156
 20
-0.0792694
 11
6.43826
 21
-0.0785675
  0
LINE
  8
0
 10
6.43826
 20
-0.0785675
 11
6.43498
 21
-0.0777283
  0
LINE
  8
0
 10
6.43498
 20
-0.0777283
 11
6.43175
 21
-0.0767517
  0
LINE
  8
0
 10
6.43175
 20
-0.0767517
 11
6.42856
 21
-0.0756378
  0
LINE
  8
0
 10
6.42856
 20
-0.0756378
 11
6.42542
 21
-0.0744019
  0
LINE
  8
0
 10
6.42542
 20
-0.0744019
 11
6.42232
 21
-0.0730133
  0
LINE
  8
0
 10
6.42232
 20
-0.0730133
 11
6.4193
 21
-0.0715179
  0
LINE
  8
0
 10
6.4193
 20
-0.0715179
 11
6.41634
 21
-0.0698853
  0
LINE
  8
0
 10
6.41634
 20
-0.0698853
 11
6.41344
 21
-0.0681305
  0
LINE
  8
0
 10
6.41344
 20
-0.0681305
 11
6.41063
 21
-0.0662689
  0
LINE
  8
0
 10
6.41063
 20
-0.0662689
 11
6.4079
 21
-0.0642853
  0
LINE
  8
0
 10
6.4079
 20
-0.0642853
 11
6.40524
 21
-0.0621796
  0
LINE
  8
0
 10
6.40524
 20
-0.0621796
 11
6.40268
 21
-0.059967
  0
LINE
  8
0
 10
6.40268
 20
-0.059967
 11
6.40022
 21
-0.057663
  0
LINE
  8
0
 10
6.40022
 20
-0.057663
 11
6.39786
 21
-0.0552368
  0
LINE
  8
0
 10
6.39786
 20
-0.0552368
 11
6.3956
 21
-0.0527344
  0
LINE
  8
0
 10
6.3956
 20
-0.0527344
 11
6.39343
 21
-0.0501251
  0
LINE
  8
0
 10
6.39343
 20
-0.0501251
 11
6.39139
 21
-0.0474243
  0
LINE
  8
0
 10
6.39139
 20
-0.0474243
 11
6.38947
 21
-0.0446625
  0
LINE
  8
0
 10
6.38947
 20
-0.0446625
 11
6.38765
 21
-0.0418091
  0
LINE
  8
0
 10
6.38765
 20
-0.0418091
 11
6.38597
 21
-0.0388794
  0
LINE
  8
0
 10
6.38597
 20
-0.0388794
 11
6.3844
 21
-0.0358734
  0
LINE
  8
0
 10
6.3844
 20
-0.0358734
 11
6.38297
 21
-0.0328217
  0
LINE
  8
0
 10
6.38297
 20
-0.0328217
 11
6.38165
 21
-0.0297089
  0
LINE
  8
0
 10
6.38165
 20
-0.0297089
 11
6.38046
 21
-0.026535
  0
LINE
  8
0
 10
6.38046
 20
-0.026535
 11
6.37943
 21
-0.0233154
  0
LINE
  8
0
 10
6.37943
 20
-0.0233154
 11
6.37851
 21
-0.0200653
  0
LINE
  8
0
 10
6.37851
 20
-0.0200653
 11
6.37775
 21
-0.0167694
  0
LINE
  8
0
 10
6.37775
 20
-0.0167694
 11
6.37711
 21
-0.0134583
  0
LINE
  8
0
 10
6.37711
 20
-0.0134583
 11
6.37662
 21
-0.0101013
  0
LINE
  8
0
 10
6.37662
 20
-0.0101013
 11
6.37627
 21
-0.00674438
  0
LINE
  8
0
 10
6.37627
 20
-0.00674438
 11
6.37605
 21
-0.00337219
  0
LINE
  8
0
 10
6.37605
 20
-0.00337219
 11
6.37598
 21
0
  0
LINE
  8
0
 10
6.37598
 20
0
 11
6.37605
 21
0.00337219
  0
LINE
  8
0
 10
6.37605
 20
0.00337219
 11
6.37627
 21
0.00674438
  0
LINE
  8
0
 10
6.37627
 20
0.00674438
 11
6.37662
 21
0.0101013
  0
LINE
  8
0
 10
6.37662
 20
0.0101013
 11
6.37711
 21
0.0134583
  0
LINE
  8
0
 10
6.37711
 20
0.0134583
 11
6.37775
 21
0.0167694
  0
LINE
  8
0
 10
6.37775
 20
0.0167694
 11
6.37851
 21
0.0200653
  0
LINE
  8
0
 10
6.37851
 20
0.0200653
 11
6.37943
 21
0.0233154
  0
LINE
  8
0
 10
6.37943
 20
0.0233154
 11
6.38046
 21
0.026535
  0
LINE
  8
0
 10
6.38046
 20
0.026535
 11
6.38165
 21
0.0297089
  0
LINE
  8
0
 10
6.38165
 20
0.0297089
 11
6.38297
 21
0.0328217
  0
LINE
  8
0
 10
6.38297
 20
0.0328217
 11
6.3844
 21
0.0358734
  0
LINE
  8
0
 10
6.3844
 20
0.0358734
 11
6.38597
 21
0.0388794
  0
LINE
  8
0
 10
6.38597
 20
0.0388794
 11
6.38765
 21
0.0418091
  0
LINE
  8
0
 10
6.38765
 20
0.0418091
 11
6.38947
 21
0.0446625
  0
LINE
  8
0
 10
6.38947
 20
0.0446625
 11
6.39139
 21
0.0474243
  0
LINE
  8
0
 10
6.39139
 20
0.0474243
 11
6.39343
 21
0.0501251
  0
LINE
  8
0
 10
6.39343
 20
0.0501251
 11
6.3956
 21
0.0527344
  0
LINE
  8
0
 10
6.3956
 20
0.0527344
 11
6.39786
 21
0.0552368
  0
LINE
  8
0
 10
6.39786
 20
0.0552368
 11
6.40022
 21
0.057663
  0
LINE
  8
0
 10
6.40022
 20
0.057663
 11
6.40268
 21
0.059967
  0
LINE
  8
0
 10
6.40268
 20
0.059967
 11
6.40524
 21
0.0621796
  0
LINE
  8
0
 10
6.40524
 20
0.0621796
 11
6.4079
 21
0.0642853
  0
LINE
  8
0
 10
6.4079
 20
0.0642853
 11
6.41063
 21
0.0662689
  0
LINE
  8
0
 10
6.41063
 20
0.0662689
 11
6.41344
 21
0.0681305
  0
LINE
  8
0
 10
6.41344
 20
0.0681305
 11
6.41634
 21
0.0698853
  0
LINE
  8
0
 10
6.41634
 20
0.0698853
 11
6.4193
 21
0.0715179
  0
LINE
  8
0
 10
6.4193
 20
0.0715179
 11
6.42232
 21
0.0730133
  0
LINE
  8
0
 10
6.42232
 20
0.0730133
 11
6.42542
 21
0.0744019
  0
LINE
  8
0
 10
6.42542
 20
0.0744019
 11
6.42856
 21
0.0756378
  0
LINE
  8
0
 10
6.42856
 20
0.0756378
 11
6.43175
 21
0.0767517
  0
LINE
  8
0
 10
6.43175
 20
0.0767517
 11
6.43498
 21
0.0777283
  0
LINE
  8
0
 10
6.43498
 20
0.0777283
 11
6.43826
 21
0.0785675
  0
LINE
  8
0
 10
6.43826
 20
0.0785675
 11
6.44156
 21
0.0792694
  0
LINE
  8
0
 10
6.44156
 20
0.0792694
 11
6.4449
 21
0.079834
  0
LINE
  8
0
 10
6.4449
 20
0.079834
 11
6.44826
 21
0.0802612
  0
LINE
  8
0
 10
6.44826
 20
0.0802612
 11
6.45161
 21
0.0805359
  0
LINE
  8
0
 10
6.45161
 20
0.0805359
 11
6.455
 21
0.0806885
  0
LINE
  8
0
 10
6.455
 20
0.0806885
 11
6.45837
 21
0.0806885
  0
LINE
  8
0
 10
6.45837
 20
0.0806885
 11
6.46176
 21
0.0805359
  0
LINE
  8
0
 10
6.46176
 20
0.0805359
 11
6.46512
 21
0.0802612
  0
LINE
  8
0
 10
6.46512
 20
0.0802612
 11
6.46848
 21
0.079834
  0
LINE
  8
0
 10
6.46848
 20
0.079834
 11
6.47182
 21
0.0792694
  0
LINE
  8
0
 10
6.47182
 20
0.0792694
 11
6.47511
 21
0.0785675
  0
LINE
  8
0
 10
6.47511
 20
0.0785675
 11
6.47839
 21
0.0777283
  0
LINE
  8
0
 10
6.47839
 20
0.0777283
 11
6.48163
 21
0.0767517
  0
LINE
  8
0
 10
6.48163
 20
0.0767517
 11
6.48482
 21
0.0756378
  0
LINE
  8
0
 10
6.48482
 20
0.0756378
 11
6.48796
 21
0.0744019
  0
LINE
  8
0
 10
6.48796
 20
0.0744019
 11
6.49106
 21
0.0730133
  0
LINE
  8
0
 10
6.49106
 20
0.0730133
 11
6.49408
 21
0.0715179
  0
LINE
  8
0
 10
6.49408
 20
0.0715179
 11
6.49704
 21
0.0698853
  0
LINE
  8
0
 10
6.49704
 20
0.0698853
 11
6.49994
 21
0.0681305
  0
LINE
  8
0
 10
6.49994
 20
0.0681305
 11
6.50275
 21
0.0662689
  0
LINE
  8
0
 10
6.50275
 20
0.0662689
 11
6.50549
 21
0.0642853
  0
LINE
  8
0
 10
6.50549
 20
0.0642853
 11
6.50813
 21
0.0621796
  0
LINE
  8
0
 10
6.50813
 20
0.0621796
 11
6.5107
 21
0.059967
  0
LINE
  8
0
 10
6.5107
 20
0.059967
 11
6.51315
 21
0.057663
  0
LINE
  8
0
 10
6.51315
 20
0.057663
 11
6.51552
 21
0.0552368
  0
LINE
  8
0
 10
6.51552
 20
0.0552368
 11
6.51779
 21
0.0527344
  0
LINE
  8
0
 10
6.51779
 20
0.0527344
 11
6.51994
 21
0.0501251
  0
LINE
  8
0
 10
6.51994
 20
0.0501251
 11
6.52199
 21
0.0474243
  0
LINE
  8
0
 10
6.52199
 20
0.0474243
 11
6.52391
 21
0.0446625
  0
LINE
  8
0
 10
6.52391
 20
0.0446625
 11
6.52573
 21
0.0418091
  0
LINE
  8
0
 10
6.52573
 20
0.0418091
 11
6.52742
 21
0.0388794
  0
LINE
  8
0
 10
6.52742
 20
0.0388794
 11
6.52898
 21
0.0358734
  0
LINE
  8
0
 10
6.52898
 20
0.0358734
 11
6.53043
 21
0.0328217
  0
LINE
  8
0
 10
6.53043
 20
0.0328217
 11
6.53172
 21
0.0297089
  0
LINE
  8
0
 10
6.53172
 20
0.0297089
 11
6.53291
 21
0.026535
  0
LINE
  8
0
 10
6.53291
 20
0.026535
 11
6.53395
 21
0.0233154
  0
LINE
  8
0
 10
6.53395
 20
0.0233154
 11
6.53487
 21
0.0200653
  0
LINE
  8
0
 10
6.53487
 20
0.0200653
 11
6.53563
 21
0.0167694
  0
LINE
  8
0
 10
6.53563
 20
0.0167694
 11
6.53627
 21
0.0134583
  0
LINE
  8
0
 10
6.53627
 20
0.0134583
 11
6.53676
 21
0.0101013
  0
LINE
  8
0
 10
6.53676
 20
0.0101013
 11
6.53711
 21
0.00674438
  0
LINE
  8
0
 10
6.53711
 20
0.00674438
 11
6.53732
 21
0.00337219
  0
LINE
  8
0
 10
6.53732
 20
0.00337219
 11
6.5374
 21
0
  0
LINE
  8
0
 10
6.5374
 20
0
 11
6.53732
 21
-0.00337219
  0
LINE
  8
0
 10
6.53732
 20
-0.00337219
 11
6.53711
 21
-0.00674438
  0
LINE
  8
0
 10
6.53711
 20
-0.00674438
 11
6.53676
 21
-0.0101013
  0
LINE
  8
0
 10
6.53676
 20
-0.0101013
 11
6.53627
 21
-0.0134583
  0
LINE
  8
0
 10
6.53627
 20
-0.0134583
 11
6.53563
 21
-0.0167694
  0
LINE
  8
0
 10
6.53563
 20
-0.0167694
 11
6.53487
 21
-0.0200653
  0
LINE
  8
0
 10
6.53487
 20
-0.0200653
 11
6.53395
 21
-0.0233154
  0
LINE
  8
0
 10
6.53395
 20
-0.0233154
 11
6.53291
 21
-0.026535
  0
LINE
  8
0
 10
6.53291
 20
-0.026535
 11
6.53172
 21
-0.0297089
  0
LINE
  8
0
 10
6.53172
 20
-0.0297089
 11
6.53043
 21
-0.0328217
  0
LINE
  8
0
 10
6.53043
 20
-0.0328217
 11
6.52898
 21
-0.0358734
  0
LINE
  8
0
 10
6.52898
 20
-0.0358734
 11
6.52742
 21
-0.0388794
  0
LINE
  8
0
 10
6.52742
 20
-0.0388794
 11
6.52573
 21
-0.0418091
  0
LINE
  8
0
 10
6.52573
 20
-0.0418091
 11
6.52391
 21
-0.0446625
  0
LINE
  8
0
 10
6.52391
 20
-0.0446625
 11
6.52199
 21
-0.0474243
  0
LINE
  8
0
 10
6.52199
 20
-0.0474243
 11
6.51994
 21
-0.0501251
  0
LINE
  8
0
 10
6.51994
 20
-0.0501251
 11
6.51779
 21
-0.0527344
  0
LINE
  8
0
 10
6.51779
 20
-0.0527344
 11
6.51552
 21
-0.0552368
  0
LINE
  8
0
 10
6.51552
 20
-0.0552368
 11
6.51315
 21
-0.057663
  0
LINE
  8
0
 10
6.51315
 20
-0.057663
 11
6.5107
 21
-0.059967
  0
LINE
  8
0
 10
6.5107
 20
-0.059967
 11
6.50813
 21
-0.0621796
  0
LINE
  8
0
 10
6.50813
 20
-0.0621796
 11
6.50549
 21
-0.0642853
  0
LINE
  8
0
 10
6.50549
 20
-0.0642853
 11
6.50275
 21
-0.0662689
  0
LINE
  8
0
 10
6.50275
 20
-0.0662689
 11
6.49994
 21
-0.0681305
  0
LINE
  8
0
 10
6.49994
 20
-0.0681305
 11
6.49704
 21
-0.0698853
  0
LINE
  8
0
 10
6.49704
 20
-0.0698853
 11
6.49408
 21
-0.0715179
  0
LINE
  8
0
 10
6.49408
 20
-0.0715179
 11
6.49106
 21
-0.0730133
  0
LINE
  8
0
 10
6.49106
 20
-0.0730133
 11
6.48796
 21
-0.0744019
  0
LINE
  8
0
 10
6.48796
 20
-0.0744019
 11
6.48482
 21
-0.0756378
  0
LINE
  8
0
 10
6.48482
 20
-0.0756378
 11
6.48163
 21
-0.0767517
  0
LINE
  8
0
 10
6.48163
 20
-0.0767517
 11
6.47839
 21
-0.0777283
  0
LINE
  8
0
 10
6.47839
 20
-0.0777283
 11
6.47511
 21
-0.0785675
  0
LINE
  8
0
 10
6.47511
 20
-0.0785675
 11
6.47182
 21
-0.0792694
  0
LINE
  8
0
 10
6.47182
 20
-0.0792694
 11
6.46848
 21
-0.079834
  0
LINE
  8
0
 10
6.46848
 20
-0.079834
 11
6.46512
 21
-0.0802612
  0
LINE
  8
0
 10
6.46512
 20
-0.0802612
 11
6.46176
 21
-0.0805359
  0
LINE
  8
0
 10
6.46176
 20
-0.0805359
 11
6.45837
 21
-0.0806885
  0
LINE
  8
0
 10
6.45837
 20
-0.0806885
 11
6.455
 21
-0.0806885
  0
LINE
  8
0
 10
-6.45837
 20
-0.0806885
 11
-6.46176
 21
-0.0805359
  0
LINE
  8
0
 10
-6.46176
 20
-0.0805359
 11
-6.46512
 21
-0.0802612
  0
LINE
  8
0
 10
-6.46512
 20
-0.0802612
 11
-6.46848
 21
-0.079834
  0
LINE
  8
0
 10
-6.46848
 20
-0.079834
 11
-6.47182
 21
-0.0792694
  0
LINE
  8
0
 10
-6.47182
 20
-0.0792694
 11
-6.47511
 21
-0.0785675
  0
LINE
  8
0
 10
-6.47511
 20
-0.0785675
 11
-6.47839
 21
-0.0777283
  0
LINE
  8
0
 10
-6.47839
 20
-0.0777283
 11
-6.48163
 21
-0.0767517
  0
LINE
  8
0
 10
-6.48163
 20
-0.0767517
 11
-6.48482
 21
-0.0756378
  0
LINE
  8
0
 10
-6.48482
 20
-0.0756378
 11
-6.48796
 21
-0.0744019
  0
LINE
  8
0
 10
-6.48796
 20
-0.0744019
 11
-6.49106
 21
-0.0730133
  0
LINE
  8
0
 10
-6.49106
 20
-0.0730133
 11
-6.49408
 21
-0.0715179
  0
LINE
  8
0
 10
-6.49408
 20
-0.0715179
 11
-6.49704
 21
-0.0698853
  0
LINE
  8
0
 10
-6.49704
 20
-0.0698853
 11
-6.49994
 21
-0.0681305
  0
LINE
  8
0
 10
-6.49994
 20
-0.0681305
 11
-6.50275
 21
-0.0662689
  0
LINE
  8
0
 10
-6.50275
 20
-0.0662689
 11
-6.50549
 21
-0.0642853
  0
LINE
  8
0
 10
-6.50549
 20
-0.0642853
 11
-6.50813
 21
-0.0621796
  0
LINE
  8
0
 10
-6.50813
 20
-0.0621796
 11
-6.5107
 21
-0.059967
  0
LINE
  8
0
 10
-6.5107
 20
-0.059967
 11
-6.51315
 21
-0.057663
  0
LINE
  8
0
 10
-6.51315
 20
-0.057663
 11
-6.51552
 21
-0.0552368
  0
LINE
  8
0
 10
-6.51552
 20
-0.0552368
 11
-6.51779
 21
-0.0527344
  0
LINE
  8
0
 10
-6.51779
 20
-0.0527344
 11
-6.51994
 21
-0.0501251
  0
LINE
  8
0
 10
-6.51994
 20
-0.0501251
 11
-6.52199
 21
-0.0474243
  0
LINE
  8
0
 10
-6.52199
 20
-0.0474243
 11
-6.52391
 21
-0.0446625
  0
LINE
  8
0
 10
-6.52391
 20
-0.0446625
 11
-6.52573
 21
-0.0418091
  0
LINE
  8
0
 10
-6.52573
 20
-0.0418091
 11
-6.52742
 21
-0.0388794
  0
LINE
  8
0
 10
-6.52742
 20
-0.0388794
 11
-6.52898
 21
-0.0358734
  0
LINE
  8
0
 10
-6.52898
 20
-0.0358734
 11
-6.53043
 21
-0.0328217
  0
LINE
  8
0
 10
-6.53043
 20
-0.0328217
 11
-6.53172
 21
-0.0297089
  0
LINE
  8
0
 10
-6.53172
 20
-0.0297089
 11
-6.53291
 21
-0.026535
  0
LINE
  8
0
 10
-6.53291
 20
-0.026535
 11
-6.53395
 21
-0.0233154
  0
LINE
  8
0
 10
-6.53395
 20
-0.0233154
 11
-6.53487
 21
-0.0200653
  0
LINE
  8
0
 10
-6.53487
 20
-0.0200653
 11
-6.53563
 21
-0.0167694
  0
LINE
  8
0
 10
-6.53563
 20
-0.0167694
 11
-6.53627
 21
-0.0134583
  0
LINE
  8
0
 10
-6.53627
 20
-0.0134583
 11
-6.53676
 21
-0.0101013
  0
LINE
  8
0
 10
-6.53676
 20
-0.0101013
 11
-6.53711
 21
-0.00674438
  0
LINE
  8
0
 10
-6.53711
 20
-0.00674438
 11
-6.53732
 21
-0.00337219
  0
LINE
  8
0
 10
-6.53732
 20
-0.00337219
 11
-6.5374
 21
0
  0
LINE
  8
0
 10
-6.5374
 20
0
 11
-6.53732
 21
0.00337219
  0
LINE
  8
0
 10
-6.53732
 20
0.00337219
 11
-6.53711
 21
0.00674438
  0
LINE
  8
0
 10
-6.53711
 20
0.00674438
 11
-6.53676
 21
0.0101013
  0
LINE
  8
0
 10
-6.53676
 20
0.0101013
 11
-6.53627
 21
0.0134583
  0
LINE
  8
0
 10
-6.53627
 20
0.0134583
 11
-6.53563
 21
0.0167694
  0
LINE
  8
0
 10
-6.53563
 20
0.0167694
 11
-6.53487
 21
0.0200653
  0
LINE
  8
0
 10
-6.53487
 20
0.0200653
 11
-6.53395
 21
0.0233154
  0
LINE
  8
0
 10
-6.53395
 20
0.0233154
 11
-6.53291
 21
0.026535
  0
LINE
  8
0
 10
-6.53291
 20
0.026535
 11
-6.53172
 21
0.0297089
  0
LINE
  8
0
 10
-6.53172
 20
0.0297089
 11
-6.53043
 21
0.0328217
  0
LINE
  8
0
 10
-6.53043
 20
0.0328217
 11
-6.52898
 21
0.0358734
  0
LINE
  8
0
 10
-6.52898
 20
0.0358734
 11
-6.52742
 21
0.0388794
  0
LINE
  8
0
 10
-6.52742
 20
0.0388794
 11
-6.52573
 21
0.0418091
  0
LINE
  8
0
 10
-6.52573
 20
0.0418091
 11
-6.52391
 21
0.0446625
  0
LINE
  8
0
 10
-6.52391
 20
0.0446625
 11
-6.52199
 21
0.0474243
  0
LINE
  8
0
 10
-6.52199
 20
0.0474243
 11
-6.51994
 21
0.0501251
  0
LINE
  8
0
 10
-6.51994
 20
0.0501251
 11
-6.51779
 21
0.0527344
  0
LINE
  8
0
 10
-6.51779
 20
0.0527344
 11
-6.51552
 21
0.0552368
  0
LINE
  8
0
 10
-6.51552
 20
0.0552368
 11
-6.51315
 21
0.057663
  0
LINE
  8
0
 10
-6.51315
 20
0.057663
 11
-6.5107
 21
0.059967
  0
LINE
  8
0
 10
-6.5107
 20
0.059967
 11
-6.50813
 21
0.0621796
  0
LINE
  8
0
 10
-6.50813
 20
0.0621796
 11
-6.50549
 21
0.0642853
  0
LINE
  8
0
 10
-6.50549
 20
0.0642853
 11
-6.50275
 21
0.0662689
  0
LINE
  8
0
 10
-6.50275
 20
0.0662689
 11
-6.49994
 21
0.0681305
  0
LINE
  8
0
 10
-6.49994
 20
0.0681305
 11
-6.49704
 21
0.0698853
  0
LINE
  8
0
 10
-6.49704
 20
0.0698853
 11
-6.49408
 21
0.0715179
  0
LINE
  8
0
 10
-6.49408
 20
0.0715179
 11
-6.49106
 21
0.0730133
  0
LINE
  8
0
 10
-6.49106
 20
0.0730133
 11
-6.48796
 21
0.0744019
  0
LINE
  8
0
 10
-6.48796
 20
0.0744019
 11
-6.48482
 21
0.0756378
  0
LINE
  8
0
 10
-6.48482
 20
0.0756378
 11
-6.48163
 21
0.0767517
  0
LINE
  8
0
 10
-6.48163
 20
0.0767517
 11
-6.47839
 21
0.0777283
  0
LINE
  8
0
 10
-6.47839
 20
0.0777283
 11
-6.47511
 21
0.0785675
  0
LINE
  8
0
 10
-6.47511
 20
0.0785675
 11
-6.47182
 21
0.0792694
  0
LINE
  8
0
 10
-6.47182
 20
0.0792694
 11
-6.46848
 21
0.079834
  0
LINE
  8
0
 10
-6.46848
 20
0.079834
 11
-6.46512
 21
0.0802612
  0
LINE
  8
0
 10
-6.46512
 20
0.0802612
 11
-6.46176
 21
0.0805359
  0
LINE
  8
0
 10
-6.46176
 20
0.0805359
 11
-6.45837
 21
0.0806885
  0
LINE
  8
0
 10
-6.45837
 20
0.0806885
 11
-6.455
 21
0.0806885
  0
LINE
  8
0
 10
-6.455
 20
0.0806885
 11
-6.45161
 21
0.0805359
  0
LINE
  8
0
 10
-6.45161
 20
0.0805359
 11
-6.44826
 21
0.0802612
  0
LINE
  8
0
 10
-6.44826
 20
0.0802612
 11
-6.4449
 21
0.079834
  0
LINE
  8
0
 10
-6.4449
 20
0.079834
 11
-6.44156
 21
0.0792694
  0
LINE
  8
0
 10
-6.44156
 20
0.0792694
 11
-6.43826
 21
0.0785675
  0
LINE
  8
0
 10
-6.43826
 20
0.0785675
 11
-6.43498
 21
0.0777283
  0
LINE
  8
0
 10
-6.43498
 20
0.0777283
 11
-6.43175
 21
0.0767517
  0
LINE
  8
0
 10
-6.43175
 20
0.0767517
 11
-6.42856
 21
0.0756378
  0
LINE
  8
0
 10
-6.42856
 20
0.0756378
 11
-6.42542
 21
0.0744019
  0
LINE
  8
0
 10
-6.42542
 20
0.0744019
 11
-6.42232
 21
0.0730133
  0
LINE
  8
0
 10
-6.42232
 20
0.0730133
 11
-6.4193
 21
0.0715179
  0
LINE
  8
0
 10
-6.4193
 20
0.0715179
 11
-6.41634
 21
0.0698853
  0
LINE
  8
0
 10
-6.41634
 20
0.0698853
 11
-6.41344
 21
0.0681305
  0
LINE
  8
0
 10
-6.41344
 20
0.0681305
 11
-6.41063
 21
0.0662689
  0
LINE
  8
0
 10
-6.41063
 20
0.0662689
 11
-6.4079
 21
0.0642853
  0
LINE
  8
0
 10
-6.4079
 20
0.0642853
 11
-6.40524
 21
0.0621796
  0
LINE
  8
0
 10
-6.40524
 20
0.0621796
 11
-6.40268
 21
0.059967
  0
LINE
  8
0
 10
-6.40268
 20
0.059967
 11
-6.40022
 21
0.057663
  0
LINE
  8
0
 10
-6.40022
 20
0.057663
 11
-6.39786
 21
0.0552368
  0
LINE
  8
0
 10
-6.39786
 20
0.0552368
 11
-6.3956
 21
0.0527344
  0
LINE
  8
0
 10
-6.3956
 20
0.0527344
 11
-6.39343
 21
0.0501251
  0
LINE
  8
0
 10
-6.39343
 20
0.0501251
 11
-6.39139
 21
0.0474243
  0
LINE
  8
0
 10
-6.39139
 20
0.0474243
 11
-6.38947
 21
0.0446625
  0
LINE
  8
0
 10
-6.38947
 20
0.0446625
 11
-6.38765
 21
0.0418091
  0
LINE
  8
0
 10
-6.38765
 20
0.0418091
 11
-6.38597
 21
0.0388794
  0
LINE
  8
0
 10
-6.38597
 20
0.0388794
 11
-6.3844
 21
0.0358734
  0
LINE
  8
0
 10
-6.3844
 20
0.0358734
 11
-6.38297
 21
0.0328217
  0
LINE
  8
0
 10
-6.38297
 20
0.0328217
 11
-6.38165
 21
0.0297089
  0
LINE
  8
0
 10
-6.38165
 20
0.0297089
 11
-6.38046
 21
0.026535
  0
LINE
  8
0
 10
-6.38046
 20
0.026535
 11
-6.37943
 21
0.0233154
  0
LINE
  8
0
 10
-6.37943
 20
0.0233154
 11
-6.37851
 21
0.0200653
  0
LINE
  8
0
 10
-6.37851
 20
0.0200653
 11
-6.37775
 21
0.0167694
  0
LINE
  8
0
 10
-6.37775
 20
0.0167694
 11
-6.37711
 21
0.0134583
  0
LINE
  8
0
 10
-6.37711
 20
0.0134583
 11
-6.37662
 21
0.0101013
  0
LINE
  8
0
 10
-6.37662
 20
0.0101013
 11
-6.37627
 21
0.00674438
  0
LINE
  8
0
 10
-6.37627
 20
0.00674438
 11
-6.37605
 21
0.00337219
  0
LINE
  8
0
 10
-6.37605
 20
0.00337219
 11
-6.37598
 21
0
  0
LINE
  8
0
 10
-6.37598
 20
0
 11
-6.37605
 21
-0.00337219
  0
LINE
  8
0
 10
-6.37605
 20
-0.00337219
 11
-6.37627
 21
-0.00674438
  0
LINE
  8
0
 10
-6.37627
 20
-0.00674438
 11
-6.37662
 21
-0.0101013
  0
LINE
  8
0
 10
-6.37662
 20
-0.0101013
 11
-6.37711
 21
-0.0134583
  0
LINE
  8
0
 10
-6.37711
 20
-0.0134583
 11
-6.37775
 21
-0.0167694
  0
LINE
  8
0
 10
-6.37775
 20
-0.0167694
 11
-6.37851
 21
-0.0200653
  0
LINE
  8
0
 10
-6.37851
 20
-0.0200653
 11
-6.37943
 21
-0.0233154
  0
LINE
  8
0
 10
-6.37943
 20
-0.0233154
 11
-6.38046
 21
-0.026535
  0
LINE
  8
0
 10
-6.38046
 20
-0.026535
 11
-6.38165
 21
-0.0297089
  0
LINE
  8
0
 10
-6.38165
 20
-0.0297089
 11
-6.38297
 21
-0.0328217
  0
LINE
  8
0
 10
-6.38297
 20
-0.0328217
 11
-6.3844
 21
-0.0358734
  0
LINE
  8
0
 10
-6.3844
 20
-0.0358734
 11
-6.38597
 21
-0.0388794
  0
LINE
  8
0
 10
-6.38597
 20
-0.0388794
 11
-6.38765
 21
-0.0418091
  0
LINE
  8
0
 10
-6.38765
 20
-0.0418091
 11
-6.38947
 21
-0.0446625
  0
LINE
  8
0
 10
-6.38947
 20
-0.0446625
 11
-6.39139
 21
-0.0474243
  0
LINE
  8
0
 10
-6.39139
 20
-0.0474243
 11
-6.39343
 21
-0.0501251
  0
LINE
  8
0
 10
-6.39343
 20
-0.0501251
 11
-6.3956
 21
-0.0527344
  0
LINE
  8
0
 10
-6.3956
 20
-0.0527344
 11
-6.39786
 21
-0.0552368
  0
LINE
  8
0
 10
-6.39786
 20
-0.0552368
 11
-6.40022
 21
-0.057663
  0
LINE
  8
0
 10
-6.40022
 20
-0.057663
 11
-6.40268
 21
-0.059967
  0
LINE
  8
0
 10
-6.40268
 20
-0.059967
 11
-6.40524
 21
-0.0621796
  0
LINE
  8
0
 10
-6.40524
 20
-0.0621796
 11
-6.4079
 21
-0.0642853
  0
LINE
  8
0
 10
-6.4079
 20
-0.0642853
 11
-6.41063
 21
-0.0662689
  0
LINE
  8
0
 10
-6.41063
 20
-0.0662689
 11
-6.41344
 21
-0.0681305
  0
LINE
  8
0
 10
-6.41344
 20
-0.0681305
 11
-6.41634
 21
-0.0698853
  0
LINE
  8
0
 10
-6.41634
 20
-0.0698853
 11
-6.4193
 21
-0.0715179
  0
LINE
  8
0
 10
-6.4193
 20
-0.0715179
 11
-6.42232
 21
-0.0730133
  0
LINE
  8
0
 10
-6.42232
 20
-0.0730133
 11
-6.42542
 21
-0.0744019
  0
LINE
  8
0
 10
-6.42542
 20
-0.0744019
 11
-6.42856
 21
-0.0756378
  0
LINE
  8
0
 10
-6.42856
 20
-0.0756378
 11
-6.43175
 21
-0.0767517
  0
LINE
  8
0
 10
-6.43175
 20
-0.0767517
 11
-6.43498
 21
-0.0777283
  0
LINE
  8
0
 10
-6.43498
 20
-0.0777283
 11
-6.43826
 21
-0.0785675
  0
LINE
  8
0
 10
-6.43826
 20
-0.0785675
 11
-6.44156
 21
-0.0792694
  0
LINE
  8
0
 10
-6.44156
 20
-0.0792694
 11
-6.4449
 21
-0.079834
  0
LINE
  8
0
 10
-6.4449
 20
-0.079834
 11
-6.44826
 21
-0.0802612
  0
LINE
  8
0
 10
-6.44826
 20
-0.0802612
 11
-6.45161
 21
-0.0805359
  0
LINE
  8
0
 10
-6.45161
 20
-0.0805359
 11
-6.455
 21
-0.0806885
  0
LINE
  8
0
 10
-6.455
 20
-0.0806885
 11
-6.45837
 21
-0.0806885
  0
LINE
  8
0
 10
-7.71822
 20
-0.0806885
 11
-7.7216
 21
-0.0805359
  0
LINE
  8
0
 10
-7.7216
 20
-0.0805359
 11
-7.72498
 21
-0.0802612
  0
LINE
  8
0
 10
-7.72498
 20
-0.0802612
 11
-7.72832
 21
-0.079834
  0
LINE
  8
0
 10
-7.72832
 20
-0.079834
 11
-7.73166
 21
-0.0792694
  0
LINE
  8
0
 10
-7.73166
 20
-0.0792694
 11
-7.73495
 21
-0.0785675
  0
LINE
  8
0
 10
-7.73495
 20
-0.0785675
 11
-7.73824
 21
-0.0777283
  0
LINE
  8
0
 10
-7.73824
 20
-0.0777283
 11
-7.74147
 21
-0.0767517
  0
LINE
  8
0
 10
-7.74147
 20
-0.0767517
 11
-7.74466
 21
-0.0756378
  0
LINE
  8
0
 10
-7.74466
 20
-0.0756378
 11
-7.7478
 21
-0.0744019
  0
LINE
  8
0
 10
-7.7478
 20
-0.0744019
 11
-7.7509
 21
-0.0730133
  0
LINE
  8
0
 10
-7.7509
 20
-0.0730133
 11
-7.75392
 21
-0.0715179
  0
LINE
  8
0
 10
-7.75392
 20
-0.0715179
 11
-7.75688
 21
-0.0698853
  0
LINE
  8
0
 10
-7.75688
 20
-0.0698853
 11
-7.75978
 21
-0.0681305
  0
LINE
  8
0
 10
-7.75978
 20
-0.0681305
 11
-7.76259
 21
-0.0662689
  0
LINE
  8
0
 10
-7.76259
 20
-0.0662689
 11
-7.76534
 21
-0.0642853
  0
LINE
  8
0
 10
-7.76534
 20
-0.0642853
 11
-7.76797
 21
-0.0621796
  0
LINE
  8
0
 10
-7.76797
 20
-0.0621796
 11
-7.77054
 21
-0.059967
  0
LINE
  8
0
 10
-7.77054
 20
-0.059967
 11
-7.77299
 21
-0.057663
  0
LINE
  8
0
 10
-7.77299
 20
-0.057663
 11
-7.77536
 21
-0.0552368
  0
LINE
  8
0
 10
-7.77536
 20
-0.0552368
 11
-7.77763
 21
-0.0527344
  0
LINE
  8
0
 10
-7.77763
 20
-0.0527344
 11
-7.77979
 21
-0.0501251
  0
LINE
  8
0
 10
-7.77979
 20
-0.0501251
 11
-7.78183
 21
-0.0474243
  0
LINE
  8
0
 10
-7.78183
 20
-0.0474243
 11
-7.78375
 21
-0.0446625
  0
LINE
  8
0
 10
-7.78375
 20
-0.0446625
 11
-7.78557
 21
-0.0418091
  0
LINE
  8
0
 10
-7.78557
 20
-0.0418091
 11
-7.78726
 21
-0.0388794
  0
LINE
  8
0
 10
-7.78726
 20
-0.0388794
 11
-7.78882
 21
-0.0358734
  0
LINE
  8
0
 10
-7.78882
 20
-0.0358734
 11
-7.79027
 21
-0.0328217
  0
LINE
  8
0
 10
-7.79027
 20
-0.0328217
 11
-7.79158
 21
-0.0297089
  0
LINE
  8
0
 10
-7.79158
 20
-0.0297089
 11
-7.79276
 21
-0.026535
  0
LINE
  8
0
 10
-7.79276
 20
-0.026535
 11
-7.79379
 21
-0.0233154
  0
LINE
  8
0
 10
-7.79379
 20
-0.0233154
 11
-7.79471
 21
-0.0200653
  0
LINE
  8
0
 10
-7.79471
 20
-0.0200653
 11
-7.79547
 21
-0.0167694
  0
LINE
  8
0
 10
-7.79547
 20
-0.0167694
 11
-7.79611
 21
-0.0134583
  0
LINE
  8
0
 10
-7.79611
 20
-0.0134583
 11
-7.7966
 21
-0.0101013
  0
LINE
  8
0
 10
-7.7966
 20
-0.0101013
 11
-7.79695
 21
-0.00674438
  0
LINE
  8
0
 10
-7.79695
 20
-0.00674438
 11
-7.79716
 21
-0.00337219
  0
LINE
  8
0
 10
-7.79716
 20
-0.00337219
 11
-7.79724
 21
0
  0
LINE
  8
0
 10
-7.79724
 20
0
 11
-7.79716
 21
0.00337219
  0
LINE
  8
0
 10
-7.79716
 20
0.00337219
 11
-7.79695
 21
0.00674438
  0
LINE
  8
0
 10
-7.79695
 20
0.00674438
 11
-7.7966
 21
0.0101013
  0
LINE
  8
0
 10
-7.7966
 20
0.0101013
 11
-7.79611
 21
0.0134583
  0
LINE
  8
0
 10
-7.79611
 20
0.0134583
 11
-7.79547
 21
0.0167694
  0
LINE
  8
0
 10
-7.79547
 20
0.0167694
 11
-7.79471
 21
0.0200653
  0
LINE
  8
0
 10
-7.79471
 20
0.0200653
 11
-7.79379
 21
0.0233154
  0
LINE
  8
0
 10
-7.79379
 20
0.0233154
 11
-7.79276
 21
0.026535
  0
LINE
  8
0
 10
-7.79276
 20
0.026535
 11
-7.79158
 21
0.0297089
  0
LINE
  8
0
 10
-7.79158
 20
0.0297089
 11
-7.79027
 21
0.0328217
  0
LINE
  8
0
 10
-7.79027
 20
0.0328217
 11
-7.78882
 21
0.0358734
  0
LINE
  8
0
 10
-7.78882
 20
0.0358734
 11
-7.78726
 21
0.0388794
  0
LINE
  8
0
 10
-7.78726
 20
0.0388794
 11
-7.78557
 21
0.0418091
  0
LINE
  8
0
 10
-7.78557
 20
0.0418091
 11
-7.78375
 21
0.0446625
  0
LINE
  8
0
 10
-7.78375
 20
0.0446625
 11
-7.78183
 21
0.0474243
  0
LINE
  8
0
 10
-7.78183
 20
0.0474243
 11
-7.77979
 21
0.0501251
  0
LINE
  8
0
 10
-7.77979
 20
0.0501251
 11
-7.77763
 21
0.0527344
  0
LINE
  8
0
 10
-7.77763
 20
0.0527344
 11
-7.77536
 21
0.0552368
  0
LINE
  8
0
 10
-7.77536
 20
0.0552368
 11
-7.77299
 21
0.057663
  0
LINE
  8
0
 10
-7.77299
 20
0.057663
 11
-7.77054
 21
0.059967
  0
LINE
  8
0
 10
-7.77054
 20
0.059967
 11
-7.76797
 21
0.0621796
  0
LINE
  8
0
 10
-7.76797
 20
0.0621796
 11
-7.76534
 21
0.0642853
  0
LINE
  8
0
 10
-7.76534
 20
0.0642853
 11
-7.76259
 21
0.0662689
  0
LINE
  8
0
 10
-7.76259
 20
0.0662689
 11
-7.75978
 21
0.0681305
  0
LINE
  8
0
 10
-7.75978
 20
0.0681305
 11
-7.75688
 21
0.0698853
  0
LINE
  8
0
 10
-7.75688
 20
0.0698853
 11
-7.75392
 21
0.0715179
  0
LINE
  8
0
 10
-7.75392
 20
0.0715179
 11
-7.7509
 21
0.0730133
  0
LINE
  8
0
 10
-7.7509
 20
0.0730133
 11
-7.7478
 21
0.0744019
  0
LINE
  8
0
 10
-7.7478
 20
0.0744019
 11
-7.74466
 21
0.0756378
  0
LINE
  8
0
 10
-7.74466
 20
0.0756378
 11
-7.74147
 21
0.0767517
  0
LINE
  8
0
 10
-7.74147
 20
0.0767517
 11
-7.73824
 21
0.0777283
  0
LINE
  8
0
 10
-7.73824
 20
0.0777283
 11
-7.73495
 21
0.0785675
  0
LINE
  8
0
 10
-7.73495
 20
0.0785675
 11
-7.73166
 21
0.0792694
  0
LINE
  8
0
 10
-7.73166
 20
0.0792694
 11
-7.72832
 21
0.079834
  0
LINE
  8
0
 10
-7.72832
 20
0.079834
 11
-7.72498
 21
0.0802612
  0
LINE
  8
0
 10
-7.72498
 20
0.0802612
 11
-7.7216
 21
0.0805359
  0
LINE
  8
0
 10
-7.7216
 20
0.0805359
 11
-7.71822
 21
0.0806885
  0
LINE
  8
0
 10
-7.71822
 20
0.0806885
 11
-7.71484
 21
0.0806885
  0
LINE
  8
0
 10
-7.71484
 20
0.0806885
 11
-7.71147
 21
0.0805359
  0
LINE
  8
0
 10
-7.71147
 20
0.0805359
 11
-7.7081
 21
0.0802612
  0
LINE
  8
0
 10
-7.7081
 20
0.0802612
 11
-7.70474
 21
0.079834
  0
LINE
  8
0
 10
-7.70474
 20
0.079834
 11
-7.70142
 21
0.0792694
  0
LINE
  8
0
 10
-7.70142
 20
0.0792694
 11
-7.6981
 21
0.0785675
  0
LINE
  8
0
 10
-7.6981
 20
0.0785675
 11
-7.69482
 21
0.0777283
  0
LINE
  8
0
 10
-7.69482
 20
0.0777283
 11
-7.69159
 21
0.0767517
  0
LINE
  8
0
 10
-7.69159
 20
0.0767517
 11
-7.6884
 21
0.0756378
  0
LINE
  8
0
 10
-7.6884
 20
0.0756378
 11
-7.68526
 21
0.0744019
  0
LINE
  8
0
 10
-7.68526
 20
0.0744019
 11
-7.68217
 21
0.0730133
  0
LINE
  8
0
 10
-7.68217
 20
0.0730133
 11
-7.67914
 21
0.0715179
  0
LINE
  8
0
 10
-7.67914
 20
0.0715179
 11
-7.67618
 21
0.0698853
  0
LINE
  8
0
 10
-7.67618
 20
0.0698853
 11
-7.67328
 21
0.0681305
  0
LINE
  8
0
 10
-7.67328
 20
0.0681305
 11
-7.67047
 21
0.0662689
  0
LINE
  8
0
 10
-7.67047
 20
0.0662689
 11
-7.66774
 21
0.0642853
  0
LINE
  8
0
 10
-7.66774
 20
0.0642853
 11
-7.66508
 21
0.0621796
  0
LINE
  8
0
 10
-7.66508
 20
0.0621796
 11
-7.66252
 21
0.059967
  0
LINE
  8
0
 10
-7.66252
 20
0.059967
 11
-7.66006
 21
0.057663
  0
LINE
  8
0
 10
-7.66006
 20
0.057663
 11
-7.6577
 21
0.0552368
  0
LINE
  8
0
 10
-7.6577
 20
0.0552368
 11
-7.65544
 21
0.0527344
  0
LINE
  8
0
 10
-7.65544
 20
0.0527344
 11
-7.65327
 21
0.0501251
  0
LINE
  8
0
 10
-7.65327
 20
0.0501251
 11
-7.65123
 21
0.0474243
  0
LINE
  8
0
 10
-7.65123
 20
0.0474243
 11
-7.64931
 21
0.0446625
  0
LINE
  8
0
 10
-7.64931
 20
0.0446625
 11
-7.64749
 21
0.0418091
  0
LINE
  8
0
 10
-7.64749
 20
0.0418091
 11
-7.64581
 21
0.0388794
  0
LINE
  8
0
 10
-7.64581
 20
0.0388794
 11
-7.64424
 21
0.0358734
  0
LINE
  8
0
 10
-7.64424
 20
0.0358734
 11
-7.64281
 21
0.0328217
  0
LINE
  8
0
 10
-7.64281
 20
0.0328217
 11
-7.64149
 21
0.0297089
  0
LINE
  8
0
 10
-7.64149
 20
0.0297089
 11
-7.64032
 21
0.026535
  0
LINE
  8
0
 10
-7.64032
 20
0.026535
 11
-7.63927
 21
0.0233154
  0
LINE
  8
0
 10
-7.63927
 20
0.0233154
 11
-7.63835
 21
0.0200653
  0
LINE
  8
0
 10
-7.63835
 20
0.0200653
 11
-7.63759
 21
0.0167694
  0
LINE
  8
0
 10
-7.63759
 20
0.0167694
 11
-7.63695
 21
0.0134583
  0
LINE
  8
0
 10
-7.63695
 20
0.0134583
 11
-7.63646
 21
0.0101013
  0
LINE
  8
0
 10
-7.63646
 20
0.0101013
 11
-7.63611
 21
0.00674438
  0
LINE
  8
0
 10
-7.63611
 20
0.00674438
 11
-7.63589
 21
0.00337219
  0
LINE
  8
0
 10
-7.63589
 20
0.00337219
 11
-7.63582
 21
0
  0
LINE
  8
0
 10
-7.63582
 20
0
 11
-7.63589
 21
-0.00337219
  0
LINE
  8
0
 10
-7.63589
 20
-0.00337219
 11
-7.63611
 21
-0.00674438
  0
LINE
  8
0
 10
-7.63611
 20
-0.00674438
 11
-7.63646
 21
-0.0101013
  0
LINE
  8
0
 10
-7.63646
 20
-0.0101013
 11
-7.63695
 21
-0.0134583
  0
LINE
  8
0
 10
-7.63695
 20
-0.0134583
 11
-7.63759
 21
-0.0167694
  0
LINE
  8
0
 10
-7.63759
 20
-0.0167694
 11
-7.63835
 21
-0.0200653
  0
LINE
  8
0
 10
-7.63835
 20
-0.0200653
 11
-7.63927
 21
-0.0233154
  0
LINE
  8
0
 10
-7.63927
 20
-0.0233154
 11
-7.64032
 21
-0.026535
  0
LINE
  8
0
 10
-7.64032
 20
-0.026535
 11
-7.64149
 21
-0.0297089
  0
LINE
  8
0
 10
-7.64149
 20
-0.0297089
 11
-7.64281
 21
-0.0328217
  0
LINE
  8
0
 10
-7.64281
 20
-0.0328217
 11
-7.64424
 21
-0.0358734
  0
LINE
  8
0
 10
-7.64424
 20
-0.0358734
 11
-7.64581
 21
-0.0388794
  0
LINE
  8
0
 10
-7.64581
 20
-0.0388794
 11
-7.64749
 21
-0.0418091
  0
LINE
  8
0
 10
-7.64749
 20
-0.0418091
 11
-7.64931
 21
-0.0446625
  0
LINE
  8
0
 10
-7.64931
 20
-0.0446625
 11
-7.65123
 21
-0.0474243
  0
LINE
  8
0
 10
-7.65123
 20
-0.0474243
 11
-7.65327
 21
-0.0501251
  0
LINE
  8
0
 10
-7.65327
 20
-0.0501251
 11
-7.65544
 21
-0.0527344
  0
LINE
  8
0
 10
-7.65544
 20
-0.0527344
 11
-7.6577
 21
-0.0552368
  0
LINE
  8
0
 10
-7.6577
 20
-0.0552368
 11
-7.66006
 21
-0.057663
  0
LINE
  8
0
 10
-7.66006
 20
-0.057663
 11
-7.66252
 21
-0.059967
  0
LINE
  8
0
 10
-7.66252
 20
-0.059967
 11
-7.66508
 21
-0.0621796
  0
LINE
  8
0
 10
-7.66508
 20
-0.0621796
 11
-7.66774
 21
-0.0642853
  0
LINE
  8
0
 10
-7.66774
 20
-0.0642853
 11
-7.67047
 21
-0.0662689
  0
LINE
  8
0
 10
-7.67047
 20
-0.0662689
 11
-7.67328
 21
-0.0681305
  0
LINE
  8
0
 10
-7.67328
 20
-0.0681305
 11
-7.67618
 21
-0.0698853
  0
LINE
  8
0
 10
-7.67618
 20
-0.0698853
 11
-7.67914
 21
-0.0715179
  0
LINE
  8
0
 10
-7.67914
 20
-0.0715179
 11
-7.68217
 21
-0.0730133
  0
LINE
  8
0
 10
-7.68217
 20
-0.0730133
 11
-7.68526
 21
-0.0744019
  0
LINE
  8
0
 10
-7.68526
 20
-0.0744019
 11
-7.6884
 21
-0.0756378
  0
LINE
  8
0
 10
-7.6884
 20
-0.0756378
 11
-7.69159
 21
-0.0767517
  0
LINE
  8
0
 10
-7.69159
 20
-0.0767517
 11
-7.69482
 21
-0.0777283
  0
LINE
  8
0
 10
-7.69482
 20
-0.0777283
 11
-7.6981
 21
-0.0785675
  0
LINE
  8
0
 10
-7.6981
 20
-0.0785675
 11
-7.70142
 21
-0.0792694
  0
LINE
  8
0
 10
-7.70142
 20
-0.0792694
 11
-7.70474
 21
-0.079834
  0
LINE
  8
0
 10
-7.70474
 20
-0.079834
 11
-7.7081
 21
-0.0802612
  0
LINE
  8
0
 10
-7.7081
 20
-0.0802612
 11
-7.71147
 21
-0.0805359
  0
LINE
  8
0
 10
-7.71147
 20
-0.0805359
 11
-7.71484
 21
-0.0806885
  0
LINE
  8
0
 10
-7.71484
 20
-0.0806885
 11
-7.71822
 21
-0.0806885
  0
LINE
  8
0
 10
-6.45837
 20
-0.395645
 11
-6.46176
 21
-0.395508
  0
LINE
  8
0
 10
-6.46176
 20
-0.395508
 11
-6.46512
 21
-0.395218
  0
LINE
  8
0
 10
-6.46512
 20
-0.395218
 11
-6.46848
 21
-0.394791
  0
LINE
  8
0
 10
-6.46848
 20
-0.394791
 11
-6.47182
 21
-0.394226
  0
LINE
  8
0
 10
-6.47182
 20
-0.394226
 11
-6.47511
 21
-0.393524
  0
LINE
  8
0
 10
-6.47511
 20
-0.393524
 11
-6.47839
 21
-0.392685
  0
LINE
  8
0
 10
-6.47839
 20
-0.392685
 11
-6.48163
 21
-0.391708
  0
LINE
  8
0
 10
-6.48163
 20
-0.391708
 11
-6.48482
 21
-0.390594
  0
LINE
  8
0
 10
-6.48482
 20
-0.390594
 11
-6.48796
 21
-0.389359
  0
LINE
  8
0
 10
-6.48796
 20
-0.389359
 11
-6.49106
 21
-0.387985
  0
LINE
  8
0
 10
-6.49106
 20
-0.387985
 11
-6.49408
 21
-0.386475
  0
LINE
  8
0
 10
-6.49408
 20
-0.386475
 11
-6.49704
 21
-0.384842
  0
LINE
  8
0
 10
-6.49704
 20
-0.384842
 11
-6.49994
 21
-0.383102
  0
LINE
  8
0
 10
-6.49994
 20
-0.383102
 11
-6.50275
 21
-0.381226
  0
LINE
  8
0
 10
-6.50275
 20
-0.381226
 11
-6.50549
 21
-0.379242
  0
LINE
  8
0
 10
-6.50549
 20
-0.379242
 11
-6.50813
 21
-0.377136
  0
LINE
  8
0
 10
-6.50813
 20
-0.377136
 11
-6.5107
 21
-0.374939
  0
LINE
  8
0
 10
-6.5107
 20
-0.374939
 11
-6.51315
 21
-0.37262
  0
LINE
  8
0
 10
-6.51315
 20
-0.37262
 11
-6.51552
 21
-0.370209
  0
LINE
  8
0
 10
-6.51552
 20
-0.370209
 11
-6.51779
 21
-0.367691
  0
LINE
  8
0
 10
-6.51779
 20
-0.367691
 11
-6.51994
 21
-0.365082
  0
LINE
  8
0
 10
-6.51994
 20
-0.365082
 11
-6.52199
 21
-0.362396
  0
LINE
  8
0
 10
-6.52199
 20
-0.362396
 11
-6.52391
 21
-0.359619
  0
LINE
  8
0
 10
-6.52391
 20
-0.359619
 11
-6.52573
 21
-0.356766
  0
LINE
  8
0
 10
-6.52573
 20
-0.356766
 11
-6.52742
 21
-0.353836
  0
LINE
  8
0
 10
-6.52742
 20
-0.353836
 11
-6.52898
 21
-0.350845
  0
LINE
  8
0
 10
-6.52898
 20
-0.350845
 11
-6.53043
 21
-0.347778
  0
LINE
  8
0
 10
-6.53043
 20
-0.347778
 11
-6.53172
 21
-0.344666
  0
LINE
  8
0
 10
-6.53172
 20
-0.344666
 11
-6.53291
 21
-0.341492
  0
LINE
  8
0
 10
-6.53291
 20
-0.341492
 11
-6.53395
 21
-0.338287
  0
LINE
  8
0
 10
-6.53395
 20
-0.338287
 11
-6.53487
 21
-0.335022
  0
LINE
  8
0
 10
-6.53487
 20
-0.335022
 11
-6.53563
 21
-0.331726
  0
LINE
  8
0
 10
-6.53563
 20
-0.331726
 11
-6.53627
 21
-0.328415
  0
LINE
  8
0
 10
-6.53627
 20
-0.328415
 11
-6.53676
 21
-0.325073
  0
LINE
  8
0
 10
-6.53676
 20
-0.325073
 11
-6.53711
 21
-0.321701
  0
LINE
  8
0
 10
-6.53711
 20
-0.321701
 11
-6.53732
 21
-0.318329
  0
LINE
  8
0
 10
-6.53732
 20
-0.318329
 11
-6.5374
 21
-0.314957
  0
LINE
  8
0
 10
-6.5374
 20
-0.314957
 11
-6.53732
 21
-0.311569
  0
LINE
  8
0
 10
-6.53732
 20
-0.311569
 11
-6.53711
 21
-0.308197
  0
LINE
  8
0
 10
-6.53711
 20
-0.308197
 11
-6.53676
 21
-0.30484
  0
LINE
  8
0
 10
-6.53676
 20
-0.30484
 11
-6.53627
 21
-0.301498
  0
LINE
  8
0
 10
-6.53627
 20
-0.301498
 11
-6.53563
 21
-0.298172
  0
LINE
  8
0
 10
-6.53563
 20
-0.298172
 11
-6.53487
 21
-0.294876
  0
LINE
  8
0
 10
-6.53487
 20
-0.294876
 11
-6.53395
 21
-0.291626
  0
LINE
  8
0
 10
-6.53395
 20
-0.291626
 11
-6.53291
 21
-0.288406
  0
LINE
  8
0
 10
-6.53291
 20
-0.288406
 11
-6.53172
 21
-0.285248
  0
LINE
  8
0
 10
-6.53172
 20
-0.285248
 11
-6.53043
 21
-0.28212
  0
LINE
  8
0
 10
-6.53043
 20
-0.28212
 11
-6.52898
 21
-0.279068
  0
LINE
  8
0
 10
-6.52898
 20
-0.279068
 11
-6.52742
 21
-0.276077
  0
LINE
  8
0
 10
-6.52742
 20
-0.276077
 11
-6.52573
 21
-0.273148
  0
LINE
  8
0
 10
-6.52573
 20
-0.273148
 11
-6.52391
 21
-0.270294
  0
LINE
  8
0
 10
-6.52391
 20
-0.270294
 11
-6.52199
 21
-0.267517
  0
LINE
  8
0
 10
-6.52199
 20
-0.267517
 11
-6.51994
 21
-0.264816
  0
LINE
  8
0
 10
-6.51994
 20
-0.264816
 11
-6.51779
 21
-0.262222
  0
LINE
  8
0
 10
-6.51779
 20
-0.262222
 11
-6.51552
 21
-0.259705
  0
LINE
  8
0
 10
-6.51552
 20
-0.259705
 11
-6.51315
 21
-0.257294
  0
LINE
  8
0
 10
-6.51315
 20
-0.257294
 11
-6.5107
 21
-0.254974
  0
LINE
  8
0
 10
-6.5107
 20
-0.254974
 11
-6.50813
 21
-0.252762
  0
LINE
  8
0
 10
-6.50813
 20
-0.252762
 11
-6.50549
 21
-0.250671
  0
LINE
  8
0
 10
-6.50549
 20
-0.250671
 11
-6.50275
 21
-0.248672
  0
LINE
  8
0
 10
-6.50275
 20
-0.248672
 11
-6.49994
 21
-0.246811
  0
LINE
  8
0
 10
-6.49994
 20
-0.246811
 11
-6.49704
 21
-0.245056
  0
LINE
  8
0
 10
-6.49704
 20
-0.245056
 11
-6.49408
 21
-0.243423
  0
LINE
  8
0
 10
-6.49408
 20
-0.243423
 11
-6.49106
 21
-0.241928
  0
LINE
  8
0
 10
-6.49106
 20
-0.241928
 11
-6.48796
 21
-0.240555
  0
LINE
  8
0
 10
-6.48796
 20
-0.240555
 11
-6.48482
 21
-0.239304
  0
LINE
  8
0
 10
-6.48482
 20
-0.239304
 11
-6.48163
 21
-0.23819
  0
LINE
  8
0
 10
-6.48163
 20
-0.23819
 11
-6.47839
 21
-0.237213
  0
LINE
  8
0
 10
-6.47839
 20
-0.237213
 11
-6.47511
 21
-0.236374
  0
LINE
  8
0
 10
-6.47511
 20
-0.236374
 11
-6.47182
 21
-0.235672
  0
LINE
  8
0
 10
-6.47182
 20
-0.235672
 11
-6.46848
 21
-0.235107
  0
LINE
  8
0
 10
-6.46848
 20
-0.235107
 11
-6.46512
 21
-0.23468
  0
LINE
  8
0
 10
-6.46512
 20
-0.23468
 11
-6.46176
 21
-0.234406
  0
LINE
  8
0
 10
-6.46176
 20
-0.234406
 11
-6.45837
 21
-0.234268
  0
LINE
  8
0
 10
-6.45837
 20
-0.234268
 11
-6.455
 21
-0.234268
  0
LINE
  8
0
 10
-6.455
 20
-0.234268
 11
-6.45161
 21
-0.234406
  0
LINE
  8
0
 10
-6.45161
 20
-0.234406
 11
-6.44826
 21
-0.23468
  0
LINE
  8
0
 10
-6.44826
 20
-0.23468
 11
-6.4449
 21
-0.235107
  0
LINE
  8
0
 10
-6.4449
 20
-0.235107
 11
-6.44156
 21
-0.235672
  0
LINE
  8
0
 10
-6.44156
 20
-0.235672
 11
-6.43826
 21
-0.236374
  0
LINE
  8
0
 10
-6.43826
 20
-0.236374
 11
-6.43498
 21
-0.237213
  0
LINE
  8
0
 10
-6.43498
 20
-0.237213
 11
-6.43175
 21
-0.23819
  0
LINE
  8
0
 10
-6.43175
 20
-0.23819
 11
-6.42856
 21
-0.239304
  0
LINE
  8
0
 10
-6.42856
 20
-0.239304
 11
-6.42542
 21
-0.240555
  0
LINE
  8
0
 10
-6.42542
 20
-0.240555
 11
-6.42232
 21
-0.241928
  0
LINE
  8
0
 10
-6.42232
 20
-0.241928
 11
-6.4193
 21
-0.243423
  0
LINE
  8
0
 10
-6.4193
 20
-0.243423
 11
-6.41634
 21
-0.245056
  0
LINE
  8
0
 10
-6.41634
 20
-0.245056
 11
-6.41344
 21
-0.246811
  0
LINE
  8
0
 10
-6.41344
 20
-0.246811
 11
-6.41063
 21
-0.248672
  0
LINE
  8
0
 10
-6.41063
 20
-0.248672
 11
-6.4079
 21
-0.250671
  0
LINE
  8
0
 10
-6.4079
 20
-0.250671
 11
-6.40524
 21
-0.252762
  0
LINE
  8
0
 10
-6.40524
 20
-0.252762
 11
-6.40268
 21
-0.254974
  0
LINE
  8
0
 10
-6.40268
 20
-0.254974
 11
-6.40022
 21
-0.257294
  0
LINE
  8
0
 10
-6.40022
 20
-0.257294
 11
-6.39786
 21
-0.259705
  0
LINE
  8
0
 10
-6.39786
 20
-0.259705
 11
-6.3956
 21
-0.262222
  0
LINE
  8
0
 10
-6.3956
 20
-0.262222
 11
-6.39343
 21
-0.264816
  0
LINE
  8
0
 10
-6.39343
 20
-0.264816
 11
-6.39139
 21
-0.267517
  0
LINE
  8
0
 10
-6.39139
 20
-0.267517
 11
-6.38947
 21
-0.270294
  0
LINE
  8
0
 10
-6.38947
 20
-0.270294
 11
-6.38765
 21
-0.273148
  0
LINE
  8
0
 10
-6.38765
 20
-0.273148
 11
-6.38597
 21
-0.276077
  0
LINE
  8
0
 10
-6.38597
 20
-0.276077
 11
-6.3844
 21
-0.279068
  0
LINE
  8
0
 10
-6.3844
 20
-0.279068
 11
-6.38297
 21
-0.28212
  0
LINE
  8
0
 10
-6.38297
 20
-0.28212
 11
-6.38165
 21
-0.285248
  0
LINE
  8
0
 10
-6.38165
 20
-0.285248
 11
-6.38046
 21
-0.288406
  0
LINE
  8
0
 10
-6.38046
 20
-0.288406
 11
-6.37943
 21
-0.291626
  0
LINE
  8
0
 10
-6.37943
 20
-0.291626
 11
-6.37851
 21
-0.294876
  0
LINE
  8
0
 10
-6.37851
 20
-0.294876
 11
-6.37775
 21
-0.298172
  0
LINE
  8
0
 10
-6.37775
 20
-0.298172
 11
-6.37711
 21
-0.301498
  0
LINE
  8
0
 10
-6.37711
 20
-0.301498
 11
-6.37662
 21
-0.30484
  0
LINE
  8
0
 10
-6.37662
 20
-0.30484
 11
-6.37627
 21
-0.308197
  0
LINE
  8
0
 10
-6.37627
 20
-0.308197
 11
-6.37605
 21
-0.311569
  0
LINE
  8
0
 10
-6.37605
 20
-0.311569
 11
-6.37598
 21
-0.314957
  0
LINE
  8
0
 10
-6.37598
 20
-0.314957
 11
-6.37605
 21
-0.318329
  0
LINE
  8
0
 10
-6.37605
 20
-0.318329
 11
-6.37627
 21
-0.321701
  0
LINE
  8
0
 10
-6.37627
 20
-0.321701
 11
-6.37662
 21
-0.325073
  0
LINE
  8
0
 10
-6.37662
 20
-0.325073
 11
-6.37711
 21
-0.328415
  0
LINE
  8
0
 10
-6.37711
 20
-0.328415
 11
-6.37775
 21
-0.331726
  0
LINE
  8
0
 10
-6.37775
 20
-0.331726
 11
-6.37851
 21
-0.335022
  0
LINE
  8
0
 10
-6.37851
 20
-0.335022
 11
-6.37943
 21
-0.338287
  0
LINE
  8
0
 10
-6.37943
 20
-0.338287
 11
-6.38046
 21
-0.341492
  0
LINE
  8
0
 10
-6.38046
 20
-0.341492
 11
-6.38165
 21
-0.344666
  0
LINE
  8
0
 10
-6.38165
 20
-0.344666
 11
-6.38297
 21
-0.347778
  0
LINE
  8
0
 10
-6.38297
 20
-0.347778
 11
-6.3844
 21
-0.350845
  0
LINE
  8
0
 10
-6.3844
 20
-0.350845
 11
-6.38597
 21
-0.353836
  0
LINE
  8
0
 10
-6.38597
 20
-0.353836
 11
-6.38765
 21
-0.356766
  0
LINE
  8
0
 10
-6.38765
 20
-0.356766
 11
-6.38947
 21
-0.359619
  0
LINE
  8
0
 10
-6.38947
 20
-0.359619
 11
-6.39139
 21
-0.362396
  0
LINE
  8
0
 10
-6.39139
 20
-0.362396
 11
-6.39343
 21
-0.365082
  0
LINE
  8
0
 10
-6.39343
 20
-0.365082
 11
-6.3956
 21
-0.367691
  0
LINE
  8
0
 10
-6.3956
 20
-0.367691
 11
-6.39786
 21
-0.370209
  0
LINE
  8
0
 10
-6.39786
 20
-0.370209
 11
-6.40022
 21
-0.37262
  0
LINE
  8
0
 10
-6.40022
 20
-0.37262
 11
-6.40268
 21
-0.374939
  0
LINE
  8
0
 10
-6.40268
 20
-0.374939
 11
-6.40524
 21
-0.377136
  0
LINE
  8
0
 10
-6.40524
 20
-0.377136
 11
-6.4079
 21
-0.379242
  0
LINE
  8
0
 10
-6.4079
 20
-0.379242
 11
-6.41063
 21
-0.381226
  0
LINE
  8
0
 10
-6.41063
 20
-0.381226
 11
-6.41344
 21
-0.383102
  0
LINE
  8
0
 10
-6.41344
 20
-0.383102
 11
-6.41634
 21
-0.384842
  0
LINE
  8
0
 10
-6.41634
 20
-0.384842
 11
-6.4193
 21
-0.386475
  0
LINE
  8
0
 10
-6.4193
 20
-0.386475
 11
-6.42232
 21
-0.387985
  0
LINE
  8
0
 10
-6.42232
 20
-0.387985
 11
-6.42542
 21
-0.389359
  0
LINE
  8
0
 10
-6.42542
 20
-0.389359
 11
-6.42856
 21
-0.390594
  0
LINE
  8
0
 10
-6.42856
 20
-0.390594
 11
-6.43175
 21
-0.391708
  0
LINE
  8
0
 10
-6.43175
 20
-0.391708
 11
-6.43498
 21
-0.392685
  0
LINE
  8
0
 10
-6.43498
 20
-0.392685
 11
-6.43826
 21
-0.393524
  0
LINE
  8
0
 10
-6.43826
 20
-0.393524
 11
-6.44156
 21
-0.394226
  0
LINE
  8
0
 10
-6.44156
 20
-0.394226
 11
-6.4449
 21
-0.394791
  0
LINE
  8
0
 10
-6.4449
 20
-0.394791
 11
-6.44826
 21
-0.395218
  0
LINE
  8
0
 10
-6.44826
 20
-0.395218
 11
-6.45161
 21
-0.395508
  0
LINE
  8
0
 10
-6.45161
 20
-0.395508
 11
-6.455
 21
-0.395645
  0
LINE
  8
0
 10
-6.455
 20
-0.395645
 11
-6.45837
 21
-0.395645
  0
LINE
  8
0
 10
7.63695
 20
-0.328415
 11
7.63646
 21
-0.325073
  0
LINE
  8
0
 10
7.63646
 20
-0.325073
 11
7.63611
 21
-0.321701
  0
LINE
  8
0
 10
7.63611
 20
-0.321701
 11
7.63589
 21
-0.318329
  0
LINE
  8
0
 10
7.63589
 20
-0.318329
 11
7.63582
 21
-0.314957
  0
LINE
  8
0
 10
7.63582
 20
-0.314957
 11
7.63589
 21
-0.311569
  0
LINE
  8
0
 10
7.63589
 20
-0.311569
 11
7.63611
 21
-0.308197
  0
LINE
  8
0
 10
7.63611
 20
-0.308197
 11
7.63646
 21
-0.30484
  0
LINE
  8
0
 10
7.63646
 20
-0.30484
 11
7.63695
 21
-0.301498
  0
LINE
  8
0
 10
7.63695
 20
-0.301498
 11
7.63759
 21
-0.298172
  0
LINE
  8
0
 10
7.63759
 20
-0.298172
 11
7.63835
 21
-0.294876
  0
LINE
  8
0
 10
7.63835
 20
-0.294876
 11
7.63927
 21
-0.291626
  0
LINE
  8
0
 10
7.63927
 20
-0.291626
 11
7.64032
 21
-0.288406
  0
LINE
  8
0
 10
7.64032
 20
-0.288406
 11
7.64149
 21
-0.285248
  0
LINE
  8
0
 10
7.64149
 20
-0.285248
 11
7.64281
 21
-0.28212
  0
LINE
  8
0
 10
7.64281
 20
-0.28212
 11
7.64424
 21
-0.279068
  0
LINE
  8
0
 10
7.64424
 20
-0.279068
 11
7.64581
 21
-0.276077
  0
LINE
  8
0
 10
7.64581
 20
-0.276077
 11
7.64749
 21
-0.273148
  0
LINE
  8
0
 10
7.64749
 20
-0.273148
 11
7.64931
 21
-0.270294
  0
LINE
  8
0
 10
7.64931
 20
-0.270294
 11
7.65123
 21
-0.267517
  0
LINE
  8
0
 10
7.65123
 20
-0.267517
 11
7.65327
 21
-0.264816
  0
LINE
  8
0
 10
7.65327
 20
-0.264816
 11
7.65544
 21
-0.262222
  0
LINE
  8
0
 10
7.65544
 20
-0.262222
 11
7.6577
 21
-0.259705
  0
LINE
  8
0
 10
7.6577
 20
-0.259705
 11
7.66006
 21
-0.257294
  0
LINE
  8
0
 10
7.66006
 20
-0.257294
 11
7.66252
 21
-0.254974
  0
LINE
  8
0
 10
7.66252
 20
-0.254974
 11
7.66508
 21
-0.252762
  0
LINE
  8
0
 10
7.66508
 20
-0.252762
 11
7.66774
 21
-0.250671
  0
LINE
  8
0
 10
7.66774
 20
-0.250671
 11
7.67047
 21
-0.248672
  0
LINE
  8
0
 10
7.67047
 20
-0.248672
 11
7.67328
 21
-0.246811
  0
LINE
  8
0
 10
7.67328
 20
-0.246811
 11
7.67618
 21
-0.245056
  0
LINE
  8
0
 10
7.67618
 20
-0.245056
 11
7.67914
 21
-0.243423
  0
LINE
  8
0
 10
7.67914
 20
-0.243423
 11
7.68217
 21
-0.241928
  0
LINE
  8
0
 10
7.68217
 20
-0.241928
 11
7.68526
 21
-0.240555
  0
LINE
  8
0
 10
7.68526
 20
-0.240555
 11
7.6884
 21
-0.239304
  0
LINE
  8
0
 10
7.6884
 20
-0.239304
 11
7.69159
 21
-0.23819
  0
LINE
  8
0
 10
7.69159
 20
-0.23819
 11
7.69482
 21
-0.237213
  0
LINE
  8
0
 10
7.69482
 20
-0.237213
 11
7.6981
 21
-0.236374
  0
LINE
  8
0
 10
7.6981
 20
-0.236374
 11
7.70142
 21
-0.235672
  0
LINE
  8
0
 10
7.70142
 20
-0.235672
 11
7.70474
 21
-0.235107
  0
LINE
  8
0
 10
7.70474
 20
-0.235107
 11
7.7081
 21
-0.23468
  0
LINE
  8
0
 10
7.7081
 20
-0.23468
 11
7.71147
 21
-0.234406
  0
LINE
  8
0
 10
7.71147
 20
-0.234406
 11
7.71484
 21
-0.234268
  0
LINE
  8
0
 10
7.71484
 20
-0.234268
 11
7.71822
 21
-0.234268
  0
LINE
  8
0
 10
7.71822
 20
-0.234268
 11
7.7216
 21
-0.234406
  0
LINE
  8
0
 10
7.7216
 20
-0.234406
 11
7.72498
 21
-0.23468
  0
LINE
  8
0
 10
7.72498
 20
-0.23468
 11
7.72832
 21
-0.235107
  0
LINE
  8
0
 10
7.72832
 20
-0.235107
 11
7.73166
 21
-0.235672
  0
LINE
  8
0
 10
7.73166
 20
-0.235672
 11
7.73495
 21
-0.236374
  0
LINE
  8
0
 10
7.73495
 20
-0.236374
 11
7.73824
 21
-0.237213
  0
LINE
  8
0
 10
7.73824
 20
-0.237213
 11
7.74147
 21
-0.23819
  0
LINE
  8
0
 10
7.74147
 20
-0.23819
 11
7.74466
 21
-0.239304
  0
LINE
  8
0
 10
7.74466
 20
-0.239304
 11
7.7478
 21
-0.240555
  0
LINE
  8
0
 10
7.7478
 20
-0.240555
 11
7.7509
 21
-0.241928
  0
LINE
  8
0
 10
7.7509
 20
-0.241928
 11
7.75392
 21
-0.243423
  0
LINE
  8
0
 10
7.75392
 20
-0.243423
 11
7.75688
 21
-0.245056
  0
LINE
  8
0
 10
7.75688
 20
-0.245056
 11
7.75978
 21
-0.246811
  0
LINE
  8
0
 10
7.75978
 20
-0.246811
 11
7.76259
 21
-0.248672
  0
LINE
  8
0
 10
7.76259
 20
-0.248672
 11
7.76534
 21
-0.250671
  0
LINE
  8
0
 10
7.76534
 20
-0.250671
 11
7.76797
 21
-0.252762
  0
LINE
  8
0
 10
7.76797
 20
-0.252762
 11
7.77054
 21
-0.254974
  0
LINE
  8
0
 10
7.77054
 20
-0.254974
 11
7.77299
 21
-0.257294
  0
LINE
  8
0
 10
7.77299
 20
-0.257294
 11
7.77536
 21
-0.259705
  0
LINE
  8
0
 10
7.77536
 20
-0.259705
 11
7.77763
 21
-0.262222
  0
LINE
  8
0
 10
7.77763
 20
-0.262222
 11
7.77979
 21
-0.264816
  0
LINE
  8
0
 10
7.77979
 20
-0.264816
 11
7.78183
 21
-0.267517
  0
LINE
  8
0
 10
7.78183
 20
-0.267517
 11
7.78375
 21
-0.270294
  0
LINE
  8
0
 10
7.78375
 20
-0.270294
 11
7.78557
 21
-0.273148
  0
LINE
  8
0
 10
7.78557
 20
-0.273148
 11
7.78726
 21
-0.276077
  0
LINE
  8
0
 10
7.78726
 20
-0.276077
 11
7.78882
 21
-0.279068
  0
LINE
  8
0
 10
7.78882
 20
-0.279068
 11
7.79027
 21
-0.28212
  0
LINE
  8
0
 10
7.79027
 20
-0.28212
 11
7.79158
 21
-0.285248
  0
LINE
  8
0
 10
7.79158
 20
-0.285248
 11
7.79276
 21
-0.288406
  0
LINE
  8
0
 10
7.79276
 20
-0.288406
 11
7.79379
 21
-0.291626
  0
LINE
  8
0
 10
7.79379
 20
-0.291626
 11
7.79471
 21
-0.294876
  0
LINE
  8
0
 10
7.79471
 20
-0.294876
 11
7.79547
 21
-0.298172
  0
LINE
  8
0
 10
7.79547
 20
-0.298172
 11
7.79611
 21
-0.301498
  0
LINE
  8
0
 10
7.79611
 20
-0.301498
 11
7.7966
 21
-0.30484
  0
LINE
  8
0
 10
7.7966
 20
-0.30484
 11
7.79695
 21
-0.308197
  0
LINE
  8
0
 10
7.79695
 20
-0.308197
 11
7.79716
 21
-0.311569
  0
LINE
  8
0
 10
7.79716
 20
-0.311569
 11
7.79724
 21
-0.314957
  0
LINE
  8
0
 10
7.79724
 20
-0.314957
 11
7.79716
 21
-0.318329
  0
LINE
  8
0
 10
7.79716
 20
-0.318329
 11
7.79695
 21
-0.321701
  0
LINE
  8
0
 10
7.79695
 20
-0.321701
 11
7.7966
 21
-0.325073
  0
LINE
  8
0
 10
7.7966
 20
-0.325073
 11
7.79611
 21
-0.328415
  0
LINE
  8
0
 10
7.79611
 20
-0.328415
 11
7.79547
 21
-0.331726
  0
LINE
  8
0
 10
7.79547
 20
-0.331726
 11
7.79471
 21
-0.335022
  0
LINE
  8
0
 10
7.79471
 20
-0.335022
 11
7.79379
 21
-0.338287
  0
LINE
  8
0
 10
7.79379
 20
-0.338287
 11
7.79276
 21
-0.341492
  0
LINE
  8
0
 10
7.79276
 20
-0.341492
 11
7.79158
 21
-0.344666
  0
LINE
  8
0
 10
7.79158
 20
-0.344666
 11
7.79027
 21
-0.347778
  0
LINE
  8
0
 10
7.79027
 20
-0.347778
 11
7.78882
 21
-0.350845
  0
LINE
  8
0
 10
7.78882
 20
-0.350845
 11
7.78726
 21
-0.353836
  0
LINE
  8
0
 10
7.78726
 20
-0.353836
 11
7.78557
 21
-0.356766
  0
LINE
  8
0
 10
7.78557
 20
-0.356766
 11
7.78375
 21
-0.359619
  0
LINE
  8
0
 10
7.78375
 20
-0.359619
 11
7.78183
 21
-0.362396
  0
LINE
  8
0
 10
7.78183
 20
-0.362396
 11
7.77979
 21
-0.365082
  0
LINE
  8
0
 10
7.77979
 20
-0.365082
 11
7.77763
 21
-0.367691
  0
LINE
  8
0
 10
7.77763
 20
-0.367691
 11
7.77536
 21
-0.370209
  0
LINE
  8
0
 10
7.77536
 20
-0.370209
 11
7.77299
 21
-0.37262
  0
LINE
  8
0
 10
7.77299
 20
-0.37262
 11
7.77054
 21
-0.374939
  0
LINE
  8
0
 10
7.77054
 20
-0.374939
 11
7.76797
 21
-0.377136
  0
LINE
  8
0
 10
7.76797
 20
-0.377136
 11
7.76534
 21
-0.379242
  0
LINE
  8
0
 10
7.76534
 20
-0.379242
 11
7.76259
 21
-0.381226
  0
LINE
  8
0
 10
7.76259
 20
-0.381226
 11
7.75978
 21
-0.383102
  0
LINE
  8
0
 10
7.75978
 20
-0.383102
 11
7.75688
 21
-0.384842
  0
LINE
  8
0
 10
7.75688
 20
-0.384842
 11
7.75392
 21
-0.386475
  0
LINE
  8
0
 10
7.75392
 20
-0.386475
 11
7.7509
 21
-0.387985
  0
LINE
  8
0
 10
7.7509
 20
-0.387985
 11
7.7478
 21
-0.389359
  0
LINE
  8
0
 10
7.7478
 20
-0.389359
 11
7.74466
 21
-0.390594
  0
LINE
  8
0
 10
7.74466
 20
-0.390594
 11
7.74147
 21
-0.391708
  0
LINE
  8
0
 10
7.74147
 20
-0.391708
 11
7.73824
 21
-0.392685
  0
LINE
  8
0
 10
7.73824
 20
-0.392685
 11
7.73495
 21
-0.393524
  0
LINE
  8
0
 10
7.73495
 20
-0.393524
 11
7.73166
 21
-0.394226
  0
LINE
  8
0
 10
7.73166
 20
-0.394226
 11
7.72832
 21
-0.394791
  0
LINE
  8
0
 10
7.72832
 20
-0.394791
 11
7.72498
 21
-0.395218
  0
LINE
  8
0
 10
7.72498
 20
-0.395218
 11
7.7216
 21
-0.395508
  0
LINE
  8
0
 10
7.7216
 20
-0.395508
 11
7.71822
 21
-0.395645
  0
LINE
  8
0
 10
7.71822
 20
-0.395645
 11
7.71484
 21
-0.395645
  0
LINE
  8
0
 10
7.71484
 20
-0.395645
 11
7.71147
 21
-0.395508
  0
LINE
  8
0
 10
7.71147
 20
-0.395508
 11
7.7081
 21
-0.395218
  0
LINE
  8
0
 10
7.7081
 20
-0.395218
 11
7.70474
 21
-0.394791
  0
LINE
  8
0
 10
7.70474
 20
-0.394791
 11
7.70142
 21
-0.394226
  0
LINE
  8
0
 10
7.70142
 20
-0.394226
 11
7.6981
 21
-0.393524
  0
LINE
  8
0
 10
7.6981
 20
-0.393524
 11
7.69482
 21
-0.392685
  0
LINE
  8
0
 10
7.69482
 20
-0.392685
 11
7.69159
 21
-0.391708
  0
LINE
  8
0
 10
7.69159
 20
-0.391708
 11
7.6884
 21
-0.390594
  0
LINE
  8
0
 10
7.6884
 20
-0.390594
 11
7.68526
 21
-0.389359
  0
LINE
  8
0
 10
7.68526
 20
-0.389359
 11
7.68217
 21
-0.387985
  0
LINE
  8
0
 10
7.68217
 20
-0.387985
 11
7.67914
 21
-0.386475
  0
LINE
  8
0
 10
7.67914
 20
-0.386475
 11
7.67618
 21
-0.384842
  0
LINE
  8
0
 10
7.67618
 20
-0.384842
 11
7.67328
 21
-0.383102
  0
LINE
  8
0
 10
7.67328
 20
-0.383102
 11
7.67047
 21
-0.381226
  0
LINE
  8
0
 10
7.67047
 20
-0.381226
 11
7.66774
 21
-0.379242
  0
LINE
  8
0
 10
7.66774
 20
-0.379242
 11
7.66508
 21
-0.377136
  0
LINE
  8
0
 10
7.66508
 20
-0.377136
 11
7.66252
 21
-0.374939
  0
LINE
  8
0
 10
7.66252
 20
-0.374939
 11
7.66006
 21
-0.37262
  0
LINE
  8
0
 10
7.66006
 20
-0.37262
 11
7.6577
 21
-0.370209
  0
LINE
  8
0
 10
7.6577
 20
-0.370209
 11
7.65544
 21
-0.367691
  0
LINE
  8
0
 10
7.65544
 20
-0.367691
 11
7.65327
 21
-0.365082
  0
LINE
  8
0
 10
7.65327
 20
-0.365082
 11
7.65123
 21
-0.362396
  0
LINE
  8
0
 10
7.65123
 20
-0.362396
 11
7.64931
 21
-0.359619
  0
LINE
  8
0
 10
7.64931
 20
-0.359619
 11
7.64749
 21
-0.356766
  0
LINE
  8
0
 10
7.64749
 20
-0.356766
 11
7.64581
 21
-0.353836
  0
LINE
  8
0
 10
7.64581
 20
-0.353836
 11
7.64424
 21
-0.350845
  0
LINE
  8
0
 10
7.64424
 20
-0.350845
 11
7.64281
 21
-0.347778
  0
LINE
  8
0
 10
7.64281
 20
-0.347778
 11
7.64149
 21
-0.344666
  0
LINE
  8
0
 10
7.64149
 20
-0.344666
 11
7.64032
 21
-0.341492
  0
LINE
  8
0
 10
7.64032
 20
-0.341492
 11
7.63927
 21
-0.338287
  0
LINE
  8
0
 10
7.63927
 20
-0.338287
 11
7.63835
 21
-0.335022
  0
LINE
  8
0
 10
7.63835
 20
-0.335022
 11
7.63759
 21
-0.331726
  0
LINE
  8
0
 10
7.63759
 20
-0.331726
 11
7.63695
 21
-0.328415
  0
LINE
  8
0
 10
-7.71822
 20
-0.395645
 11
-7.7216
 21
-0.395508
  0
LINE
  8
0
 10
-7.7216
 20
-0.395508
 11
-7.72498
 21
-0.395218
  0
LINE
  8
0
 10
-7.72498
 20
-0.395218
 11
-7.72832
 21
-0.394791
  0
LINE
  8
0
 10
-7.72832
 20
-0.394791
 11
-7.73166
 21
-0.394226
  0
LINE
  8
0
 10
-7.73166
 20
-0.394226
 11
-7.73495
 21
-0.393524
  0
LINE
  8
0
 10
-7.73495
 20
-0.393524
 11
-7.73824
 21
-0.392685
  0
LINE
  8
0
 10
-7.73824
 20
-0.392685
 11
-7.74147
 21
-0.391708
  0
LINE
  8
0
 10
-7.74147
 20
-0.391708
 11
-7.74466
 21
-0.390594
  0
LINE
  8
0
 10
-7.74466
 20
-0.390594
 11
-7.7478
 21
-0.389359
  0
LINE
  8
0
 10
-7.7478
 20
-0.389359
 11
-7.7509
 21
-0.387985
  0
LINE
  8
0
 10
-7.7509
 20
-0.387985
 11
-7.75392
 21
-0.386475
  0
LINE
  8
0
 10
-7.75392
 20
-0.386475
 11
-7.75688
 21
-0.384842
  0
LINE
  8
0
 10
-7.75688
 20
-0.384842
 11
-7.75978
 21
-0.383102
  0
LINE
  8
0
 10
-7.75978
 20
-0.383102
 11
-7.76259
 21
-0.381226
  0
LINE
  8
0
 10
-7.76259
 20
-0.381226
 11
-7.76534
 21
-0.379242
  0
LINE
  8
0
 10
-7.76534
 20
-0.379242
 11
-7.76797
 21
-0.377136
  0
LINE
  8
0
 10
-7.76797
 20
-0.377136
 11
-7.77054
 21
-0.374939
  0
LINE
  8
0
 10
-7.77054
 20
-0.374939
 11
-7.77299
 21
-0.37262
  0
LINE
  8
0
 10
-7.77299
 20
-0.37262
 11
-7.77536
 21
-0.370209
  0
LINE
  8
0
 10
-7.77536
 20
-0.370209
 11
-7.77763
 21
-0.367691
  0
LINE
  8
0
 10
-7.77763
 20
-0.367691
 11
-7.77979
 21
-0.365082
  0
LINE
  8
0
 10
-7.77979
 20
-0.365082
 11
-7.78183
 21
-0.362396
  0
LINE
  8
0
 10
-7.78183
 20
-0.362396
 11
-7.78375
 21
-0.359619
  0
LINE
  8
0
 10
-7.78375
 20
-0.359619
 11
-7.78557
 21
-0.356766
  0
LINE
  8
0
 10
-7.78557
 20
-0.356766
 11
-7.78726
 21
-0.353836
  0
LINE
  8
0
 10
-7.78726
 20
-0.353836
 11
-7.78882
 21
-0.350845
  0
LINE
  8
0
 10
-7.78882
 20
-0.350845
 11
-7.79027
 21
-0.347778
  0
LINE
  8
0
 10
-7.79027
 20
-0.347778
 11
-7.79158
 21
-0.344666
  0
LINE
  8
0
 10
-7.79158
 20
-0.344666
 11
-7.79276
 21
-0.341492
  0
LINE
  8
0
 10
-7.79276
 20
-0.341492
 11
-7.79379
 21
-0.338287
  0
LINE
  8
0
 10
-7.79379
 20
-0.338287
 11
-7.79471
 21
-0.335022
  0
LINE
  8
0
 10
-7.79471
 20
-0.335022
 11
-7.79547
 21
-0.331726
  0
LINE
  8
0
 10
-7.79547
 20
-0.331726
 11
-7.79611
 21
-0.328415
  0
LINE
  8
0
 10
-7.79611
 20
-0.328415
 11
-7.7966
 21
-0.325073
  0
LINE
  8
0
 10
-7.7966
 20
-0.325073
 11
-7.79695
 21
-0.321701
  0
LINE
  8
0
 10
-7.79695
 20
-0.321701
 11
-7.79716
 21
-0.318329
  0
LINE
  8
0
 10
-7.79716
 20
-0.318329
 11
-7.79724
 21
-0.314957
  0
LINE
  8
0
 10
-7.79724
 20
-0.314957
 11
-7.79716
 21
-0.311569
  0
LINE
  8
0
 10
-7.79716
 20
-0.311569
 11
-7.79695
 21
-0.308197
  0
LINE
  8
0
 10
-7.79695
 20
-0.308197
 11
-7.7966
 21
-0.30484
  0
LINE
  8
0
 10
-7.7966
 20
-0.30484
 11
-7.79611
 21
-0.301498
  0
LINE
  8
0
 10
-7.79611
 20
-0.301498
 11
-7.79547
 21
-0.298172
  0
LINE
  8
0
 10
-7.79547
 20
-0.298172
 11
-7.79471
 21
-0.294876
  0
LINE
  8
0
 10
-7.79471
 20
-0.294876
 11
-7.79379
 21
-0.291626
  0
LINE
  8
0
 10
-7.79379
 20
-0.291626
 11
-7.79276
 21
-0.288406
  0
LINE
  8
0
 10
-7.79276
 20
-0.288406
 11
-7.79158
 21
-0.285248
  0
LINE
  8
0
 10
-7.79158
 20
-0.285248
 11
-7.79027
 21
-0.28212
  0
LINE
  8
0
 10
-7.79027
 20
-0.28212
 11
-7.78882
 21
-0.279068
  0
LINE
  8
0
 10
-7.78882
 20
-0.279068
 11
-7.78726
 21
-0.276077
  0
LINE
  8
0
 10
-7.78726
 20
-0.276077
 11
-7.78557
 21
-0.273148
  0
LINE
  8
0
 10
-7.78557
 20
-0.273148
 11
-7.78375
 21
-0.270294
  0
LINE
  8
0
 10
-7.78375
 20
-0.270294
 11
-7.78183
 21
-0.267517
  0
LINE
  8
0
 10
-7.78183
 20
-0.267517
 11
-7.77979
 21
-0.264816
  0
LINE
  8
0
 10
-7.77979
 20
-0.264816
 11
-7.77763
 21
-0.262222
  0
LINE
  8
0
 10
-7.77763
 20
-0.262222
 11
-7.77536
 21
-0.259705
  0
LINE
  8
0
 10
-7.77536
 20
-0.259705
 11
-7.77299
 21
-0.257294
  0
LINE
  8
0
 10
-7.77299
 20
-0.257294
 11
-7.77054
 21
-0.254974
  0
LINE
  8
0
 10
-7.77054
 20
-0.254974
 11
-7.76797
 21
-0.252762
  0
LINE
  8
0
 10
-7.76797
 20
-0.252762
 11
-7.76534
 21
-0.250671
  0
LINE
  8
0
 10
-7.76534
 20
-0.250671
 11
-7.76259
 21
-0.248672
  0
LINE
  8
0
 10
-7.76259
 20
-0.248672
 11
-7.75978
 21
-0.246811
  0
LINE
  8
0
 10
-7.75978
 20
-0.246811
 11
-7.75688
 21
-0.245056
  0
LINE
  8
0
 10
-7.75688
 20
-0.245056
 11
-7.75392
 21
-0.243423
  0
LINE
  8
0
 10
-7.75392
 20
-0.243423
 11
-7.7509
 21
-0.241928
  0
LINE
  8
0
 10
-7.7509
 20
-0.241928
 11
-7.7478
 21
-0.240555
  0
LINE
  8
0
 10
-7.7478
 20
-0.240555
 11
-7.74466
 21
-0.239304
  0
LINE
  8
0
 10
-7.74466
 20
-0.239304
 11
-7.74147
 21
-0.23819
  0
LINE
  8
0
 10
-7.74147
 20
-0.23819
 11
-7.73824
 21
-0.237213
  0
LINE
  8
0
 10
-7.73824
 20
-0.237213
 11
-7.73495
 21
-0.236374
  0
LINE
  8
0
 10
-7.73495
 20
-0.236374
 11
-7.73166
 21
-0.235672
  0
LINE
  8
0
 10
-7.73166
 20
-0.235672
 11
-7.72832
 21
-0.235107
  0
LINE
  8
0
 10
-7.72832
 20
-0.235107
 11
-7.72498
 21
-0.23468
  0
LINE
  8
0
 10
-7.72498
 20
-0.23468
 11
-7.7216
 21
-0.234406
  0
LINE
  8
0
 10
-7.7216
 20
-0.234406
 11
-7.71822
 21
-0.234268
  0
LINE
  8
0
 10
-7.71822
 20
-0.234268
 11
-7.71484
 21
-0.234268
  0
LINE
  8
0
 10
-7.71484
 20
-0.234268
 11
-7.71147
 21
-0.234406
  0
LINE
  8
0
 10
-7.71147
 20
-0.234406
 11
-7.7081
 21
-0.23468
  0
LINE
  8
0
 10
-7.7081
 20
-0.23468
 11
-7.70474
 21
-0.235107
  0
LINE
  8
0
 10
-7.70474
 20
-0.235107
 11
-7.70142
 21
-0.235672
  0
LINE
  8
0
 10
-7.70142
 20
-0.235672
 11
-7.6981
 21
-0.236374
  0
LINE
  8
0
 10
-7.6981
 20
-0.236374
 11
-7.69482
 21
-0.237213
  0
LINE
  8
0
 10
-7.69482
 20
-0.237213
 11
-7.69159
 21
-0.23819
  0
LINE
  8
0
 10
-7.69159
 20
-0.23819
 11
-7.6884
 21
-0.239304
  0
LINE
  8
0
 10
-7.6884
 20
-0.239304
 11
-7.68526
 21
-0.240555
  0
LINE
  8
0
 10
-7.68526
 20
-0.240555
 11
-7.68217
 21
-0.241928
  0
LINE
  8
0
 10
-7.68217
 20
-0.241928
 11
-7.67914
 21
-0.243423
  0
LINE
  8
0
 10
-7.67914
 20
-0.243423
 11
-7.67618
 21
-0.245056
  0
LINE
  8
0
 10
-7.67618
 20
-0.245056
 11
-7.67328
 21
-0.246811
  0
LINE
  8
0
 10
-7.67328
 20
-0.246811
 11
-7.67047
 21
-0.248672
  0
LINE
  8
0
 10
-7.67047
 20
-0.248672
 11
-7.66774
 21
-0.250671
  0
LINE
  8
0
 10
-7.66774
 20
-0.250671
 11
-7.66508
 21
-0.252762
  0
LINE
  8
0
 10
-7.66508
 20
-0.252762
 11
-7.66252
 21
-0.254974
  0
LINE
  8
0
 10
-7.66252
 20
-0.254974
 11
-7.66006
 21
-0.257294
  0
LINE
  8
0
 10
-7.66006
 20
-0.257294
 11
-7.6577
 21
-0.259705
  0
LINE
  8
0
 10
-7.6577
 20
-0.259705
 11
-7.65544
 21
-0.262222
  0
LINE
  8
0
 10
-7.65544
 20
-0.262222
 11
-7.65327
 21
-0.264816
  0
LINE
  8
0
 10
-7.65327
 20
-0.264816
 11
-7.65123
 21
-0.267517
  0
LINE
  8
0
 10
-7.65123
 20
-0.267517
 11
-7.64931
 21
-0.270294
  0
LINE
  8
0
 10
-7.64931
 20
-0.270294
 11
-7.64749
 21
-0.273148
  0
LINE
  8
0
 10
-7.64749
 20
-0.273148
 11
-7.64581
 21
-0.276077
  0
LINE
  8
0
 10
-7.64581
 20
-0.276077
 11
-7.64424
 21
-0.279068
  0
LINE
  8
0
 10
-7.64424
 20
-0.279068
 11
-7.64281
 21
-0.28212
  0
LINE
  8
0
 10
-7.64281
 20
-0.28212
 11
-7.64149
 21
-0.285248
  0
LINE
  8
0
 10
-7.64149
 20
-0.285248
 11
-7.64032
 21
-0.288406
  0
LINE
  8
0
 10
-7.64032
 20
-0.288406
 11
-7.63927
 21
-0.291626
  0
LINE
  8
0
 10
-7.63927
 20
-0.291626
 11
-7.63835
 21
-0.294876
  0
LINE
  8
0
 10
-7.63835
 20
-0.294876
 11
-7.63759
 21
-0.298172
  0
LINE
  8
0
 10
-7.63759
 20
-0.298172
 11
-7.63695
 21
-0.301498
  0
LINE
  8
0
 10
-7.63695
 20
-0.301498
 11
-7.63646
 21
-0.30484
  0
LINE
  8
0
 10
-7.63646
 20
-0.30484
 11
-7.63611
 21
-0.308197
  0
LINE
  8
0
 10
-7.63611
 20
-0.308197
 11
-7.63589
 21
-0.311569
  0
LINE
  8
0
 10
-7.63589
 20
-0.311569
 11
-7.63582
 21
-0.314957
  0
LINE
  8
0
 10
-7.63582
 20
-0.314957
 11
-7.63589
 21
-0.318329
  0
LINE
  8
0
 10
-7.63589
 20
-0.318329
 11
-7.63611
 21
-0.321701
  0
LINE
  8
0
 10
-7.63611
 20
-0.321701
 11
-7.63646
 21
-0.325073
  0
LINE
  8
0
 10
-7.63646
 20
-0.325073
 11
-7.63695
 21
-0.328415
  0
LINE
  8
0
 10
-7.63695
 20
-0.328415
 11
-7.63759
 21
-0.331726
  0
LINE
  8
0
 10
-7.63759
 20
-0.331726
 11
-7.63835
 21
-0.335022
  0
LINE
  8
0
 10
-7.63835
 20
-0.335022
 11
-7.63927
 21
-0.338287
  0
LINE
  8
0
 10
-7.63927
 20
-0.338287
 11
-7.64032
 21
-0.341492
  0
LINE
  8
0
 10
-7.64032
 20
-0.341492
 11
-7.64149
 21
-0.344666
  0
LINE
  8
0
 10
-7.64149
 20
-0.344666
 11
-7.64281
 21
-0.347778
  0
LINE
  8
0
 10
-7.64281
 20
-0.347778
 11
-7.64424
 21
-0.350845
  0
LINE
  8
0
 10
-7.64424
 20
-0.350845
 11
-7.64581
 21
-0.353836
  0
LINE
  8
0
 10
-7.64581
 20
-0.353836
 11
-7.64749
 21
-0.356766
  0
LINE
  8
0
 10
-7.64749
 20
-0.356766
 11
-7.64931
 21
-0.359619
  0
LINE
  8
0
 10
-7.64931
 20
-0.359619
 11
-7.65123
 21
-0.362396
  0
LINE
  8
0
 10
-7.65123
 20
-0.362396
 11
-7.65327
 21
-0.365082
  0
LINE
  8
0
 10
-7.65327
 20
-0.365082
 11
-7.65544
 21
-0.367691
  0
LINE
  8
0
 10
-7.65544
 20
-0.367691
 11
-7.6577
 21
-0.370209
  0
LINE
  8
0
 10
-7.6577
 20
-0.370209
 11
-7.66006
 21
-0.37262
  0
LINE
  8
0
 10
-7.66006
 20
-0.37262
 11
-7.66252
 21
-0.374939
  0
LINE
  8
0
 10
-7.66252
 20
-0.374939
 11
-7.66508
 21
-0.377136
  0
LINE
  8
0
 10
-7.66508
 20
-0.377136
 11
-7.66774
 21
-0.379242
  0
LINE
  8
0
 10
-7.66774
 20
-0.379242
 11
-7.67047
 21
-0.381226
  0
LINE
  8
0
 10
-7.67047
 20
-0.381226
 11
-7.67328
 21
-0.383102
  0
LINE
  8
0
 10
-7.67328
 20
-0.383102
 11
-7.67618
 21
-0.384842
  0
LINE
  8
0
 10
-7.67618
 20
-0.384842
 11
-7.67914
 21
-0.386475
  0
LINE
  8
0
 10
-7.67914
 20
-0.386475
 11
-7.68217
 21
-0.387985
  0
LINE
  8
0
 10
-7.68217
 20
-0.387985
 11
-7.68526
 21
-0.389359
  0
LINE
  8
0
 10
-7.68526
 20
-0.389359
 11
-7.6884
 21
-0.390594
  0
LINE
  8
0
 10
-7.6884
 20
-0.390594
 11
-7.69159
 21
-0.391708
  0
LINE
  8
0
 10
-7.69159
 20
-0.391708
 11
-7.69482
 21
-0.392685
  0
LINE
  8
0
 10
-7.69482
 20
-0.392685
 11
-7.6981
 21
-0.393524
  0
LINE
  8
0
 10
-7.6981
 20
-0.393524
 11
-7.70142
 21
-0.394226
  0
LINE
  8
0
 10
-7.70142
 20
-0.394226
 11
-7.70474
 21
-0.394791
  0
LINE
  8
0
 10
-7.70474
 20
-0.394791
 11
-7.7081
 21
-0.395218
  0
LINE
  8
0
 10
-7.7081
 20
-0.395218
 11
-7.71147
 21
-0.395508
  0
LINE
  8
0
 10
-7.71147
 20
-0.395508
 11
-7.71484
 21
-0.395645
  0
LINE
  8
0
 10
-7.71484
 20
-0.395645
 11
-7.71822
 21
-0.395645
  0
LINE
  8
0
 10
-7.71822
 20
-0.710602
 11
-7.7216
 21
-0.710464
  0
LINE
  8
0
 10
-7.7216
 20
-0.710464
 11
-7.72498
 21
-0.710175
  0
LINE
  8
0
 10
-7.72498
 20
-0.710175
 11
-7.72832
 21
-0.709763
  0
LINE
  8
0
 10
-7.72832
 20
-0.709763
 11
-7.73166
 21
-0.709198
  0
LINE
  8
0
 10
-7.73166
 20
-0.709198
 11
-7.73495
 21
-0.708496
  0
LINE
  8
0
 10
-7.73495
 20
-0.708496
 11
-7.73824
 21
-0.707657
  0
LINE
  8
0
 10
-7.73824
 20
-0.707657
 11
-7.74147
 21
-0.706665
  0
LINE
  8
0
 10
-7.74147
 20
-0.706665
 11
-7.74466
 21
-0.705566
  0
LINE
  8
0
 10
-7.74466
 20
-0.705566
 11
-7.7478
 21
-0.704315
  0
LINE
  8
0
 10
-7.7478
 20
-0.704315
 11
-7.7509
 21
-0.702942
  0
LINE
  8
0
 10
-7.7509
 20
-0.702942
 11
-7.75392
 21
-0.701431
  0
LINE
  8
0
 10
-7.75392
 20
-0.701431
 11
-7.75688
 21
-0.699814
  0
LINE
  8
0
 10
-7.75688
 20
-0.699814
 11
-7.75978
 21
-0.698059
  0
LINE
  8
0
 10
-7.75978
 20
-0.698059
 11
-7.76259
 21
-0.696182
  0
LINE
  8
0
 10
-7.76259
 20
-0.696182
 11
-7.76534
 21
-0.694199
  0
LINE
  8
0
 10
-7.76534
 20
-0.694199
 11
-7.76797
 21
-0.692108
  0
LINE
  8
0
 10
-7.76797
 20
-0.692108
 11
-7.77054
 21
-0.689896
  0
LINE
  8
0
 10
-7.77054
 20
-0.689896
 11
-7.77299
 21
-0.687576
  0
LINE
  8
0
 10
-7.77299
 20
-0.687576
 11
-7.77536
 21
-0.685165
  0
LINE
  8
0
 10
-7.77536
 20
-0.685165
 11
-7.77763
 21
-0.682648
  0
LINE
  8
0
 10
-7.77763
 20
-0.682648
 11
-7.77979
 21
-0.680038
  0
LINE
  8
0
 10
-7.77979
 20
-0.680038
 11
-7.78183
 21
-0.677353
  0
LINE
  8
0
 10
-7.78183
 20
-0.677353
 11
-7.78375
 21
-0.674576
  0
LINE
  8
0
 10
-7.78375
 20
-0.674576
 11
-7.78557
 21
-0.671722
  0
LINE
  8
0
 10
-7.78557
 20
-0.671722
 11
-7.78726
 21
-0.668793
  0
LINE
  8
0
 10
-7.78726
 20
-0.668793
 11
-7.78882
 21
-0.665802
  0
LINE
  8
0
 10
-7.78882
 20
-0.665802
 11
-7.79027
 21
-0.662735
  0
LINE
  8
0
 10
-7.79027
 20
-0.662735
 11
-7.79158
 21
-0.659622
  0
LINE
  8
0
 10
-7.79158
 20
-0.659622
 11
-7.79276
 21
-0.656464
  0
LINE
  8
0
 10
-7.79276
 20
-0.656464
 11
-7.79379
 21
-0.653244
  0
LINE
  8
0
 10
-7.79379
 20
-0.653244
 11
-7.79471
 21
-0.649979
  0
LINE
  8
0
 10
-7.79471
 20
-0.649979
 11
-7.79547
 21
-0.646698
  0
LINE
  8
0
 10
-7.79547
 20
-0.646698
 11
-7.79611
 21
-0.643372
  0
LINE
  8
0
 10
-7.79611
 20
-0.643372
 11
-7.7966
 21
-0.64003
  0
LINE
  8
0
 10
-7.7966
 20
-0.64003
 11
-7.79695
 21
-0.636673
  0
LINE
  8
0
 10
-7.79695
 20
-0.636673
 11
-7.79716
 21
-0.633301
  0
LINE
  8
0
 10
-7.79716
 20
-0.633301
 11
-7.79724
 21
-0.629913
  0
LINE
  8
0
 10
-7.79724
 20
-0.629913
 11
-7.79716
 21
-0.626541
  0
LINE
  8
0
 10
-7.79716
 20
-0.626541
 11
-7.79695
 21
-0.623154
  0
LINE
  8
0
 10
-7.79695
 20
-0.623154
 11
-7.7966
 21
-0.619797
  0
LINE
  8
0
 10
-7.7966
 20
-0.619797
 11
-7.79611
 21
-0.616455
  0
LINE
  8
0
 10
-7.79611
 20
-0.616455
 11
-7.79547
 21
-0.613129
  0
LINE
  8
0
 10
-7.79547
 20
-0.613129
 11
-7.79471
 21
-0.609848
  0
LINE
  8
0
 10
-7.79471
 20
-0.609848
 11
-7.79379
 21
-0.606583
  0
LINE
  8
0
 10
-7.79379
 20
-0.606583
 11
-7.79276
 21
-0.603378
  0
LINE
  8
0
 10
-7.79276
 20
-0.603378
 11
-7.79158
 21
-0.600204
  0
LINE
  8
0
 10
-7.79158
 20
-0.600204
 11
-7.79027
 21
-0.597092
  0
LINE
  8
0
 10
-7.79027
 20
-0.597092
 11
-7.78882
 21
-0.594025
  0
LINE
  8
0
 10
-7.78882
 20
-0.594025
 11
-7.78726
 21
-0.591034
  0
LINE
  8
0
 10
-7.78726
 20
-0.591034
 11
-7.78557
 21
-0.588104
  0
LINE
  8
0
 10
-7.78557
 20
-0.588104
 11
-7.78375
 21
-0.585251
  0
LINE
  8
0
 10
-7.78375
 20
-0.585251
 11
-7.78183
 21
-0.582474
  0
LINE
  8
0
 10
-7.78183
 20
-0.582474
 11
-7.77979
 21
-0.579788
  0
LINE
  8
0
 10
-7.77979
 20
-0.579788
 11
-7.77763
 21
-0.577179
  0
LINE
  8
0
 10
-7.77763
 20
-0.577179
 11
-7.77536
 21
-0.574661
  0
LINE
  8
0
 10
-7.77536
 20
-0.574661
 11
-7.77299
 21
-0.57225
  0
LINE
  8
0
 10
-7.77299
 20
-0.57225
 11
-7.77054
 21
-0.569931
  0
LINE
  8
0
 10
-7.77054
 20
-0.569931
 11
-7.76797
 21
-0.567734
  0
LINE
  8
0
 10
-7.76797
 20
-0.567734
 11
-7.76534
 21
-0.565628
  0
LINE
  8
0
 10
-7.76534
 20
-0.565628
 11
-7.76259
 21
-0.563644
  0
LINE
  8
0
 10
-7.76259
 20
-0.563644
 11
-7.75978
 21
-0.561768
  0
LINE
  8
0
 10
-7.75978
 20
-0.561768
 11
-7.75688
 21
-0.560013
  0
LINE
  8
0
 10
-7.75688
 20
-0.560013
 11
-7.75392
 21
-0.558395
  0
LINE
  8
0
 10
-7.75392
 20
-0.558395
 11
-7.7509
 21
-0.556885
  0
LINE
  8
0
 10
-7.7509
 20
-0.556885
 11
-7.7478
 21
-0.555511
  0
LINE
  8
0
 10
-7.7478
 20
-0.555511
 11
-7.74466
 21
-0.55426
  0
LINE
  8
0
 10
-7.74466
 20
-0.55426
 11
-7.74147
 21
-0.553162
  0
LINE
  8
0
 10
-7.74147
 20
-0.553162
 11
-7.73824
 21
-0.552185
  0
LINE
  8
0
 10
-7.73824
 20
-0.552185
 11
-7.73495
 21
-0.551331
  0
LINE
  8
0
 10
-7.73495
 20
-0.551331
 11
-7.73166
 21
-0.550629
  0
LINE
  8
0
 10
-7.73166
 20
-0.550629
 11
-7.72832
 21
-0.550064
  0
LINE
  8
0
 10
-7.72832
 20
-0.550064
 11
-7.72498
 21
-0.549652
  0
LINE
  8
0
 10
-7.72498
 20
-0.549652
 11
-7.7216
 21
-0.549362
  0
LINE
  8
0
 10
-7.7216
 20
-0.549362
 11
-7.71822
 21
-0.549225
  0
LINE
  8
0
 10
-7.71822
 20
-0.549225
 11
-7.71484
 21
-0.549225
  0
LINE
  8
0
 10
-7.71484
 20
-0.549225
 11
-7.71147
 21
-0.549362
  0
LINE
  8
0
 10
-7.71147
 20
-0.549362
 11
-7.7081
 21
-0.549652
  0
LINE
  8
0
 10
-7.7081
 20
-0.549652
 11
-7.70474
 21
-0.550064
  0
LINE
  8
0
 10
-7.70474
 20
-0.550064
 11
-7.70142
 21
-0.550629
  0
LINE
  8
0
 10
-7.70142
 20
-0.550629
 11
-7.6981
 21
-0.551331
  0
LINE
  8
0
 10
-7.6981
 20
-0.551331
 11
-7.69482
 21
-0.552185
  0
LINE
  8
0
 10
-7.69482
 20
-0.552185
 11
-7.69159
 21
-0.553162
  0
LINE
  8
0
 10
-7.69159
 20
-0.553162
 11
-7.6884
 21
-0.55426
  0
LINE
  8
0
 10
-7.6884
 20
-0.55426
 11
-7.68526
 21
-0.555511
  0
LINE
  8
0
 10
-7.68526
 20
-0.555511
 11
-7.68217
 21
-0.556885
  0
LINE
  8
0
 10
-7.68217
 20
-0.556885
 11
-7.67914
 21
-0.558395
  0
LINE
  8
0
 10
-7.67914
 20
-0.558395
 11
-7.67618
 21
-0.560013
  0
LINE
  8
0
 10
-7.67618
 20
-0.560013
 11
-7.67328
 21
-0.561768
  0
LINE
  8
0
 10
-7.67328
 20
-0.561768
 11
-7.67047
 21
-0.563644
  0
LINE
  8
0
 10
-7.67047
 20
-0.563644
 11
-7.66774
 21
-0.565628
  0
LINE
  8
0
 10
-7.66774
 20
-0.565628
 11
-7.66508
 21
-0.567734
  0
LINE
  8
0
 10
-7.66508
 20
-0.567734
 11
-7.66252
 21
-0.569931
  0
LINE
  8
0
 10
-7.66252
 20
-0.569931
 11
-7.66006
 21
-0.57225
  0
LINE
  8
0
 10
-7.66006
 20
-0.57225
 11
-7.6577
 21
-0.574661
  0
LINE
  8
0
 10
-7.6577
 20
-0.574661
 11
-7.65544
 21
-0.577179
  0
LINE
  8
0
 10
-7.65544
 20
-0.577179
 11
-7.65327
 21
-0.579788
  0
LINE
  8
0
 10
-7.65327
 20
-0.579788
 11
-7.65123
 21
-0.582474
  0
LINE
  8
0
 10
-7.65123
 20
-0.582474
 11
-7.64931
 21
-0.585251
  0
LINE
  8
0
 10
-7.64931
 20
-0.585251
 11
-7.64749
 21
-0.588104
  0
LINE
  8
0
 10
-7.64749
 20
-0.588104
 11
-7.64581
 21
-0.591034
  0
LINE
  8
0
 10
-7.64581
 20
-0.591034
 11
-7.64424
 21
-0.594025
  0
LINE
  8
0
 10
-7.64424
 20
-0.594025
 11
-7.64281
 21
-0.597092
  0
LINE
  8
0
 10
-7.64281
 20
-0.597092
 11
-7.64149
 21
-0.600204
  0
LINE
  8
0
 10
-7.64149
 20
-0.600204
 11
-7.64032
 21
-0.603378
  0
LINE
  8
0
 10
-7.64032
 20
-0.603378
 11
-7.63927
 21
-0.606583
  0
LINE
  8
0
 10
-7.63927
 20
-0.606583
 11
-7.63835
 21
-0.609848
  0
LINE
  8
0
 10
-7.63835
 20
-0.609848
 11
-7.63759
 21
-0.613129
  0
LINE
  8
0
 10
-7.63759
 20
-0.613129
 11
-7.63695
 21
-0.616455
  0
LINE
  8
0
 10
-7.63695
 20
-0.616455
 11
-7.63646
 21
-0.619797
  0
LINE
  8
0
 10
-7.63646
 20
-0.619797
 11
-7.63611
 21
-0.623154
  0
LINE
  8
0
 10
-7.63611
 20
-0.623154
 11
-7.63589
 21
-0.626541
  0
LINE
  8
0
 10
-7.63589
 20
-0.626541
 11
-7.63582
 21
-0.629913
  0
LINE
  8
0
 10
-7.63582
 20
-0.629913
 11
-7.63589
 21
-0.633301
  0
LINE
  8
0
 10
-7.63589
 20
-0.633301
 11
-7.63611
 21
-0.636673
  0
LINE
  8
0
 10
-7.63611
 20
-0.636673
 11
-7.63646
 21
-0.64003
  0
LINE
  8
0
 10
-7.63646
 20
-0.64003
 11
-7.63695
 21
-0.643372
  0
LINE
  8
0
 10
-7.63695
 20
-0.643372
 11
-7.63759
 21
-0.646698
  0
LINE
  8
0
 10
-7.63759
 20
-0.646698
 11
-7.63835
 21
-0.649979
  0
LINE
  8
0
 10
-7.63835
 20
-0.649979
 11
-7.63927
 21
-0.653244
  0
LINE
  8
0
 10
-7.63927
 20
-0.653244
 11
-7.64032
 21
-0.656464
  0
LINE
  8
0
 10
-7.64032
 20
-0.656464
 11
-7.64149
 21
-0.659622
  0
LINE
  8
0
 10
-7.64149
 20
-0.659622
 11
-7.64281
 21
-0.662735
  0
LINE
  8
0
 10
-7.64281
 20
-0.662735
 11
-7.64424
 21
-0.665802
  0
LINE
  8
0
 10
-7.64424
 20
-0.665802
 11
-7.64581
 21
-0.668793
  0
LINE
  8
0
 10
-7.64581
 20
-0.668793
 11
-7.64749
 21
-0.671722
  0
LINE
  8
0
 10
-7.64749
 20
-0.671722
 11
-7.64931
 21
-0.674576
  0
LINE
  8
0
 10
-7.64931
 20
-0.674576
 11
-7.65123
 21
-0.677353
  0
LINE
  8
0
 10
-7.65123
 20
-0.677353
 11
-7.65327
 21
-0.680038
  0
LINE
  8
0
 10
-7.65327
 20
-0.680038
 11
-7.65544
 21
-0.682648
  0
LINE
  8
0
 10
-7.65544
 20
-0.682648
 11
-7.6577
 21
-0.685165
  0
LINE
  8
0
 10
-7.6577
 20
-0.685165
 11
-7.66006
 21
-0.687576
  0
LINE
  8
0
 10
-7.66006
 20
-0.687576
 11
-7.66252
 21
-0.689896
  0
LINE
  8
0
 10
-7.66252
 20
-0.689896
 11
-7.66508
 21
-0.692108
  0
LINE
  8
0
 10
-7.66508
 20
-0.692108
 11
-7.66774
 21
-0.694199
  0
LINE
  8
0
 10
-7.66774
 20
-0.694199
 11
-7.67047
 21
-0.696182
  0
LINE
  8
0
 10
-7.67047
 20
-0.696182
 11
-7.67328
 21
-0.698059
  0
LINE
  8
0
 10
-7.67328
 20
-0.698059
 11
-7.67618
 21
-0.699814
  0
LINE
  8
0
 10
-7.67618
 20
-0.699814
 11
-7.67914
 21
-0.701431
  0
LINE
  8
0
 10
-7.67914
 20
-0.701431
 11
-7.68217
 21
-0.702942
  0
LINE
  8
0
 10
-7.68217
 20
-0.702942
 11
-7.68526
 21
-0.704315
  0
LINE
  8
0
 10
-7.68526
 20
-0.704315
 11
-7.6884
 21
-0.705566
  0
LINE
  8
0
 10
-7.6884
 20
-0.705566
 11
-7.69159
 21
-0.706665
  0
LINE
  8
0
 10
-7.69159
 20
-0.706665
 11
-7.69482
 21
-0.707657
  0
LINE
  8
0
 10
-7.69482
 20
-0.707657
 11
-7.6981
 21
-0.708496
  0
LINE
  8
0
 10
-7.6981
 20
-0.708496
 11
-7.70142
 21
-0.709198
  0
LINE
  8
0
 10
-7.70142
 20
-0.709198
 11
-7.70474
 21
-0.709763
  0
LINE
  8
0
 10
-7.70474
 20
-0.709763
 11
-7.7081
 21
-0.710175
  0
LINE
  8
0
 10
-7.7081
 20
-0.710175
 11
-7.71147
 21
-0.710464
  0
LINE
  8
0
 10
-7.71147
 20
-0.710464
 11
-7.71484
 21
-0.710602
  0
LINE
  8
0
 10
-7.71484
 20
-0.710602
 11
-7.71822
 21
-0.710602
  0
LINE
  8
0
 10
6.455
 20
-0.710602
 11
6.45161
 21
-0.710464
  0
LINE
  8
0
 10
6.45161
 20
-0.710464
 11
6.44826
 21
-0.710175
  0
LINE
  8
0
 10
6.44826
 20
-0.710175
 11
6.4449
 21
-0.709763
  0
LINE
  8
0
 10
6.4449
 20
-0.709763
 11
6.44156
 21
-0.709198
  0
LINE
  8
0
 10
6.44156
 20
-0.709198
 11
6.43826
 21
-0.708496
  0
LINE
  8
0
 10
6.43826
 20
-0.708496
 11
6.43498
 21
-0.707657
  0
LINE
  8
0
 10
6.43498
 20
-0.707657
 11
6.43175
 21
-0.706665
  0
LINE
  8
0
 10
6.43175
 20
-0.706665
 11
6.42856
 21
-0.705566
  0
LINE
  8
0
 10
6.42856
 20
-0.705566
 11
6.42542
 21
-0.704315
  0
LINE
  8
0
 10
6.42542
 20
-0.704315
 11
6.42232
 21
-0.702942
  0
LINE
  8
0
 10
6.42232
 20
-0.702942
 11
6.4193
 21
-0.701431
  0
LINE
  8
0
 10
6.4193
 20
-0.701431
 11
6.41634
 21
-0.699814
  0
LINE
  8
0
 10
6.41634
 20
-0.699814
 11
6.41344
 21
-0.698059
  0
LINE
  8
0
 10
6.41344
 20
-0.698059
 11
6.41063
 21
-0.696182
  0
LINE
  8
0
 10
6.41063
 20
-0.696182
 11
6.4079
 21
-0.694199
  0
LINE
  8
0
 10
6.4079
 20
-0.694199
 11
6.40524
 21
-0.692108
  0
LINE
  8
0
 10
6.40524
 20
-0.692108
 11
6.40268
 21
-0.689896
  0
LINE
  8
0
 10
6.40268
 20
-0.689896
 11
6.40022
 21
-0.687576
  0
LINE
  8
0
 10
6.40022
 20
-0.687576
 11
6.39786
 21
-0.685165
  0
LINE
  8
0
 10
6.39786
 20
-0.685165
 11
6.3956
 21
-0.682648
  0
LINE
  8
0
 10
6.3956
 20
-0.682648
 11
6.39343
 21
-0.680038
  0
LINE
  8
0
 10
6.39343
 20
-0.680038
 11
6.39139
 21
-0.677353
  0
LINE
  8
0
 10
6.39139
 20
-0.677353
 11
6.38947
 21
-0.674576
  0
LINE
  8
0
 10
6.38947
 20
-0.674576
 11
6.38765
 21
-0.671722
  0
LINE
  8
0
 10
6.38765
 20
-0.671722
 11
6.38597
 21
-0.668793
  0
LINE
  8
0
 10
6.38597
 20
-0.668793
 11
6.3844
 21
-0.665802
  0
LINE
  8
0
 10
6.3844
 20
-0.665802
 11
6.38297
 21
-0.662735
  0
LINE
  8
0
 10
6.38297
 20
-0.662735
 11
6.38165
 21
-0.659622
  0
LINE
  8
0
 10
6.38165
 20
-0.659622
 11
6.38046
 21
-0.656464
  0
LINE
  8
0
 10
6.38046
 20
-0.656464
 11
6.37943
 21
-0.653244
  0
LINE
  8
0
 10
6.37943
 20
-0.653244
 11
6.37851
 21
-0.649979
  0
LINE
  8
0
 10
6.37851
 20
-0.649979
 11
6.37775
 21
-0.646698
  0
LINE
  8
0
 10
6.37775
 20
-0.646698
 11
6.37711
 21
-0.643372
  0
LINE
  8
0
 10
6.37711
 20
-0.643372
 11
6.37662
 21
-0.64003
  0
LINE
  8
0
 10
6.37662
 20
-0.64003
 11
6.37627
 21
-0.636673
  0
LINE
  8
0
 10
6.37627
 20
-0.636673
 11
6.37605
 21
-0.633301
  0
LINE
  8
0
 10
6.37605
 20
-0.633301
 11
6.37598
 21
-0.629913
  0
LINE
  8
0
 10
6.37598
 20
-0.629913
 11
6.37605
 21
-0.626541
  0
LINE
  8
0
 10
6.37605
 20
-0.626541
 11
6.37627
 21
-0.623154
  0
LINE
  8
0
 10
6.37627
 20
-0.623154
 11
6.37662
 21
-0.619797
  0
LINE
  8
0
 10
6.37662
 20
-0.619797
 11
6.37711
 21
-0.616455
  0
LINE
  8
0
 10
6.37711
 20
-0.616455
 11
6.37775
 21
-0.613129
  0
LINE
  8
0
 10
6.37775
 20
-0.613129
 11
6.37851
 21
-0.609848
  0
LINE
  8
0
 10
6.37851
 20
-0.609848
 11
6.37943
 21
-0.606583
  0
LINE
  8
0
 10
6.37943
 20
-0.606583
 11
6.38046
 21
-0.603378
  0
LINE
  8
0
 10
6.38046
 20
-0.603378
 11
6.38165
 21
-0.600204
  0
LINE
  8
0
 10
6.38165
 20
-0.600204
 11
6.38297
 21
-0.597092
  0
LINE
  8
0
 10
6.38297
 20
-0.597092
 11
6.3844
 21
-0.594025
  0
LINE
  8
0
 10
6.3844
 20
-0.594025
 11
6.38597
 21
-0.591034
  0
LINE
  8
0
 10
6.38597
 20
-0.591034
 11
6.38765
 21
-0.588104
  0
LINE
  8
0
 10
6.38765
 20
-0.588104
 11
6.38947
 21
-0.585251
  0
LINE
  8
0
 10
6.38947
 20
-0.585251
 11
6.39139
 21
-0.582474
  0
LINE
  8
0
 10
6.39139
 20
-0.582474
 11
6.39343
 21
-0.579788
  0
LINE
  8
0
 10
6.39343
 20
-0.579788
 11
6.3956
 21
-0.577179
  0
LINE
  8
0
 10
6.3956
 20
-0.577179
 11
6.39786
 21
-0.574661
  0
LINE
  8
0
 10
6.39786
 20
-0.574661
 11
6.40022
 21
-0.57225
  0
LINE
  8
0
 10
6.40022
 20
-0.57225
 11
6.40268
 21
-0.569931
  0
LINE
  8
0
 10
6.40268
 20
-0.569931
 11
6.40524
 21
-0.567734
  0
LINE
  8
0
 10
6.40524
 20
-0.567734
 11
6.4079
 21
-0.565628
  0
LINE
  8
0
 10
6.4079
 20
-0.565628
 11
6.41063
 21
-0.563644
  0
LINE
  8
0
 10
6.41063
 20
-0.563644
 11
6.41344
 21
-0.561768
  0
LINE
  8
0
 10
6.41344
 20
-0.561768
 11
6.41634
 21
-0.560013
  0
LINE
  8
0
 10
6.41634
 20
-0.560013
 11
6.4193
 21
-0.558395
  0
LINE
  8
0
 10
6.4193
 20
-0.558395
 11
6.42232
 21
-0.556885
  0
LINE
  8
0
 10
6.42232
 20
-0.556885
 11
6.42542
 21
-0.555511
  0
LINE
  8
0
 10
6.42542
 20
-0.555511
 11
6.42856
 21
-0.55426
  0
LINE
  8
0
 10
6.42856
 20
-0.55426
 11
6.43175
 21
-0.553162
  0
LINE
  8
0
 10
6.43175
 20
-0.553162
 11
6.43498
 21
-0.552185
  0
LINE
  8
0
 10
6.43498
 20
-0.552185
 11
6.43826
 21
-0.551331
  0
LINE
  8
0
 10
6.43826
 20
-0.551331
 11
6.44156
 21
-0.550629
  0
LINE
  8
0
 10
6.44156
 20
-0.550629
 11
6.4449
 21
-0.550064
  0
LINE
  8
0
 10
6.4449
 20
-0.550064
 11
6.44826
 21
-0.549652
  0
LINE
  8
0
 10
6.44826
 20
-0.549652
 11
6.45161
 21
-0.549362
  0
LINE
  8
0
 10
6.45161
 20
-0.549362
 11
6.455
 21
-0.549225
  0
LINE
  8
0
 10
6.455
 20
-0.549225
 11
6.45837
 21
-0.549225
  0
LINE
  8
0
 10
6.45837
 20
-0.549225
 11
6.46176
 21
-0.549362
  0
LINE
  8
0
 10
6.46176
 20
-0.549362
 11
6.46512
 21
-0.549652
  0
LINE
  8
0
 10
6.46512
 20
-0.549652
 11
6.46848
 21
-0.550064
  0
LINE
  8
0
 10
6.46848
 20
-0.550064
 11
6.47182
 21
-0.550629
  0
LINE
  8
0
 10
6.47182
 20
-0.550629
 11
6.47511
 21
-0.551331
  0
LINE
  8
0
 10
6.47511
 20
-0.551331
 11
6.47839
 21
-0.552185
  0
LINE
  8
0
 10
6.47839
 20
-0.552185
 11
6.48163
 21
-0.553162
  0
LINE
  8
0
 10
6.48163
 20
-0.553162
 11
6.48482
 21
-0.55426
  0
LINE
  8
0
 10
6.48482
 20
-0.55426
 11
6.48796
 21
-0.555511
  0
LINE
  8
0
 10
6.48796
 20
-0.555511
 11
6.49106
 21
-0.556885
  0
LINE
  8
0
 10
6.49106
 20
-0.556885
 11
6.49408
 21
-0.558395
  0
LINE
  8
0
 10
6.49408
 20
-0.558395
 11
6.49704
 21
-0.560013
  0
LINE
  8
0
 10
6.49704
 20
-0.560013
 11
6.49994
 21
-0.561768
  0
LINE
  8
0
 10
6.49994
 20
-0.561768
 11
6.50275
 21
-0.563644
  0
LINE
  8
0
 10
6.50275
 20
-0.563644
 11
6.50549
 21
-0.565628
  0
LINE
  8
0
 10
6.50549
 20
-0.565628
 11
6.50813
 21
-0.567734
  0
LINE
  8
0
 10
6.50813
 20
-0.567734
 11
6.5107
 21
-0.569931
  0
LINE
  8
0
 10
6.5107
 20
-0.569931
 11
6.51315
 21
-0.57225
  0
LINE
  8
0
 10
6.51315
 20
-0.57225
 11
6.51552
 21
-0.574661
  0
LINE
  8
0
 10
6.51552
 20
-0.574661
 11
6.51779
 21
-0.577179
  0
LINE
  8
0
 10
6.51779
 20
-0.577179
 11
6.51994
 21
-0.579788
  0
LINE
  8
0
 10
6.51994
 20
-0.579788
 11
6.52199
 21
-0.582474
  0
LINE
  8
0
 10
6.52199
 20
-0.582474
 11
6.52391
 21
-0.585251
  0
LINE
  8
0
 10
6.52391
 20
-0.585251
 11
6.52573
 21
-0.588104
  0
LINE
  8
0
 10
6.52573
 20
-0.588104
 11
6.52742
 21
-0.591034
  0
LINE
  8
0
 10
6.52742
 20
-0.591034
 11
6.52898
 21
-0.594025
  0
LINE
  8
0
 10
6.52898
 20
-0.594025
 11
6.53043
 21
-0.597092
  0
LINE
  8
0
 10
6.53043
 20
-0.597092
 11
6.53172
 21
-0.600204
  0
LINE
  8
0
 10
6.53172
 20
-0.600204
 11
6.53291
 21
-0.603378
  0
LINE
  8
0
 10
6.53291
 20
-0.603378
 11
6.53395
 21
-0.606583
  0
LINE
  8
0
 10
6.53395
 20
-0.606583
 11
6.53487
 21
-0.609848
  0
LINE
  8
0
 10
6.53487
 20
-0.609848
 11
6.53563
 21
-0.613129
  0
LINE
  8
0
 10
6.53563
 20
-0.613129
 11
6.53627
 21
-0.616455
  0
LINE
  8
0
 10
6.53627
 20
-0.616455
 11
6.53676
 21
-0.619797
  0
LINE
  8
0
 10
6.53676
 20
-0.619797
 11
6.53711
 21
-0.623154
  0
LINE
  8
0
 10
6.53711
 20
-0.623154
 11
6.53732
 21
-0.626541
  0
LINE
  8
0
 10
6.53732
 20
-0.626541
 11
6.5374
 21
-0.629913
  0
LINE
  8
0
 10
6.5374
 20
-0.629913
 11
6.53732
 21
-0.633301
  0
LINE
  8
0
 10
6.53732
 20
-0.633301
 11
6.53711
 21
-0.636673
  0
LINE
  8
0
 10
6.53711
 20
-0.636673
 11
6.53676
 21
-0.64003
  0
LINE
  8
0
 10
6.53676
 20
-0.64003
 11
6.53627
 21
-0.643372
  0
LINE
  8
0
 10
6.53627
 20
-0.643372
 11
6.53563
 21
-0.646698
  0
LINE
  8
0
 10
6.53563
 20
-0.646698
 11
6.53487
 21
-0.649979
  0
LINE
  8
0
 10
6.53487
 20
-0.649979
 11
6.53395
 21
-0.653244
  0
LINE
  8
0
 10
6.53395
 20
-0.653244
 11
6.53291
 21
-0.656464
  0
LINE
  8
0
 10
6.53291
 20
-0.656464
 11
6.53172
 21
-0.659622
  0
LINE
  8
0
 10
6.53172
 20
-0.659622
 11
6.53043
 21
-0.662735
  0
LINE
  8
0
 10
6.53043
 20
-0.662735
 11
6.52898
 21
-0.665802
  0
LINE
  8
0
 10
6.52898
 20
-0.665802
 11
6.52742
 21
-0.668793
  0
LINE
  8
0
 10
6.52742
 20
-0.668793
 11
6.52573
 21
-0.671722
  0
LINE
  8
0
 10
6.52573
 20
-0.671722
 11
6.52391
 21
-0.674576
  0
LINE
  8
0
 10
6.52391
 20
-0.674576
 11
6.52199
 21
-0.677353
  0
LINE
  8
0
 10
6.52199
 20
-0.677353
 11
6.51994
 21
-0.680038
  0
LINE
  8
0
 10
6.51994
 20
-0.680038
 11
6.51779
 21
-0.682648
  0
LINE
  8
0
 10
6.51779
 20
-0.682648
 11
6.51552
 21
-0.685165
  0
LINE
  8
0
 10
6.51552
 20
-0.685165
 11
6.51315
 21
-0.687576
  0
LINE
  8
0
 10
6.51315
 20
-0.687576
 11
6.5107
 21
-0.689896
  0
LINE
  8
0
 10
6.5107
 20
-0.689896
 11
6.50813
 21
-0.692108
  0
LINE
  8
0
 10
6.50813
 20
-0.692108
 11
6.50549
 21
-0.694199
  0
LINE
  8
0
 10
6.50549
 20
-0.694199
 11
6.50275
 21
-0.696182
  0
LINE
  8
0
 10
6.50275
 20
-0.696182
 11
6.49994
 21
-0.698059
  0
LINE
  8
0
 10
6.49994
 20
-0.698059
 11
6.49704
 21
-0.699814
  0
LINE
  8
0
 10
6.49704
 20
-0.699814
 11
6.49408
 21
-0.701431
  0
LINE
  8
0
 10
6.49408
 20
-0.701431
 11
6.49106
 21
-0.702942
  0
LINE
  8
0
 10
6.49106
 20
-0.702942
 11
6.48796
 21
-0.704315
  0
LINE
  8
0
 10
6.48796
 20
-0.704315
 11
6.48482
 21
-0.705566
  0
LINE
  8
0
 10
6.48482
 20
-0.705566
 11
6.48163
 21
-0.706665
  0
LINE
  8
0
 10
6.48163
 20
-0.706665
 11
6.47839
 21
-0.707657
  0
LINE
  8
0
 10
6.47839
 20
-0.707657
 11
6.47511
 21
-0.708496
  0
LINE
  8
0
 10
6.47511
 20
-0.708496
 11
6.47182
 21
-0.709198
  0
LINE
  8
0
 10
6.47182
 20
-0.709198
 11
6.46848
 21
-0.709763
  0
LINE
  8
0
 10
6.46848
 20
-0.709763
 11
6.46512
 21
-0.710175
  0
LINE
  8
0
 10
6.46512
 20
-0.710175
 11
6.46176
 21
-0.710464
  0
LINE
  8
0
 10
6.46176
 20
-0.710464
 11
6.45837
 21
-0.710602
  0
LINE
  8
0
 10
6.45837
 20
-0.710602
 11
6.455
 21
-0.710602
  0
LINE
  8
0
 10
7.71484
 20
-0.710602
 11
7.71147
 21
-0.710464
  0
LINE
  8
0
 10
7.71147
 20
-0.710464
 11
7.7081
 21
-0.710175
  0
LINE
  8
0
 10
7.7081
 20
-0.710175
 11
7.70474
 21
-0.709763
  0
LINE
  8
0
 10
7.70474
 20
-0.709763
 11
7.70142
 21
-0.709198
  0
LINE
  8
0
 10
7.70142
 20
-0.709198
 11
7.6981
 21
-0.708496
  0
LINE
  8
0
 10
7.6981
 20
-0.708496
 11
7.69482
 21
-0.707657
  0
LINE
  8
0
 10
7.69482
 20
-0.707657
 11
7.69159
 21
-0.706665
  0
LINE
  8
0
 10
7.69159
 20
-0.706665
 11
7.6884
 21
-0.705566
  0
LINE
  8
0
 10
7.6884
 20
-0.705566
 11
7.68526
 21
-0.704315
  0
LINE
  8
0
 10
7.68526
 20
-0.704315
 11
7.68217
 21
-0.702942
  0
LINE
  8
0
 10
7.68217
 20
-0.702942
 11
7.67914
 21
-0.701431
  0
LINE
  8
0
 10
7.67914
 20
-0.701431
 11
7.67618
 21
-0.699814
  0
LINE
  8
0
 10
7.67618
 20
-0.699814
 11
7.67328
 21
-0.698059
  0
LINE
  8
0
 10
7.67328
 20
-0.698059
 11
7.67047
 21
-0.696182
  0
LINE
  8
0
 10
7.67047
 20
-0.696182
 11
7.66774
 21
-0.694199
  0
LINE
  8
0
 10
7.66774
 20
-0.694199
 11
7.66508
 21
-0.692108
  0
LINE
  8
0
 10
7.66508
 20
-0.692108
 11
7.66252
 21
-0.689896
  0
LINE
  8
0
 10
7.66252
 20
-0.689896
 11
7.66006
 21
-0.687576
  0
LINE
  8
0
 10
7.66006
 20
-0.687576
 11
7.6577
 21
-0.685165
  0
LINE
  8
0
 10
7.6577
 20
-0.685165
 11
7.65544
 21
-0.682648
  0
LINE
  8
0
 10
7.65544
 20
-0.682648
 11
7.65327
 21
-0.680038
  0
LINE
  8
0
 10
7.65327
 20
-0.680038
 11
7.65123
 21
-0.677353
  0
LINE
  8
0
 10
7.65123
 20
-0.677353
 11
7.64931
 21
-0.674576
  0
LINE
  8
0
 10
7.64931
 20
-0.674576
 11
7.64749
 21
-0.671722
  0
LINE
  8
0
 10
7.64749
 20
-0.671722
 11
7.64581
 21
-0.668793
  0
LINE
  8
0
 10
7.64581
 20
-0.668793
 11
7.64424
 21
-0.665802
  0
LINE
  8
0
 10
7.64424
 20
-0.665802
 11
7.64281
 21
-0.662735
  0
LINE
  8
0
 10
7.64281
 20
-0.662735
 11
7.64149
 21
-0.659622
  0
LINE
  8
0
 10
7.64149
 20
-0.659622
 11
7.64032
 21
-0.656464
  0
LINE
  8
0
 10
7.64032
 20
-0.656464
 11
7.63927
 21
-0.653244
  0
LINE
  8
0
 10
7.63927
 20
-0.653244
 11
7.63835
 21
-0.649979
  0
LINE
  8
0
 10
7.63835
 20
-0.649979
 11
7.63759
 21
-0.646698
  0
LINE
  8
0
 10
7.63759
 20
-0.646698
 11
7.63695
 21
-0.643372
  0
LINE
  8
0
 10
7.63695
 20
-0.643372
 11
7.63646
 21
-0.64003
  0
LINE
  8
0
 10
7.63646
 20
-0.64003
 11
7.63611
 21
-0.636673
  0
LINE
  8
0
 10
7.63611
 20
-0.636673
 11
7.63589
 21
-0.633301
  0
LINE
  8
0
 10
7.63589
 20
-0.633301
 11
7.63582
 21
-0.629913
  0
LINE
  8
0
 10
7.63582
 20
-0.629913
 11
7.63589
 21
-0.626541
  0
LINE
  8
0
 10
7.63589
 20
-0.626541
 11
7.63611
 21
-0.623154
  0
LINE
  8
0
 10
7.63611
 20
-0.623154
 11
7.63646
 21
-0.619797
  0
LINE
  8
0
 10
7.63646
 20
-0.619797
 11
7.63695
 21
-0.616455
  0
LINE
  8
0
 10
7.63695
 20
-0.616455
 11
7.63759
 21
-0.613129
  0
LINE
  8
0
 10
7.63759
 20
-0.613129
 11
7.63835
 21
-0.609848
  0
LINE
  8
0
 10
7.63835
 20
-0.609848
 11
7.63927
 21
-0.606583
  0
LINE
  8
0
 10
7.63927
 20
-0.606583
 11
7.64032
 21
-0.603378
  0
LINE
  8
0
 10
7.64032
 20
-0.603378
 11
7.64149
 21
-0.600204
  0
LINE
  8
0
 10
7.64149
 20
-0.600204
 11
7.64281
 21
-0.597092
  0
LINE
  8
0
 10
7.64281
 20
-0.597092
 11
7.64424
 21
-0.594025
  0
LINE
  8
0
 10
7.64424
 20
-0.594025
 11
7.64581
 21
-0.591034
  0
LINE
  8
0
 10
7.64581
 20
-0.591034
 11
7.64749
 21
-0.588104
  0
LINE
  8
0
 10
7.64749
 20
-0.588104
 11
7.64931
 21
-0.585251
  0
LINE
  8
0
 10
7.64931
 20
-0.585251
 11
7.65123
 21
-0.582474
  0
LINE
  8
0
 10
7.65123
 20
-0.582474
 11
7.65327
 21
-0.579788
  0
LINE
  8
0
 10
7.65327
 20
-0.579788
 11
7.65544
 21
-0.577179
  0
LINE
  8
0
 10
7.65544
 20
-0.577179
 11
7.6577
 21
-0.574661
  0
LINE
  8
0
 10
7.6577
 20
-0.574661
 11
7.66006
 21
-0.57225
  0
LINE
  8
0
 10
7.66006
 20
-0.57225
 11
7.66252
 21
-0.569931
  0
LINE
  8
0
 10
7.66252
 20
-0.569931
 11
7.66508
 21
-0.567734
  0
LINE
  8
0
 10
7.66508
 20
-0.567734
 11
7.66774
 21
-0.565628
  0
LINE
  8
0
 10
7.66774
 20
-0.565628
 11
7.67047
 21
-0.563644
  0
LINE
  8
0
 10
7.67047
 20
-0.563644
 11
7.67328
 21
-0.561768
  0
LINE
  8
0
 10
7.67328
 20
-0.561768
 11
7.67618
 21
-0.560013
  0
LINE
  8
0
 10
7.67618
 20
-0.560013
 11
7.67914
 21
-0.558395
  0
LINE
  8
0
 10
7.67914
 20
-0.558395
 11
7.68217
 21
-0.556885
  0
LINE
  8
0
 10
7.68217
 20
-0.556885
 11
7.68526
 21
-0.555511
  0
LINE
  8
0
 10
7.68526
 20
-0.555511
 11
7.6884
 21
-0.55426
  0
LINE
  8
0
 10
7.6884
 20
-0.55426
 11
7.69159
 21
-0.553162
  0
LINE
  8
0
 10
7.69159
 20
-0.553162
 11
7.69482
 21
-0.552185
  0
LINE
  8
0
 10
7.69482
 20
-0.552185
 11
7.6981
 21
-0.551331
  0
LINE
  8
0
 10
7.6981
 20
-0.551331
 11
7.70142
 21
-0.550629
  0
LINE
  8
0
 10
7.70142
 20
-0.550629
 11
7.70474
 21
-0.550064
  0
LINE
  8
0
 10
7.70474
 20
-0.550064
 11
7.7081
 21
-0.549652
  0
LINE
  8
0
 10
7.7081
 20
-0.549652
 11
7.71147
 21
-0.549362
  0
LINE
  8
0
 10
7.71147
 20
-0.549362
 11
7.71484
 21
-0.549225
  0
LINE
  8
0
 10
7.71484
 20
-0.549225
 11
7.71822
 21
-0.549225
  0
LINE
  8
0
 10
7.71822
 20
-0.549225
 11
7.7216
 21
-0.549362
  0
LINE
  8
0
 10
7.7216
 20
-0.549362
 11
7.72498
 21
-0.549652
  0
LINE
  8
0
 10
7.72498
 20
-0.549652
 11
7.72832
 21
-0.550064
  0
LINE
  8
0
 10
7.72832
 20
-0.550064
 11
7.73166
 21
-0.550629
  0
LINE
  8
0
 10
7.73166
 20
-0.550629
 11
7.73495
 21
-0.551331
  0
LINE
  8
0
 10
7.73495
 20
-0.551331
 11
7.73824
 21
-0.552185
  0
LINE
  8
0
 10
7.73824
 20
-0.552185
 11
7.74147
 21
-0.553162
  0
LINE
  8
0
 10
7.74147
 20
-0.553162
 11
7.74466
 21
-0.55426
  0
LINE
  8
0
 10
7.74466
 20
-0.55426
 11
7.7478
 21
-0.555511
  0
LINE
  8
0
 10
7.7478
 20
-0.555511
 11
7.7509
 21
-0.556885
  0
LINE
  8
0
 10
7.7509
 20
-0.556885
 11
7.75392
 21
-0.558395
  0
LINE
  8
0
 10
7.75392
 20
-0.558395
 11
7.75688
 21
-0.560013
  0
LINE
  8
0
 10
7.75688
 20
-0.560013
 11
7.75978
 21
-0.561768
  0
LINE
  8
0
 10
7.75978
 20
-0.561768
 11
7.76259
 21
-0.563644
  0
LINE
  8
0
 10
7.76259
 20
-0.563644
 11
7.76534
 21
-0.565628
  0
LINE
  8
0
 10
7.76534
 20
-0.565628
 11
7.76797
 21
-0.567734
  0
LINE
  8
0
 10
7.76797
 20
-0.567734
 11
7.77054
 21
-0.569931
  0
LINE
  8
0
 10
7.77054
 20
-0.569931
 11
7.77299
 21
-0.57225
  0
LINE
  8
0
 10
7.77299
 20
-0.57225
 11
7.77536
 21
-0.574661
  0
LINE
  8
0
 10
7.77536
 20
-0.574661
 11
7.77763
 21
-0.577179
  0
LINE
  8
0
 10
7.77763
 20
-0.577179
 11
7.77979
 21
-0.579788
  0
LINE
  8
0
 10
7.77979
 20
-0.579788
 11
7.78183
 21
-0.582474
  0
LINE
  8
0
 10
7.78183
 20
-0.582474
 11
7.78375
 21
-0.585251
  0
LINE
  8
0
 10
7.78375
 20
-0.585251
 11
7.78557
 21
-0.588104
  0
LINE
  8
0
 10
7.78557
 20
-0.588104
 11
7.78726
 21
-0.591034
  0
LINE
  8
0
 10
7.78726
 20
-0.591034
 11
7.78882
 21
-0.594025
  0
LINE
  8
0
 10
7.78882
 20
-0.594025
 11
7.79027
 21
-0.597092
  0
LINE
  8
0
 10
7.79027
 20
-0.597092
 11
7.79158
 21
-0.600204
  0
LINE
  8
0
 10
7.79158
 20
-0.600204
 11
7.79276
 21
-0.603378
  0
LINE
  8
0
 10
7.79276
 20
-0.603378
 11
7.79379
 21
-0.606583
  0
LINE
  8
0
 10
7.79379
 20
-0.606583
 11
7.79471
 21
-0.609848
  0
LINE
  8
0
 10
7.79471
 20
-0.609848
 11
7.79547
 21
-0.613129
  0
LINE
  8
0
 10
7.79547
 20
-0.613129
 11
7.79611
 21
-0.616455
  0
LINE
  8
0
 10
7.79611
 20
-0.616455
 11
7.7966
 21
-0.619797
  0
LINE
  8
0
 10
7.7966
 20
-0.619797
 11
7.79695
 21
-0.623154
  0
LINE
  8
0
 10
7.79695
 20
-0.623154
 11
7.79716
 21
-0.626541
  0
LINE
  8
0
 10
7.79716
 20
-0.626541
 11
7.79724
 21
-0.629913
  0
LINE
  8
0
 10
7.79724
 20
-0.629913
 11
7.79716
 21
-0.633301
  0
LINE
  8
0
 10
7.79716
 20
-0.633301
 11
7.79695
 21
-0.636673
  0
LINE
  8
0
 10
7.79695
 20
-0.636673
 11
7.7966
 21
-0.64003
  0
LINE
  8
0
 10
7.7966
 20
-0.64003
 11
7.79611
 21
-0.643372
  0
LINE
  8
0
 10
7.79611
 20
-0.643372
 11
7.79547
 21
-0.646698
  0
LINE
  8
0
 10
7.79547
 20
-0.646698
 11
7.79471
 21
-0.649979
  0
LINE
  8
0
 10
7.79471
 20
-0.649979
 11
7.79379
 21
-0.653244
  0
LINE
  8
0
 10
7.79379
 20
-0.653244
 11
7.79276
 21
-0.656464
  0
LINE
  8
0
 10
7.79276
 20
-0.656464
 11
7.79158
 21
-0.659622
  0
LINE
  8
0
 10
7.79158
 20
-0.659622
 11
7.79027
 21
-0.662735
  0
LINE
  8
0
 10
7.79027
 20
-0.662735
 11
7.78882
 21
-0.665802
  0
LINE
  8
0
 10
7.78882
 20
-0.665802
 11
7.78726
 21
-0.668793
  0
LINE
  8
0
 10
7.78726
 20
-0.668793
 11
7.78557
 21
-0.671722
  0
LINE
  8
0
 10
7.78557
 20
-0.671722
 11
7.78375
 21
-0.674576
  0
LINE
  8
0
 10
7.78375
 20
-0.674576
 11
7.78183
 21
-0.677353
  0
LINE
  8
0
 10
7.78183
 20
-0.677353
 11
7.77979
 21
-0.680038
  0
LINE
  8
0
 10
7.77979
 20
-0.680038
 11
7.77763
 21
-0.682648
  0
LINE
  8
0
 10
7.77763
 20
-0.682648
 11
7.77536
 21
-0.685165
  0
LINE
  8
0
 10
7.77536
 20
-0.685165
 11
7.77299
 21
-0.687576
  0
LINE
  8
0
 10
7.77299
 20
-0.687576
 11
7.77054
 21
-0.689896
  0
LINE
  8
0
 10
7.77054
 20
-0.689896
 11
7.76797
 21
-0.692108
  0
LINE
  8
0
 10
7.76797
 20
-0.692108
 11
7.76534
 21
-0.694199
  0
LINE
  8
0
 10
7.76534
 20
-0.694199
 11
7.76259
 21
-0.696182
  0
LINE
  8
0
 10
7.76259
 20
-0.696182
 11
7.75978
 21
-0.698059
  0
LINE
  8
0
 10
7.75978
 20
-0.698059
 11
7.75688
 21
-0.699814
  0
LINE
  8
0
 10
7.75688
 20
-0.699814
 11
7.75392
 21
-0.701431
  0
LINE
  8
0
 10
7.75392
 20
-0.701431
 11
7.7509
 21
-0.702942
  0
LINE
  8
0
 10
7.7509
 20
-0.702942
 11
7.7478
 21
-0.704315
  0
LINE
  8
0
 10
7.7478
 20
-0.704315
 11
7.74466
 21
-0.705566
  0
LINE
  8
0
 10
7.74466
 20
-0.705566
 11
7.74147
 21
-0.706665
  0
LINE
  8
0
 10
7.74147
 20
-0.706665
 11
7.73824
 21
-0.707657
  0
LINE
  8
0
 10
7.73824
 20
-0.707657
 11
7.73495
 21
-0.708496
  0
LINE
  8
0
 10
7.73495
 20
-0.708496
 11
7.73166
 21
-0.709198
  0
LINE
  8
0
 10
7.73166
 20
-0.709198
 11
7.72832
 21
-0.709763
  0
LINE
  8
0
 10
7.72832
 20
-0.709763
 11
7.72498
 21
-0.710175
  0
LINE
  8
0
 10
7.72498
 20
-0.710175
 11
7.7216
 21
-0.710464
  0
LINE
  8
0
 10
7.7216
 20
-0.710464
 11
7.71822
 21
-0.710602
  0
LINE
  8
0
 10
7.71822
 20
-0.710602
 11
7.71484
 21
-0.710602
  0
LINE
  8
0
 10
-6.45837
 20
-0.710602
 11
-6.46176
 21
-0.710464
  0
LINE
  8
0
 10
-6.46176
 20
-0.710464
 11
-6.46512
 21
-0.710175
  0
LINE
  8
0
 10
-6.46512
 20
-0.710175
 11
-6.46848
 21
-0.709763
  0
LINE
  8
0
 10
-6.46848
 20
-0.709763
 11
-6.47182
 21
-0.709198
  0
LINE
  8
0
 10
-6.47182
 20
-0.709198
 11
-6.47511
 21
-0.708496
  0
LINE
  8
0
 10
-6.47511
 20
-0.708496
 11
-6.47839
 21
-0.707657
  0
LINE
  8
0
 10
-6.47839
 20
-0.707657
 11
-6.48163
 21
-0.706665
  0
LINE
  8
0
 10
-6.48163
 20
-0.706665
 11
-6.48482
 21
-0.705566
  0
LINE
  8
0
 10
-6.48482
 20
-0.705566
 11
-6.48796
 21
-0.704315
  0
LINE
  8
0
 10
-6.48796
 20
-0.704315
 11
-6.49106
 21
-0.702942
  0
LINE
  8
0
 10
-6.49106
 20
-0.702942
 11
-6.49408
 21
-0.701431
  0
LINE
  8
0
 10
-6.49408
 20
-0.701431
 11
-6.49704
 21
-0.699814
  0
LINE
  8
0
 10
-6.49704
 20
-0.699814
 11
-6.49994
 21
-0.698059
  0
LINE
  8
0
 10
-6.49994
 20
-0.698059
 11
-6.50275
 21
-0.696182
  0
LINE
  8
0
 10
-6.50275
 20
-0.696182
 11
-6.50549
 21
-0.694199
  0
LINE
  8
0
 10
-6.50549
 20
-0.694199
 11
-6.50813
 21
-0.692108
  0
LINE
  8
0
 10
-6.50813
 20
-0.692108
 11
-6.5107
 21
-0.689896
  0
LINE
  8
0
 10
-6.5107
 20
-0.689896
 11
-6.51315
 21
-0.687576
  0
LINE
  8
0
 10
-6.51315
 20
-0.687576
 11
-6.51552
 21
-0.685165
  0
LINE
  8
0
 10
-6.51552
 20
-0.685165
 11
-6.51779
 21
-0.682648
  0
LINE
  8
0
 10
-6.51779
 20
-0.682648
 11
-6.51994
 21
-0.680038
  0
LINE
  8
0
 10
-6.51994
 20
-0.680038
 11
-6.52199
 21
-0.677353
  0
LINE
  8
0
 10
-6.52199
 20
-0.677353
 11
-6.52391
 21
-0.674576
  0
LINE
  8
0
 10
-6.52391
 20
-0.674576
 11
-6.52573
 21
-0.671722
  0
LINE
  8
0
 10
-6.52573
 20
-0.671722
 11
-6.52742
 21
-0.668793
  0
LINE
  8
0
 10
-6.52742
 20
-0.668793
 11
-6.52898
 21
-0.665802
  0
LINE
  8
0
 10
-6.52898
 20
-0.665802
 11
-6.53043
 21
-0.662735
  0
LINE
  8
0
 10
-6.53043
 20
-0.662735
 11
-6.53172
 21
-0.659622
  0
LINE
  8
0
 10
-6.53172
 20
-0.659622
 11
-6.53291
 21
-0.656464
  0
LINE
  8
0
 10
-6.53291
 20
-0.656464
 11
-6.53395
 21
-0.653244
  0
LINE
  8
0
 10
-6.53395
 20
-0.653244
 11
-6.53487
 21
-0.649979
  0
LINE
  8
0
 10
-6.53487
 20
-0.649979
 11
-6.53563
 21
-0.646698
  0
LINE
  8
0
 10
-6.53563
 20
-0.646698
 11
-6.53627
 21
-0.643372
  0
LINE
  8
0
 10
-6.53627
 20
-0.643372
 11
-6.53676
 21
-0.64003
  0
LINE
  8
0
 10
-6.53676
 20
-0.64003
 11
-6.53711
 21
-0.636673
  0
LINE
  8
0
 10
-6.53711
 20
-0.636673
 11
-6.53732
 21
-0.633301
  0
LINE
  8
0
 10
-6.53732
 20
-0.633301
 11
-6.5374
 21
-0.629913
  0
LINE
  8
0
 10
-6.5374
 20
-0.629913
 11
-6.53732
 21
-0.626541
  0
LINE
  8
0
 10
-6.53732
 20
-0.626541
 11
-6.53711
 21
-0.623154
  0
LINE
  8
0
 10
-6.53711
 20
-0.623154
 11
-6.53676
 21
-0.619797
  0
LINE
  8
0
 10
-6.53676
 20
-0.619797
 11
-6.53627
 21
-0.616455
  0
LINE
  8
0
 10
-6.53627
 20
-0.616455
 11
-6.53563
 21
-0.613129
  0
LINE
  8
0
 10
-6.53563
 20
-0.613129
 11
-6.53487
 21
-0.609848
  0
LINE
  8
0
 10
-6.53487
 20
-0.609848
 11
-6.53395
 21
-0.606583
  0
LINE
  8
0
 10
-6.53395
 20
-0.606583
 11
-6.53291
 21
-0.603378
  0
LINE
  8
0
 10
-6.53291
 20
-0.603378
 11
-6.53172
 21
-0.600204
  0
LINE
  8
0
 10
-6.53172
 20
-0.600204
 11
-6.53043
 21
-0.597092
  0
LINE
  8
0
 10
-6.53043
 20
-0.597092
 11
-6.52898
 21
-0.594025
  0
LINE
  8
0
 10
-6.52898
 20
-0.594025
 11
-6.52742
 21
-0.591034
  0
LINE
  8
0
 10
-6.52742
 20
-0.591034
 11
-6.52573
 21
-0.588104
  0
LINE
  8
0
 10
-6.52573
 20
-0.588104
 11
-6.52391
 21
-0.585251
  0
LINE
  8
0
 10
-6.52391
 20
-0.585251
 11
-6.52199
 21
-0.582474
  0
LINE
  8
0
 10
-6.52199
 20
-0.582474
 11
-6.51994
 21
-0.579788
  0
LINE
  8
0
 10
-6.51994
 20
-0.579788
 11
-6.51779
 21
-0.577179
  0
LINE
  8
0
 10
-6.51779
 20
-0.577179
 11
-6.51552
 21
-0.574661
  0
LINE
  8
0
 10
-6.51552
 20
-0.574661
 11
-6.51315
 21
-0.57225
  0
LINE
  8
0
 10
-6.51315
 20
-0.57225
 11
-6.5107
 21
-0.569931
  0
LINE
  8
0
 10
-6.5107
 20
-0.569931
 11
-6.50813
 21
-0.567734
  0
LINE
  8
0
 10
-6.50813
 20
-0.567734
 11
-6.50549
 21
-0.565628
  0
LINE
  8
0
 10
-6.50549
 20
-0.565628
 11
-6.50275
 21
-0.563644
  0
LINE
  8
0
 10
-6.50275
 20
-0.563644
 11
-6.49994
 21
-0.561768
  0
LINE
  8
0
 10
-6.49994
 20
-0.561768
 11
-6.49704
 21
-0.560013
  0
LINE
  8
0
 10
-6.49704
 20
-0.560013
 11
-6.49408
 21
-0.558395
  0
LINE
  8
0
 10
-6.49408
 20
-0.558395
 11
-6.49106
 21
-0.556885
  0
LINE
  8
0
 10
-6.49106
 20
-0.556885
 11
-6.48796
 21
-0.555511
  0
LINE
  8
0
 10
-6.48796
 20
-0.555511
 11
-6.48482
 21
-0.55426
  0
LINE
  8
0
 10
-6.48482
 20
-0.55426
 11
-6.48163
 21
-0.553162
  0
LINE
  8
0
 10
-6.48163
 20
-0.553162
 11
-6.47839
 21
-0.552185
  0
LINE
  8
0
 10
-6.47839
 20
-0.552185
 11
-6.47511
 21
-0.551331
  0
LINE
  8
0
 10
-6.47511
 20
-0.551331
 11
-6.47182
 21
-0.550629
  0
LINE
  8
0
 10
-6.47182
 20
-0.550629
 11
-6.46848
 21
-0.550064
  0
LINE
  8
0
 10
-6.46848
 20
-0.550064
 11
-6.46512
 21
-0.549652
  0
LINE
  8
0
 10
-6.46512
 20
-0.549652
 11
-6.46176
 21
-0.549362
  0
LINE
  8
0
 10
-6.46176
 20
-0.549362
 11
-6.45837
 21
-0.549225
  0
LINE
  8
0
 10
-6.45837
 20
-0.549225
 11
-6.455
 21
-0.549225
  0
LINE
  8
0
 10
-6.455
 20
-0.549225
 11
-6.45161
 21
-0.549362
  0
LINE
  8
0
 10
-6.45161
 20
-0.549362
 11
-6.44826
 21
-0.549652
  0
LINE
  8
0
 10
-6.44826
 20
-0.549652
 11
-6.4449
 21
-0.550064
  0
LINE
  8
0
 10
-6.4449
 20
-0.550064
 11
-6.44156
 21
-0.550629
  0
LINE
  8
0
 10
-6.44156
 20
-0.550629
 11
-6.43826
 21
-0.551331
  0
LINE
  8
0
 10
-6.43826
 20
-0.551331
 11
-6.43498
 21
-0.552185
  0
LINE
  8
0
 10
-6.43498
 20
-0.552185
 11
-6.43175
 21
-0.553162
  0
LINE
  8
0
 10
-6.43175
 20
-0.553162
 11
-6.42856
 21
-0.55426
  0
LINE
  8
0
 10
-6.42856
 20
-0.55426
 11
-6.42542
 21
-0.555511
  0
LINE
  8
0
 10
-6.42542
 20
-0.555511
 11
-6.42232
 21
-0.556885
  0
LINE
  8
0
 10
-6.42232
 20
-0.556885
 11
-6.4193
 21
-0.558395
  0
LINE
  8
0
 10
-6.4193
 20
-0.558395
 11
-6.41634
 21
-0.560013
  0
LINE
  8
0
 10
-6.41634
 20
-0.560013
 11
-6.41344
 21
-0.561768
  0
LINE
  8
0
 10
-6.41344
 20
-0.561768
 11
-6.41063
 21
-0.563644
  0
LINE
  8
0
 10
-6.41063
 20
-0.563644
 11
-6.4079
 21
-0.565628
  0
LINE
  8
0
 10
-6.4079
 20
-0.565628
 11
-6.40524
 21
-0.567734
  0
LINE
  8
0
 10
-6.40524
 20
-0.567734
 11
-6.40268
 21
-0.569931
  0
LINE
  8
0
 10
-6.40268
 20
-0.569931
 11
-6.40022
 21
-0.57225
  0
LINE
  8
0
 10
-6.40022
 20
-0.57225
 11
-6.39786
 21
-0.574661
  0
LINE
  8
0
 10
-6.39786
 20
-0.574661
 11
-6.3956
 21
-0.577179
  0
LINE
  8
0
 10
-6.3956
 20
-0.577179
 11
-6.39343
 21
-0.579788
  0
LINE
  8
0
 10
-6.39343
 20
-0.579788
 11
-6.39139
 21
-0.582474
  0
LINE
  8
0
 10
-6.39139
 20
-0.582474
 11
-6.38947
 21
-0.585251
  0
LINE
  8
0
 10
-6.38947
 20
-0.585251
 11
-6.38765
 21
-0.588104
  0
LINE
  8
0
 10
-6.38765
 20
-0.588104
 11
-6.38597
 21
-0.591034
  0
LINE
  8
0
 10
-6.38597
 20
-0.591034
 11
-6.3844
 21
-0.594025
  0
LINE
  8
0
 10
-6.3844
 20
-0.594025
 11
-6.38297
 21
-0.597092
  0
LINE
  8
0
 10
-6.38297
 20
-0.597092
 11
-6.38165
 21
-0.600204
  0
LINE
  8
0
 10
-6.38165
 20
-0.600204
 11
-6.38046
 21
-0.603378
  0
LINE
  8
0
 10
-6.38046
 20
-0.603378
 11
-6.37943
 21
-0.606583
  0
LINE
  8
0
 10
-6.37943
 20
-0.606583
 11
-6.37851
 21
-0.609848
  0
LINE
  8
0
 10
-6.37851
 20
-0.609848
 11
-6.37775
 21
-0.613129
  0
LINE
  8
0
 10
-6.37775
 20
-0.613129
 11
-6.37711
 21
-0.616455
  0
LINE
  8
0
 10
-6.37711
 20
-0.616455
 11
-6.37662
 21
-0.619797
  0
LINE
  8
0
 10
-6.37662
 20
-0.619797
 11
-6.37627
 21
-0.623154
  0
LINE
  8
0
 10
-6.37627
 20
-0.623154
 11
-6.37605
 21
-0.626541
  0
LINE
  8
0
 10
-6.37605
 20
-0.626541
 11
-6.37598
 21
-0.629913
  0
LINE
  8
0
 10
-6.37598
 20
-0.629913
 11
-6.37605
 21
-0.633301
  0
LINE
  8
0
 10
-6.37605
 20
-0.633301
 11
-6.37627
 21
-0.636673
  0
LINE
  8
0
 10
-6.37627
 20
-0.636673
 11
-6.37662
 21
-0.64003
  0
LINE
  8
0
 10
-6.37662
 20
-0.64003
 11
-6.37711
 21
-0.643372
  0
LINE
  8
0
 10
-6.37711
 20
-0.643372
 11
-6.37775
 21
-0.646698
  0
LINE
  8
0
 10
-6.37775
 20
-0.646698
 11
-6.37851
 21
-0.649979
  0
LINE
  8
0
 10
-6.37851
 20
-0.649979
 11
-6.37943
 21
-0.653244
  0
LINE
  8
0
 10
-6.37943
 20
-0.653244
 11
-6.38046
 21
-0.656464
  0
LINE
  8
0
 10
-6.38046
 20
-0.656464
 11
-6.38165
 21
-0.659622
  0
LINE
  8
0
 10
-6.38165
 20
-0.659622
 11
-6.38297
 21
-0.662735
  0
LINE
  8
0
 10
-6.38297
 20
-0.662735
 11
-6.3844
 21
-0.665802
  0
LINE
  8
0
 10
-6.3844
 20
-0.665802
 11
-6.38597
 21
-0.668793
  0
LINE
  8
0
 10
-6.38597
 20
-0.668793
 11
-6.38765
 21
-0.671722
  0
LINE
  8
0
 10
-6.38765
 20
-0.671722
 11
-6.38947
 21
-0.674576
  0
LINE
  8
0
 10
-6.38947
 20
-0.674576
 11
-6.39139
 21
-0.677353
  0
LINE
  8
0
 10
-6.39139
 20
-0.677353
 11
-6.39343
 21
-0.680038
  0
LINE
  8
0
 10
-6.39343
 20
-0.680038
 11
-6.3956
 21
-0.682648
  0
LINE
  8
0
 10
-6.3956
 20
-0.682648
 11
-6.39786
 21
-0.685165
  0
LINE
  8
0
 10
-6.39786
 20
-0.685165
 11
-6.40022
 21
-0.687576
  0
LINE
  8
0
 10
-6.40022
 20
-0.687576
 11
-6.40268
 21
-0.689896
  0
LINE
  8
0
 10
-6.40268
 20
-0.689896
 11
-6.40524
 21
-0.692108
  0
LINE
  8
0
 10
-6.40524
 20
-0.692108
 11
-6.4079
 21
-0.694199
  0
LINE
  8
0
 10
-6.4079
 20
-0.694199
 11
-6.41063
 21
-0.696182
  0
LINE
  8
0
 10
-6.41063
 20
-0.696182
 11
-6.41344
 21
-0.698059
  0
LINE
  8
0
 10
-6.41344
 20
-0.698059
 11
-6.41634
 21
-0.699814
  0
LINE
  8
0
 10
-6.41634
 20
-0.699814
 11
-6.4193
 21
-0.701431
  0
LINE
  8
0
 10
-6.4193
 20
-0.701431
 11
-6.42232
 21
-0.702942
  0
LINE
  8
0
 10
-6.42232
 20
-0.702942
 11
-6.42542
 21
-0.704315
  0
LINE
  8
0
 10
-6.42542
 20
-0.704315
 11
-6.42856
 21
-0.705566
  0
LINE
  8
0
 10
-6.42856
 20
-0.705566
 11
-6.43175
 21
-0.706665
  0
LINE
  8
0
 10
-6.43175
 20
-0.706665
 11
-6.43498
 21
-0.707657
  0
LINE
  8
0
 10
-6.43498
 20
-0.707657
 11
-6.43826
 21
-0.708496
  0
LINE
  8
0
 10
-6.43826
 20
-0.708496
 11
-6.44156
 21
-0.709198
  0
LINE
  8
0
 10
-6.44156
 20
-0.709198
 11
-6.4449
 21
-0.709763
  0
LINE
  8
0
 10
-6.4449
 20
-0.709763
 11
-6.44826
 21
-0.710175
  0
LINE
  8
0
 10
-6.44826
 20
-0.710175
 11
-6.45161
 21
-0.710464
  0
LINE
  8
0
 10
-6.45161
 20
-0.710464
 11
-6.455
 21
-0.710602
  0
LINE
  8
0
 10
-6.455
 20
-0.710602
 11
-6.45837
 21
-0.710602
  0
LINE
  8
0
 10
-6.45837
 20
-1.02556
 11
-6.46176
 21
-1.02542
  0
LINE
  8
0
 10
-6.46176
 20
-1.02542
 11
-6.46512
 21
-1.02515
  0
LINE
  8
0
 10
-6.46512
 20
-1.02515
 11
-6.46848
 21
-1.02472
  0
LINE
  8
0
 10
-6.46848
 20
-1.02472
 11
-6.47182
 21
-1.02415
  0
LINE
  8
0
 10
-6.47182
 20
-1.02415
 11
-6.47511
 21
-1.02345
  0
LINE
  8
0
 10
-6.47511
 20
-1.02345
 11
-6.47839
 21
-1.02261
  0
LINE
  8
0
 10
-6.47839
 20
-1.02261
 11
-6.48163
 21
-1.02164
  0
LINE
  8
0
 10
-6.48163
 20
-1.02164
 11
-6.48482
 21
-1.02052
  0
LINE
  8
0
 10
-6.48482
 20
-1.02052
 11
-6.48796
 21
-1.01927
  0
LINE
  8
0
 10
-6.48796
 20
-1.01927
 11
-6.49106
 21
-1.0179
  0
LINE
  8
0
 10
-6.49106
 20
-1.0179
 11
-6.49408
 21
-1.0164
  0
LINE
  8
0
 10
-6.49408
 20
-1.0164
 11
-6.49704
 21
-1.01477
  0
LINE
  8
0
 10
-6.49704
 20
-1.01477
 11
-6.49994
 21
-1.01302
  0
LINE
  8
0
 10
-6.49994
 20
-1.01302
 11
-6.50275
 21
-1.01115
  0
LINE
  8
0
 10
-6.50275
 20
-1.01115
 11
-6.50549
 21
-1.00916
  0
LINE
  8
0
 10
-6.50549
 20
-1.00916
 11
-6.50813
 21
-1.00706
  0
LINE
  8
0
 10
-6.50813
 20
-1.00706
 11
-6.5107
 21
-1.00485
  0
LINE
  8
0
 10
-6.5107
 20
-1.00485
 11
-6.51315
 21
-1.00253
  0
LINE
  8
0
 10
-6.51315
 20
-1.00253
 11
-6.51552
 21
-1.00012
  0
LINE
  8
0
 10
-6.51552
 20
-1.00012
 11
-6.51779
 21
-0.997604
  0
LINE
  8
0
 10
-6.51779
 20
-0.997604
 11
-6.51994
 21
-0.99501
  0
LINE
  8
0
 10
-6.51994
 20
-0.99501
 11
-6.52199
 21
-0.99231
  0
LINE
  8
0
 10
-6.52199
 20
-0.99231
 11
-6.52391
 21
-0.989532
  0
LINE
  8
0
 10
-6.52391
 20
-0.989532
 11
-6.52573
 21
-0.986679
  0
LINE
  8
0
 10
-6.52573
 20
-0.986679
 11
-6.52742
 21
-0.983749
  0
LINE
  8
0
 10
-6.52742
 20
-0.983749
 11
-6.52898
 21
-0.980759
  0
LINE
  8
0
 10
-6.52898
 20
-0.980759
 11
-6.53043
 21
-0.977707
  0
LINE
  8
0
 10
-6.53043
 20
-0.977707
 11
-6.53172
 21
-0.974579
  0
LINE
  8
0
 10
-6.53172
 20
-0.974579
 11
-6.53291
 21
-0.97142
  0
LINE
  8
0
 10
-6.53291
 20
-0.97142
 11
-6.53395
 21
-0.968201
  0
LINE
  8
0
 10
-6.53395
 20
-0.968201
 11
-6.53487
 21
-0.964951
  0
LINE
  8
0
 10
-6.53487
 20
-0.964951
 11
-6.53563
 21
-0.961655
  0
LINE
  8
0
 10
-6.53563
 20
-0.961655
 11
-6.53627
 21
-0.958328
  0
LINE
  8
0
 10
-6.53627
 20
-0.958328
 11
-6.53676
 21
-0.954987
  0
LINE
  8
0
 10
-6.53676
 20
-0.954987
 11
-6.53711
 21
-0.95163
  0
LINE
  8
0
 10
-6.53711
 20
-0.95163
 11
-6.53732
 21
-0.948257
  0
LINE
  8
0
 10
-6.53732
 20
-0.948257
 11
-6.5374
 21
-0.94487
  0
LINE
  8
0
 10
-6.5374
 20
-0.94487
 11
-6.53732
 21
-0.941498
  0
LINE
  8
0
 10
-6.53732
 20
-0.941498
 11
-6.53711
 21
-0.938126
  0
LINE
  8
0
 10
-6.53711
 20
-0.938126
 11
-6.53676
 21
-0.934753
  0
LINE
  8
0
 10
-6.53676
 20
-0.934753
 11
-6.53627
 21
-0.931412
  0
LINE
  8
0
 10
-6.53627
 20
-0.931412
 11
-6.53563
 21
-0.928101
  0
LINE
  8
0
 10
-6.53563
 20
-0.928101
 11
-6.53487
 21
-0.924805
  0
LINE
  8
0
 10
-6.53487
 20
-0.924805
 11
-6.53395
 21
-0.921539
  0
LINE
  8
0
 10
-6.53395
 20
-0.921539
 11
-6.53291
 21
-0.918335
  0
LINE
  8
0
 10
-6.53291
 20
-0.918335
 11
-6.53172
 21
-0.915161
  0
LINE
  8
0
 10
-6.53172
 20
-0.915161
 11
-6.53043
 21
-0.912048
  0
LINE
  8
0
 10
-6.53043
 20
-0.912048
 11
-6.52898
 21
-0.908981
  0
LINE
  8
0
 10
-6.52898
 20
-0.908981
 11
-6.52742
 21
-0.905991
  0
LINE
  8
0
 10
-6.52742
 20
-0.905991
 11
-6.52573
 21
-0.903061
  0
LINE
  8
0
 10
-6.52573
 20
-0.903061
 11
-6.52391
 21
-0.900208
  0
LINE
  8
0
 10
-6.52391
 20
-0.900208
 11
-6.52199
 21
-0.89743
  0
LINE
  8
0
 10
-6.52199
 20
-0.89743
 11
-6.51994
 21
-0.894745
  0
LINE
  8
0
 10
-6.51994
 20
-0.894745
 11
-6.51779
 21
-0.892136
  0
LINE
  8
0
 10
-6.51779
 20
-0.892136
 11
-6.51552
 21
-0.889618
  0
LINE
  8
0
 10
-6.51552
 20
-0.889618
 11
-6.51315
 21
-0.887207
  0
LINE
  8
0
 10
-6.51315
 20
-0.887207
 11
-6.5107
 21
-0.884903
  0
LINE
  8
0
 10
-6.5107
 20
-0.884903
 11
-6.50813
 21
-0.88269
  0
LINE
  8
0
 10
-6.50813
 20
-0.88269
 11
-6.50549
 21
-0.880585
  0
LINE
  8
0
 10
-6.50549
 20
-0.880585
 11
-6.50275
 21
-0.878601
  0
LINE
  8
0
 10
-6.50275
 20
-0.878601
 11
-6.49994
 21
-0.876724
  0
LINE
  8
0
 10
-6.49994
 20
-0.876724
 11
-6.49704
 21
-0.874985
  0
LINE
  8
0
 10
-6.49704
 20
-0.874985
 11
-6.49408
 21
-0.873352
  0
LINE
  8
0
 10
-6.49408
 20
-0.873352
 11
-6.49106
 21
-0.871841
  0
LINE
  8
0
 10
-6.49106
 20
-0.871841
 11
-6.48796
 21
-0.870468
  0
LINE
  8
0
 10
-6.48796
 20
-0.870468
 11
-6.48482
 21
-0.869232
  0
LINE
  8
0
 10
-6.48482
 20
-0.869232
 11
-6.48163
 21
-0.868118
  0
LINE
  8
0
 10
-6.48163
 20
-0.868118
 11
-6.47839
 21
-0.867142
  0
LINE
  8
0
 10
-6.47839
 20
-0.867142
 11
-6.47511
 21
-0.866302
  0
LINE
  8
0
 10
-6.47511
 20
-0.866302
 11
-6.47182
 21
-0.865601
  0
LINE
  8
0
 10
-6.47182
 20
-0.865601
 11
-6.46848
 21
-0.865036
  0
LINE
  8
0
 10
-6.46848
 20
-0.865036
 11
-6.46512
 21
-0.864609
  0
LINE
  8
0
 10
-6.46512
 20
-0.864609
 11
-6.46176
 21
-0.864319
  0
LINE
  8
0
 10
-6.46176
 20
-0.864319
 11
-6.45837
 21
-0.864182
  0
LINE
  8
0
 10
-6.45837
 20
-0.864182
 11
-6.455
 21
-0.864182
  0
LINE
  8
0
 10
-6.455
 20
-0.864182
 11
-6.45161
 21
-0.864319
  0
LINE
  8
0
 10
-6.45161
 20
-0.864319
 11
-6.44826
 21
-0.864609
  0
LINE
  8
0
 10
-6.44826
 20
-0.864609
 11
-6.4449
 21
-0.865036
  0
LINE
  8
0
 10
-6.4449
 20
-0.865036
 11
-6.44156
 21
-0.865601
  0
LINE
  8
0
 10
-6.44156
 20
-0.865601
 11
-6.43826
 21
-0.866302
  0
LINE
  8
0
 10
-6.43826
 20
-0.866302
 11
-6.43498
 21
-0.867142
  0
LINE
  8
0
 10
-6.43498
 20
-0.867142
 11
-6.43175
 21
-0.868118
  0
LINE
  8
0
 10
-6.43175
 20
-0.868118
 11
-6.42856
 21
-0.869232
  0
LINE
  8
0
 10
-6.42856
 20
-0.869232
 11
-6.42542
 21
-0.870468
  0
LINE
  8
0
 10
-6.42542
 20
-0.870468
 11
-6.42232
 21
-0.871841
  0
LINE
  8
0
 10
-6.42232
 20
-0.871841
 11
-6.4193
 21
-0.873352
  0
LINE
  8
0
 10
-6.4193
 20
-0.873352
 11
-6.41634
 21
-0.874985
  0
LINE
  8
0
 10
-6.41634
 20
-0.874985
 11
-6.41344
 21
-0.876724
  0
LINE
  8
0
 10
-6.41344
 20
-0.876724
 11
-6.41063
 21
-0.878601
  0
LINE
  8
0
 10
-6.41063
 20
-0.878601
 11
-6.4079
 21
-0.880585
  0
LINE
  8
0
 10
-6.4079
 20
-0.880585
 11
-6.40524
 21
-0.88269
  0
LINE
  8
0
 10
-6.40524
 20
-0.88269
 11
-6.40268
 21
-0.884903
  0
LINE
  8
0
 10
-6.40268
 20
-0.884903
 11
-6.40022
 21
-0.887207
  0
LINE
  8
0
 10
-6.40022
 20
-0.887207
 11
-6.39786
 21
-0.889618
  0
LINE
  8
0
 10
-6.39786
 20
-0.889618
 11
-6.3956
 21
-0.892136
  0
LINE
  8
0
 10
-6.3956
 20
-0.892136
 11
-6.39343
 21
-0.894745
  0
LINE
  8
0
 10
-6.39343
 20
-0.894745
 11
-6.39139
 21
-0.89743
  0
LINE
  8
0
 10
-6.39139
 20
-0.89743
 11
-6.38947
 21
-0.900208
  0
LINE
  8
0
 10
-6.38947
 20
-0.900208
 11
-6.38765
 21
-0.903061
  0
LINE
  8
0
 10
-6.38765
 20
-0.903061
 11
-6.38597
 21
-0.905991
  0
LINE
  8
0
 10
-6.38597
 20
-0.905991
 11
-6.3844
 21
-0.908981
  0
LINE
  8
0
 10
-6.3844
 20
-0.908981
 11
-6.38297
 21
-0.912048
  0
LINE
  8
0
 10
-6.38297
 20
-0.912048
 11
-6.38165
 21
-0.915161
  0
LINE
  8
0
 10
-6.38165
 20
-0.915161
 11
-6.38046
 21
-0.918335
  0
LINE
  8
0
 10
-6.38046
 20
-0.918335
 11
-6.37943
 21
-0.921539
  0
LINE
  8
0
 10
-6.37943
 20
-0.921539
 11
-6.37851
 21
-0.924805
  0
LINE
  8
0
 10
-6.37851
 20
-0.924805
 11
-6.37775
 21
-0.928101
  0
LINE
  8
0
 10
-6.37775
 20
-0.928101
 11
-6.37711
 21
-0.931412
  0
LINE
  8
0
 10
-6.37711
 20
-0.931412
 11
-6.37662
 21
-0.934753
  0
LINE
  8
0
 10
-6.37662
 20
-0.934753
 11
-6.37627
 21
-0.938126
  0
LINE
  8
0
 10
-6.37627
 20
-0.938126
 11
-6.37605
 21
-0.941498
  0
LINE
  8
0
 10
-6.37605
 20
-0.941498
 11
-6.37598
 21
-0.94487
  0
LINE
  8
0
 10
-6.37598
 20
-0.94487
 11
-6.37605
 21
-0.948257
  0
LINE
  8
0
 10
-6.37605
 20
-0.948257
 11
-6.37627
 21
-0.95163
  0
LINE
  8
0
 10
-6.37627
 20
-0.95163
 11
-6.37662
 21
-0.954987
  0
LINE
  8
0
 10
-6.37662
 20
-0.954987
 11
-6.37711
 21
-0.958328
  0
LINE
  8
0
 10
-6.37711
 20
-0.958328
 11
-6.37775
 21
-0.961655
  0
LINE
  8
0
 10
-6.37775
 20
-0.961655
 11
-6.37851
 21
-0.964951
  0
LINE
  8
0
 10
-6.37851
 20
-0.964951
 11
-6.37943
 21
-0.968201
  0
LINE
  8
0
 10
-6.37943
 20
-0.968201
 11
-6.38046
 21
-0.97142
  0
LINE
  8
0
 10
-6.38046
 20
-0.97142
 11
-6.38165
 21
-0.974579
  0
LINE
  8
0
 10
-6.38165
 20
-0.974579
 11
-6.38297
 21
-0.977707
  0
LINE
  8
0
 10
-6.38297
 20
-0.977707
 11
-6.3844
 21
-0.980759
  0
LINE
  8
0
 10
-6.3844
 20
-0.980759
 11
-6.38597
 21
-0.983749
  0
LINE
  8
0
 10
-6.38597
 20
-0.983749
 11
-6.38765
 21
-0.986679
  0
LINE
  8
0
 10
-6.38765
 20
-0.986679
 11
-6.38947
 21
-0.989532
  0
LINE
  8
0
 10
-6.38947
 20
-0.989532
 11
-6.39139
 21
-0.99231
  0
LINE
  8
0
 10
-6.39139
 20
-0.99231
 11
-6.39343
 21
-0.99501
  0
LINE
  8
0
 10
-6.39343
 20
-0.99501
 11
-6.3956
 21
-0.997604
  0
LINE
  8
0
 10
-6.3956
 20
-0.997604
 11
-6.39786
 21
-1.00012
  0
LINE
  8
0
 10
-6.39786
 20
-1.00012
 11
-6.40022
 21
-1.00253
  0
LINE
  8
0
 10
-6.40022
 20
-1.00253
 11
-6.40268
 21
-1.00485
  0
LINE
  8
0
 10
-6.40268
 20
-1.00485
 11
-6.40524
 21
-1.00706
  0
LINE
  8
0
 10
-6.40524
 20
-1.00706
 11
-6.4079
 21
-1.00916
  0
LINE
  8
0
 10
-6.4079
 20
-1.00916
 11
-6.41063
 21
-1.01115
  0
LINE
  8
0
 10
-6.41063
 20
-1.01115
 11
-6.41344
 21
-1.01302
  0
LINE
  8
0
 10
-6.41344
 20
-1.01302
 11
-6.41634
 21
-1.01477
  0
LINE
  8
0
 10
-6.41634
 20
-1.01477
 11
-6.4193
 21
-1.0164
  0
LINE
  8
0
 10
-6.4193
 20
-1.0164
 11
-6.42232
 21
-1.0179
  0
LINE
  8
0
 10
-6.42232
 20
-1.0179
 11
-6.42542
 21
-1.01927
  0
LINE
  8
0
 10
-6.42542
 20
-1.01927
 11
-6.42856
 21
-1.02052
  0
LINE
  8
0
 10
-6.42856
 20
-1.02052
 11
-6.43175
 21
-1.02164
  0
LINE
  8
0
 10
-6.43175
 20
-1.02164
 11
-6.43498
 21
-1.02261
  0
LINE
  8
0
 10
-6.43498
 20
-1.02261
 11
-6.43826
 21
-1.02345
  0
LINE
  8
0
 10
-6.43826
 20
-1.02345
 11
-6.44156
 21
-1.02415
  0
LINE
  8
0
 10
-6.44156
 20
-1.02415
 11
-6.4449
 21
-1.02472
  0
LINE
  8
0
 10
-6.4449
 20
-1.02472
 11
-6.44826
 21
-1.02515
  0
LINE
  8
0
 10
-6.44826
 20
-1.02515
 11
-6.45161
 21
-1.02542
  0
LINE
  8
0
 10
-6.45161
 20
-1.02542
 11
-6.455
 21
-1.02556
  0
LINE
  8
0
 10
-6.455
 20
-1.02556
 11
-6.45837
 21
-1.02556
  0
LINE
  8
0
 10
6.455
 20
-1.02556
 11
6.45161
 21
-1.02542
  0
LINE
  8
0
 10
6.45161
 20
-1.02542
 11
6.44826
 21
-1.02515
  0
LINE
  8
0
 10
6.44826
 20
-1.02515
 11
6.4449
 21
-1.02472
  0
LINE
  8
0
 10
6.4449
 20
-1.02472
 11
6.44156
 21
-1.02415
  0
LINE
  8
0
 10
6.44156
 20
-1.02415
 11
6.43826
 21
-1.02345
  0
LINE
  8
0
 10
6.43826
 20
-1.02345
 11
6.43498
 21
-1.02261
  0
LINE
  8
0
 10
6.43498
 20
-1.02261
 11
6.43175
 21
-1.02164
  0
LINE
  8
0
 10
6.43175
 20
-1.02164
 11
6.42856
 21
-1.02052
  0
LINE
  8
0
 10
6.42856
 20
-1.02052
 11
6.42542
 21
-1.01927
  0
LINE
  8
0
 10
6.42542
 20
-1.01927
 11
6.42232
 21
-1.0179
  0
LINE
  8
0
 10
6.42232
 20
-1.0179
 11
6.4193
 21
-1.0164
  0
LINE
  8
0
 10
6.4193
 20
-1.0164
 11
6.41634
 21
-1.01477
  0
LINE
  8
0
 10
6.41634
 20
-1.01477
 11
6.41344
 21
-1.01302
  0
LINE
  8
0
 10
6.41344
 20
-1.01302
 11
6.41063
 21
-1.01115
  0
LINE
  8
0
 10
6.41063
 20
-1.01115
 11
6.4079
 21
-1.00916
  0
LINE
  8
0
 10
6.4079
 20
-1.00916
 11
6.40524
 21
-1.00706
  0
LINE
  8
0
 10
6.40524
 20
-1.00706
 11
6.40268
 21
-1.00485
  0
LINE
  8
0
 10
6.40268
 20
-1.00485
 11
6.40022
 21
-1.00253
  0
LINE
  8
0
 10
6.40022
 20
-1.00253
 11
6.39786
 21
-1.00012
  0
LINE
  8
0
 10
6.39786
 20
-1.00012
 11
6.3956
 21
-0.997604
  0
LINE
  8
0
 10
6.3956
 20
-0.997604
 11
6.39343
 21
-0.99501
  0
LINE
  8
0
 10
6.39343
 20
-0.99501
 11
6.39139
 21
-0.99231
  0
LINE
  8
0
 10
6.39139
 20
-0.99231
 11
6.38947
 21
-0.989532
  0
LINE
  8
0
 10
6.38947
 20
-0.989532
 11
6.38765
 21
-0.986679
  0
LINE
  8
0
 10
6.38765
 20
-0.986679
 11
6.38597
 21
-0.983749
  0
LINE
  8
0
 10
6.38597
 20
-0.983749
 11
6.3844
 21
-0.980759
  0
LINE
  8
0
 10
6.3844
 20
-0.980759
 11
6.38297
 21
-0.977707
  0
LINE
  8
0
 10
6.38297
 20
-0.977707
 11
6.38165
 21
-0.974579
  0
LINE
  8
0
 10
6.38165
 20
-0.974579
 11
6.38046
 21
-0.97142
  0
LINE
  8
0
 10
6.38046
 20
-0.97142
 11
6.37943
 21
-0.968201
  0
LINE
  8
0
 10
6.37943
 20
-0.968201
 11
6.37851
 21
-0.964951
  0
LINE
  8
0
 10
6.37851
 20
-0.964951
 11
6.37775
 21
-0.961655
  0
LINE
  8
0
 10
6.37775
 20
-0.961655
 11
6.37711
 21
-0.958328
  0
LINE
  8
0
 10
6.37711
 20
-0.958328
 11
6.37662
 21
-0.954987
  0
LINE
  8
0
 10
6.37662
 20
-0.954987
 11
6.37627
 21
-0.95163
  0
LINE
  8
0
 10
6.37627
 20
-0.95163
 11
6.37605
 21
-0.948257
  0
LINE
  8
0
 10
6.37605
 20
-0.948257
 11
6.37598
 21
-0.94487
  0
LINE
  8
0
 10
6.37598
 20
-0.94487
 11
6.37605
 21
-0.941498
  0
LINE
  8
0
 10
6.37605
 20
-0.941498
 11
6.37627
 21
-0.938126
  0
LINE
  8
0
 10
6.37627
 20
-0.938126
 11
6.37662
 21
-0.934753
  0
LINE
  8
0
 10
6.37662
 20
-0.934753
 11
6.37711
 21
-0.931412
  0
LINE
  8
0
 10
6.37711
 20
-0.931412
 11
6.37775
 21
-0.928101
  0
LINE
  8
0
 10
6.37775
 20
-0.928101
 11
6.37851
 21
-0.924805
  0
LINE
  8
0
 10
6.37851
 20
-0.924805
 11
6.37943
 21
-0.921539
  0
LINE
  8
0
 10
6.37943
 20
-0.921539
 11
6.38046
 21
-0.918335
  0
LINE
  8
0
 10
6.38046
 20
-0.918335
 11
6.38165
 21
-0.915161
  0
LINE
  8
0
 10
6.38165
 20
-0.915161
 11
6.38297
 21
-0.912048
  0
LINE
  8
0
 10
6.38297
 20
-0.912048
 11
6.3844
 21
-0.908981
  0
LINE
  8
0
 10
6.3844
 20
-0.908981
 11
6.38597
 21
-0.905991
  0
LINE
  8
0
 10
6.38597
 20
-0.905991
 11
6.38765
 21
-0.903061
  0
LINE
  8
0
 10
6.38765
 20
-0.903061
 11
6.38947
 21
-0.900208
  0
LINE
  8
0
 10
6.38947
 20
-0.900208
 11
6.39139
 21
-0.89743
  0
LINE
  8
0
 10
6.39139
 20
-0.89743
 11
6.39343
 21
-0.894745
  0
LINE
  8
0
 10
6.39343
 20
-0.894745
 11
6.3956
 21
-0.892136
  0
LINE
  8
0
 10
6.3956
 20
-0.892136
 11
6.39786
 21
-0.889618
  0
LINE
  8
0
 10
6.39786
 20
-0.889618
 11
6.40022
 21
-0.887207
  0
LINE
  8
0
 10
6.40022
 20
-0.887207
 11
6.40268
 21
-0.884903
  0
LINE
  8
0
 10
6.40268
 20
-0.884903
 11
6.40524
 21
-0.88269
  0
LINE
  8
0
 10
6.40524
 20
-0.88269
 11
6.4079
 21
-0.880585
  0
LINE
  8
0
 10
6.4079
 20
-0.880585
 11
6.41063
 21
-0.878601
  0
LINE
  8
0
 10
6.41063
 20
-0.878601
 11
6.41344
 21
-0.876724
  0
LINE
  8
0
 10
6.41344
 20
-0.876724
 11
6.41634
 21
-0.874985
  0
LINE
  8
0
 10
6.41634
 20
-0.874985
 11
6.4193
 21
-0.873352
  0
LINE
  8
0
 10
6.4193
 20
-0.873352
 11
6.42232
 21
-0.871841
  0
LINE
  8
0
 10
6.42232
 20
-0.871841
 11
6.42542
 21
-0.870468
  0
LINE
  8
0
 10
6.42542
 20
-0.870468
 11
6.42856
 21
-0.869232
  0
LINE
  8
0
 10
6.42856
 20
-0.869232
 11
6.43175
 21
-0.868118
  0
LINE
  8
0
 10
6.43175
 20
-0.868118
 11
6.43498
 21
-0.867142
  0
LINE
  8
0
 10
6.43498
 20
-0.867142
 11
6.43826
 21
-0.866302
  0
LINE
  8
0
 10
6.43826
 20
-0.866302
 11
6.44156
 21
-0.865601
  0
LINE
  8
0
 10
6.44156
 20
-0.865601
 11
6.4449
 21
-0.865036
  0
LINE
  8
0
 10
6.4449
 20
-0.865036
 11
6.44826
 21
-0.864609
  0
LINE
  8
0
 10
6.44826
 20
-0.864609
 11
6.45161
 21
-0.864319
  0
LINE
  8
0
 10
6.45161
 20
-0.864319
 11
6.455
 21
-0.864182
  0
LINE
  8
0
 10
6.455
 20
-0.864182
 11
6.45837
 21
-0.864182
  0
LINE
  8
0
 10
6.45837
 20
-0.864182
 11
6.46176
 21
-0.864319
  0
LINE
  8
0
 10
6.46176
 20
-0.864319
 11
6.46512
 21
-0.864609
  0
LINE
  8
0
 10
6.46512
 20
-0.864609
 11
6.46848
 21
-0.865036
  0
LINE
  8
0
 10
6.46848
 20
-0.865036
 11
6.47182
 21
-0.865601
  0
LINE
  8
0
 10
6.47182
 20
-0.865601
 11
6.47511
 21
-0.866302
  0
LINE
  8
0
 10
6.47511
 20
-0.866302
 11
6.47839
 21
-0.867142
  0
LINE
  8
0
 10
6.47839
 20
-0.867142
 11
6.48163
 21
-0.868118
  0
LINE
  8
0
 10
6.48163
 20
-0.868118
 11
6.48482
 21
-0.869232
  0
LINE
  8
0
 10
6.48482
 20
-0.869232
 11
6.48796
 21
-0.870468
  0
LINE
  8
0
 10
6.48796
 20
-0.870468
 11
6.49106
 21
-0.871841
  0
LINE
  8
0
 10
6.49106
 20
-0.871841
 11
6.49408
 21
-0.873352
  0
LINE
  8
0
 10
6.49408
 20
-0.873352
 11
6.49704
 21
-0.874985
  0
LINE
  8
0
 10
6.49704
 20
-0.874985
 11
6.49994
 21
-0.876724
  0
LINE
  8
0
 10
6.49994
 20
-0.876724
 11
6.50275
 21
-0.878601
  0
LINE
  8
0
 10
6.50275
 20
-0.878601
 11
6.50549
 21
-0.880585
  0
LINE
  8
0
 10
6.50549
 20
-0.880585
 11
6.50813
 21
-0.88269
  0
LINE
  8
0
 10
6.50813
 20
-0.88269
 11
6.5107
 21
-0.884903
  0
LINE
  8
0
 10
6.5107
 20
-0.884903
 11
6.51315
 21
-0.887207
  0
LINE
  8
0
 10
6.51315
 20
-0.887207
 11
6.51552
 21
-0.889618
  0
LINE
  8
0
 10
6.51552
 20
-0.889618
 11
6.51779
 21
-0.892136
  0
LINE
  8
0
 10
6.51779
 20
-0.892136
 11
6.51994
 21
-0.894745
  0
LINE
  8
0
 10
6.51994
 20
-0.894745
 11
6.52199
 21
-0.89743
  0
LINE
  8
0
 10
6.52199
 20
-0.89743
 11
6.52391
 21
-0.900208
  0
LINE
  8
0
 10
6.52391
 20
-0.900208
 11
6.52573
 21
-0.903061
  0
LINE
  8
0
 10
6.52573
 20
-0.903061
 11
6.52742
 21
-0.905991
  0
LINE
  8
0
 10
6.52742
 20
-0.905991
 11
6.52898
 21
-0.908981
  0
LINE
  8
0
 10
6.52898
 20
-0.908981
 11
6.53043
 21
-0.912048
  0
LINE
  8
0
 10
6.53043
 20
-0.912048
 11
6.53172
 21
-0.915161
  0
LINE
  8
0
 10
6.53172
 20
-0.915161
 11
6.53291
 21
-0.918335
  0
LINE
  8
0
 10
6.53291
 20
-0.918335
 11
6.53395
 21
-0.921539
  0
LINE
  8
0
 10
6.53395
 20
-0.921539
 11
6.53487
 21
-0.924805
  0
LINE
  8
0
 10
6.53487
 20
-0.924805
 11
6.53563
 21
-0.928101
  0
LINE
  8
0
 10
6.53563
 20
-0.928101
 11
6.53627
 21
-0.931412
  0
LINE
  8
0
 10
6.53627
 20
-0.931412
 11
6.53676
 21
-0.934753
  0
LINE
  8
0
 10
6.53676
 20
-0.934753
 11
6.53711
 21
-0.938126
  0
LINE
  8
0
 10
6.53711
 20
-0.938126
 11
6.53732
 21
-0.941498
  0
LINE
  8
0
 10
6.53732
 20
-0.941498
 11
6.5374
 21
-0.94487
  0
LINE
  8
0
 10
6.5374
 20
-0.94487
 11
6.53732
 21
-0.948257
  0
LINE
  8
0
 10
6.53732
 20
-0.948257
 11
6.53711
 21
-0.95163
  0
LINE
  8
0
 10
6.53711
 20
-0.95163
 11
6.53676
 21
-0.954987
  0
LINE
  8
0
 10
6.53676
 20
-0.954987
 11
6.53627
 21
-0.958328
  0
LINE
  8
0
 10
6.53627
 20
-0.958328
 11
6.53563
 21
-0.961655
  0
LINE
  8
0
 10
6.53563
 20
-0.961655
 11
6.53487
 21
-0.964951
  0
LINE
  8
0
 10
6.53487
 20
-0.964951
 11
6.53395
 21
-0.968201
  0
LINE
  8
0
 10
6.53395
 20
-0.968201
 11
6.53291
 21
-0.97142
  0
LINE
  8
0
 10
6.53291
 20
-0.97142
 11
6.53172
 21
-0.974579
  0
LINE
  8
0
 10
6.53172
 20
-0.974579
 11
6.53043
 21
-0.977707
  0
LINE
  8
0
 10
6.53043
 20
-0.977707
 11
6.52898
 21
-0.980759
  0
LINE
  8
0
 10
6.52898
 20
-0.980759
 11
6.52742
 21
-0.983749
  0
LINE
  8
0
 10
6.52742
 20
-0.983749
 11
6.52573
 21
-0.986679
  0
LINE
  8
0
 10
6.52573
 20
-0.986679
 11
6.52391
 21
-0.989532
  0
LINE
  8
0
 10
6.52391
 20
-0.989532
 11
6.52199
 21
-0.99231
  0
LINE
  8
0
 10
6.52199
 20
-0.99231
 11
6.51994
 21
-0.99501
  0
LINE
  8
0
 10
6.51994
 20
-0.99501
 11
6.51779
 21
-0.997604
  0
LINE
  8
0
 10
6.51779
 20
-0.997604
 11
6.51552
 21
-1.00012
  0
LINE
  8
0
 10
6.51552
 20
-1.00012
 11
6.51315
 21
-1.00253
  0
LINE
  8
0
 10
6.51315
 20
-1.00253
 11
6.5107
 21
-1.00485
  0
LINE
  8
0
 10
6.5107
 20
-1.00485
 11
6.50813
 21
-1.00706
  0
LINE
  8
0
 10
6.50813
 20
-1.00706
 11
6.50549
 21
-1.00916
  0
LINE
  8
0
 10
6.50549
 20
-1.00916
 11
6.50275
 21
-1.01115
  0
LINE
  8
0
 10
6.50275
 20
-1.01115
 11
6.49994
 21
-1.01302
  0
LINE
  8
0
 10
6.49994
 20
-1.01302
 11
6.49704
 21
-1.01477
  0
LINE
  8
0
 10
6.49704
 20
-1.01477
 11
6.49408
 21
-1.0164
  0
LINE
  8
0
 10
6.49408
 20
-1.0164
 11
6.49106
 21
-1.0179
  0
LINE
  8
0
 10
6.49106
 20
-1.0179
 11
6.48796
 21
-1.01927
  0
LINE
  8
0
 10
6.48796
 20
-1.01927
 11
6.48482
 21
-1.02052
  0
LINE
  8
0
 10
6.48482
 20
-1.02052
 11
6.48163
 21
-1.02164
  0
LINE
  8
0
 10
6.48163
 20
-1.02164
 11
6.47839
 21
-1.02261
  0
LINE
  8
0
 10
6.47839
 20
-1.02261
 11
6.47511
 21
-1.02345
  0
LINE
  8
0
 10
6.47511
 20
-1.02345
 11
6.47182
 21
-1.02415
  0
LINE
  8
0
 10
6.47182
 20
-1.02415
 11
6.46848
 21
-1.02472
  0
LINE
  8
0
 10
6.46848
 20
-1.02472
 11
6.46512
 21
-1.02515
  0
LINE
  8
0
 10
6.46512
 20
-1.02515
 11
6.46176
 21
-1.02542
  0
LINE
  8
0
 10
6.46176
 20
-1.02542
 11
6.45837
 21
-1.02556
  0
LINE
  8
0
 10
6.45837
 20
-1.02556
 11
6.455
 21
-1.02556
  0
LINE
  8
0
 10
-7.71822
 20
-1.02556
 11
-7.7216
 21
-1.02542
  0
LINE
  8
0
 10
-7.7216
 20
-1.02542
 11
-7.72498
 21
-1.02515
  0
LINE
  8
0
 10
-7.72498
 20
-1.02515
 11
-7.72832
 21
-1.02472
  0
LINE
  8
0
 10
-7.72832
 20
-1.02472
 11
-7.73166
 21
-1.02415
  0
LINE
  8
0
 10
-7.73166
 20
-1.02415
 11
-7.73495
 21
-1.02345
  0
LINE
  8
0
 10
-7.73495
 20
-1.02345
 11
-7.73824
 21
-1.02261
  0
LINE
  8
0
 10
-7.73824
 20
-1.02261
 11
-7.74147
 21
-1.02164
  0
LINE
  8
0
 10
-7.74147
 20
-1.02164
 11
-7.74466
 21
-1.02052
  0
LINE
  8
0
 10
-7.74466
 20
-1.02052
 11
-7.7478
 21
-1.01927
  0
LINE
  8
0
 10
-7.7478
 20
-1.01927
 11
-7.7509
 21
-1.0179
  0
LINE
  8
0
 10
-7.7509
 20
-1.0179
 11
-7.75392
 21
-1.0164
  0
LINE
  8
0
 10
-7.75392
 20
-1.0164
 11
-7.75688
 21
-1.01477
  0
LINE
  8
0
 10
-7.75688
 20
-1.01477
 11
-7.75978
 21
-1.01302
  0
LINE
  8
0
 10
-7.75978
 20
-1.01302
 11
-7.76259
 21
-1.01115
  0
LINE
  8
0
 10
-7.76259
 20
-1.01115
 11
-7.76534
 21
-1.00916
  0
LINE
  8
0
 10
-7.76534
 20
-1.00916
 11
-7.76797
 21
-1.00706
  0
LINE
  8
0
 10
-7.76797
 20
-1.00706
 11
-7.77054
 21
-1.00485
  0
LINE
  8
0
 10
-7.77054
 20
-1.00485
 11
-7.77299
 21
-1.00253
  0
LINE
  8
0
 10
-7.77299
 20
-1.00253
 11
-7.77536
 21
-1.00012
  0
LINE
  8
0
 10
-7.77536
 20
-1.00012
 11
-7.77763
 21
-0.997604
  0
LINE
  8
0
 10
-7.77763
 20
-0.997604
 11
-7.77979
 21
-0.99501
  0
LINE
  8
0
 10
-7.77979
 20
-0.99501
 11
-7.78183
 21
-0.99231
  0
LINE
  8
0
 10
-7.78183
 20
-0.99231
 11
-7.78375
 21
-0.989532
  0
LINE
  8
0
 10
-7.78375
 20
-0.989532
 11
-7.78557
 21
-0.986679
  0
LINE
  8
0
 10
-7.78557
 20
-0.986679
 11
-7.78726
 21
-0.983749
  0
LINE
  8
0
 10
-7.78726
 20
-0.983749
 11
-7.78882
 21
-0.980759
  0
LINE
  8
0
 10
-7.78882
 20
-0.980759
 11
-7.79027
 21
-0.977707
  0
LINE
  8
0
 10
-7.79027
 20
-0.977707
 11
-7.79158
 21
-0.974579
  0
LINE
  8
0
 10
-7.79158
 20
-0.974579
 11
-7.79276
 21
-0.97142
  0
LINE
  8
0
 10
-7.79276
 20
-0.97142
 11
-7.79379
 21
-0.968201
  0
LINE
  8
0
 10
-7.79379
 20
-0.968201
 11
-7.79471
 21
-0.964951
  0
LINE
  8
0
 10
-7.79471
 20
-0.964951
 11
-7.79547
 21
-0.961655
  0
LINE
  8
0
 10
-7.79547
 20
-0.961655
 11
-7.79611
 21
-0.958328
  0
LINE
  8
0
 10
-7.79611
 20
-0.958328
 11
-7.7966
 21
-0.954987
  0
LINE
  8
0
 10
-7.7966
 20
-0.954987
 11
-7.79695
 21
-0.95163
  0
LINE
  8
0
 10
-7.79695
 20
-0.95163
 11
-7.79716
 21
-0.948257
  0
LINE
  8
0
 10
-7.79716
 20
-0.948257
 11
-7.79724
 21
-0.94487
  0
LINE
  8
0
 10
-7.79724
 20
-0.94487
 11
-7.79716
 21
-0.941498
  0
LINE
  8
0
 10
-7.79716
 20
-0.941498
 11
-7.79695
 21
-0.938126
  0
LINE
  8
0
 10
-7.79695
 20
-0.938126
 11
-7.7966
 21
-0.934753
  0
LINE
  8
0
 10
-7.7966
 20
-0.934753
 11
-7.79611
 21
-0.931412
  0
LINE
  8
0
 10
-7.79611
 20
-0.931412
 11
-7.79547
 21
-0.928101
  0
LINE
  8
0
 10
-7.79547
 20
-0.928101
 11
-7.79471
 21
-0.924805
  0
LINE
  8
0
 10
-7.79471
 20
-0.924805
 11
-7.79379
 21
-0.921539
  0
LINE
  8
0
 10
-7.79379
 20
-0.921539
 11
-7.79276
 21
-0.918335
  0
LINE
  8
0
 10
-7.79276
 20
-0.918335
 11
-7.79158
 21
-0.915161
  0
LINE
  8
0
 10
-7.79158
 20
-0.915161
 11
-7.79027
 21
-0.912048
  0
LINE
  8
0
 10
-7.79027
 20
-0.912048
 11
-7.78882
 21
-0.908981
  0
LINE
  8
0
 10
-7.78882
 20
-0.908981
 11
-7.78726
 21
-0.905991
  0
LINE
  8
0
 10
-7.78726
 20
-0.905991
 11
-7.78557
 21
-0.903061
  0
LINE
  8
0
 10
-7.78557
 20
-0.903061
 11
-7.78375
 21
-0.900208
  0
LINE
  8
0
 10
-7.78375
 20
-0.900208
 11
-7.78183
 21
-0.89743
  0
LINE
  8
0
 10
-7.78183
 20
-0.89743
 11
-7.77979
 21
-0.894745
  0
LINE
  8
0
 10
-7.77979
 20
-0.894745
 11
-7.77763
 21
-0.892136
  0
LINE
  8
0
 10
-7.77763
 20
-0.892136
 11
-7.77536
 21
-0.889618
  0
LINE
  8
0
 10
-7.77536
 20
-0.889618
 11
-7.77299
 21
-0.887207
  0
LINE
  8
0
 10
-7.77299
 20
-0.887207
 11
-7.77054
 21
-0.884903
  0
LINE
  8
0
 10
-7.77054
 20
-0.884903
 11
-7.76797
 21
-0.88269
  0
LINE
  8
0
 10
-7.76797
 20
-0.88269
 11
-7.76534
 21
-0.880585
  0
LINE
  8
0
 10
-7.76534
 20
-0.880585
 11
-7.76259
 21
-0.878601
  0
LINE
  8
0
 10
-7.76259
 20
-0.878601
 11
-7.75978
 21
-0.876724
  0
LINE
  8
0
 10
-7.75978
 20
-0.876724
 11
-7.75688
 21
-0.874985
  0
LINE
  8
0
 10
-7.75688
 20
-0.874985
 11
-7.75392
 21
-0.873352
  0
LINE
  8
0
 10
-7.75392
 20
-0.873352
 11
-7.7509
 21
-0.871841
  0
LINE
  8
0
 10
-7.7509
 20
-0.871841
 11
-7.7478
 21
-0.870468
  0
LINE
  8
0
 10
-7.7478
 20
-0.870468
 11
-7.74466
 21
-0.869232
  0
LINE
  8
0
 10
-7.74466
 20
-0.869232
 11
-7.74147
 21
-0.868118
  0
LINE
  8
0
 10
-7.74147
 20
-0.868118
 11
-7.73824
 21
-0.867142
  0
LINE
  8
0
 10
-7.73824
 20
-0.867142
 11
-7.73495
 21
-0.866302
  0
LINE
  8
0
 10
-7.73495
 20
-0.866302
 11
-7.73166
 21
-0.865601
  0
LINE
  8
0
 10
-7.73166
 20
-0.865601
 11
-7.72832
 21
-0.865036
  0
LINE
  8
0
 10
-7.72832
 20
-0.865036
 11
-7.72498
 21
-0.864609
  0
LINE
  8
0
 10
-7.72498
 20
-0.864609
 11
-7.7216
 21
-0.864319
  0
LINE
  8
0
 10
-7.7216
 20
-0.864319
 11
-7.71822
 21
-0.864182
  0
LINE
  8
0
 10
-7.71822
 20
-0.864182
 11
-7.71484
 21
-0.864182
  0
LINE
  8
0
 10
-7.71484
 20
-0.864182
 11
-7.71147
 21
-0.864319
  0
LINE
  8
0
 10
-7.71147
 20
-0.864319
 11
-7.7081
 21
-0.864609
  0
LINE
  8
0
 10
-7.7081
 20
-0.864609
 11
-7.70474
 21
-0.865036
  0
LINE
  8
0
 10
-7.70474
 20
-0.865036
 11
-7.70142
 21
-0.865601
  0
LINE
  8
0
 10
-7.70142
 20
-0.865601
 11
-7.6981
 21
-0.866302
  0
LINE
  8
0
 10
-7.6981
 20
-0.866302
 11
-7.69482
 21
-0.867142
  0
LINE
  8
0
 10
-7.69482
 20
-0.867142
 11
-7.69159
 21
-0.868118
  0
LINE
  8
0
 10
-7.69159
 20
-0.868118
 11
-7.6884
 21
-0.869232
  0
LINE
  8
0
 10
-7.6884
 20
-0.869232
 11
-7.68526
 21
-0.870468
  0
LINE
  8
0
 10
-7.68526
 20
-0.870468
 11
-7.68217
 21
-0.871841
  0
LINE
  8
0
 10
-7.68217
 20
-0.871841
 11
-7.67914
 21
-0.873352
  0
LINE
  8
0
 10
-7.67914
 20
-0.873352
 11
-7.67618
 21
-0.874985
  0
LINE
  8
0
 10
-7.67618
 20
-0.874985
 11
-7.67328
 21
-0.876724
  0
LINE
  8
0
 10
-7.67328
 20
-0.876724
 11
-7.67047
 21
-0.878601
  0
LINE
  8
0
 10
-7.67047
 20
-0.878601
 11
-7.66774
 21
-0.880585
  0
LINE
  8
0
 10
-7.66774
 20
-0.880585
 11
-7.66508
 21
-0.88269
  0
LINE
  8
0
 10
-7.66508
 20
-0.88269
 11
-7.66252
 21
-0.884903
  0
LINE
  8
0
 10
-7.66252
 20
-0.884903
 11
-7.66006
 21
-0.887207
  0
LINE
  8
0
 10
-7.66006
 20
-0.887207
 11
-7.6577
 21
-0.889618
  0
LINE
  8
0
 10
-7.6577
 20
-0.889618
 11
-7.65544
 21
-0.892136
  0
LINE
  8
0
 10
-7.65544
 20
-0.892136
 11
-7.65327
 21
-0.894745
  0
LINE
  8
0
 10
-7.65327
 20
-0.894745
 11
-7.65123
 21
-0.89743
  0
LINE
  8
0
 10
-7.65123
 20
-0.89743
 11
-7.64931
 21
-0.900208
  0
LINE
  8
0
 10
-7.64931
 20
-0.900208
 11
-7.64749
 21
-0.903061
  0
LINE
  8
0
 10
-7.64749
 20
-0.903061
 11
-7.64581
 21
-0.905991
  0
LINE
  8
0
 10
-7.64581
 20
-0.905991
 11
-7.64424
 21
-0.908981
  0
LINE
  8
0
 10
-7.64424
 20
-0.908981
 11
-7.64281
 21
-0.912048
  0
LINE
  8
0
 10
-7.64281
 20
-0.912048
 11
-7.64149
 21
-0.915161
  0
LINE
  8
0
 10
-7.64149
 20
-0.915161
 11
-7.64032
 21
-0.918335
  0
LINE
  8
0
 10
-7.64032
 20
-0.918335
 11
-7.63927
 21
-0.921539
  0
LINE
  8
0
 10
-7.63927
 20
-0.921539
 11
-7.63835
 21
-0.924805
  0
LINE
  8
0
 10
-7.63835
 20
-0.924805
 11
-7.63759
 21
-0.928101
  0
LINE
  8
0
 10
-7.63759
 20
-0.928101
 11
-7.63695
 21
-0.931412
  0
LINE
  8
0
 10
-7.63695
 20
-0.931412
 11
-7.63646
 21
-0.934753
  0
LINE
  8
0
 10
-7.63646
 20
-0.934753
 11
-7.63611
 21
-0.938126
  0
LINE
  8
0
 10
-7.63611
 20
-0.938126
 11
-7.63589
 21
-0.941498
  0
LINE
  8
0
 10
-7.63589
 20
-0.941498
 11
-7.63582
 21
-0.94487
  0
LINE
  8
0
 10
-7.63582
 20
-0.94487
 11
-7.63589
 21
-0.948257
  0
LINE
  8
0
 10
-7.63589
 20
-0.948257
 11
-7.63611
 21
-0.95163
  0
LINE
  8
0
 10
-7.63611
 20
-0.95163
 11
-7.63646
 21
-0.954987
  0
LINE
  8
0
 10
-7.63646
 20
-0.954987
 11
-7.63695
 21
-0.958328
  0
LINE
  8
0
 10
-7.63695
 20
-0.958328
 11
-7.63759
 21
-0.961655
  0
LINE
  8
0
 10
-7.63759
 20
-0.961655
 11
-7.63835
 21
-0.964951
  0
LINE
  8
0
 10
-7.63835
 20
-0.964951
 11
-7.63927
 21
-0.968201
  0
LINE
  8
0
 10
-7.63927
 20
-0.968201
 11
-7.64032
 21
-0.97142
  0
LINE
  8
0
 10
-7.64032
 20
-0.97142
 11
-7.64149
 21
-0.974579
  0
LINE
  8
0
 10
-7.64149
 20
-0.974579
 11
-7.64281
 21
-0.977707
  0
LINE
  8
0
 10
-7.64281
 20
-0.977707
 11
-7.64424
 21
-0.980759
  0
LINE
  8
0
 10
-7.64424
 20
-0.980759
 11
-7.64581
 21
-0.983749
  0
LINE
  8
0
 10
-7.64581
 20
-0.983749
 11
-7.64749
 21
-0.986679
  0
LINE
  8
0
 10
-7.64749
 20
-0.986679
 11
-7.64931
 21
-0.989532
  0
LINE
  8
0
 10
-7.64931
 20
-0.989532
 11
-7.65123
 21
-0.99231
  0
LINE
  8
0
 10
-7.65123
 20
-0.99231
 11
-7.65327
 21
-0.99501
  0
LINE
  8
0
 10
-7.65327
 20
-0.99501
 11
-7.65544
 21
-0.997604
  0
LINE
  8
0
 10
-7.65544
 20
-0.997604
 11
-7.6577
 21
-1.00012
  0
LINE
  8
0
 10
-7.6577
 20
-1.00012
 11
-7.66006
 21
-1.00253
  0
LINE
  8
0
 10
-7.66006
 20
-1.00253
 11
-7.66252
 21
-1.00485
  0
LINE
  8
0
 10
-7.66252
 20
-1.00485
 11
-7.66508
 21
-1.00706
  0
LINE
  8
0
 10
-7.66508
 20
-1.00706
 11
-7.66774
 21
-1.00916
  0
LINE
  8
0
 10
-7.66774
 20
-1.00916
 11
-7.67047
 21
-1.01115
  0
LINE
  8
0
 10
-7.67047
 20
-1.01115
 11
-7.67328
 21
-1.01302
  0
LINE
  8
0
 10
-7.67328
 20
-1.01302
 11
-7.67618
 21
-1.01477
  0
LINE
  8
0
 10
-7.67618
 20
-1.01477
 11
-7.67914
 21
-1.0164
  0
LINE
  8
0
 10
-7.67914
 20
-1.0164
 11
-7.68217
 21
-1.0179
  0
LINE
  8
0
 10
-7.68217
 20
-1.0179
 11
-7.68526
 21
-1.01927
  0
LINE
  8
0
 10
-7.68526
 20
-1.01927
 11
-7.6884
 21
-1.02052
  0
LINE
  8
0
 10
-7.6884
 20
-1.02052
 11
-7.69159
 21
-1.02164
  0
LINE
  8
0
 10
-7.69159
 20
-1.02164
 11
-7.69482
 21
-1.02261
  0
LINE
  8
0
 10
-7.69482
 20
-1.02261
 11
-7.6981
 21
-1.02345
  0
LINE
  8
0
 10
-7.6981
 20
-1.02345
 11
-7.70142
 21
-1.02415
  0
LINE
  8
0
 10
-7.70142
 20
-1.02415
 11
-7.70474
 21
-1.02472
  0
LINE
  8
0
 10
-7.70474
 20
-1.02472
 11
-7.7081
 21
-1.02515
  0
LINE
  8
0
 10
-7.7081
 20
-1.02515
 11
-7.71147
 21
-1.02542
  0
LINE
  8
0
 10
-7.71147
 20
-1.02542
 11
-7.71484
 21
-1.02556
  0
LINE
  8
0
 10
-7.71484
 20
-1.02556
 11
-7.71822
 21
-1.02556
  0
LINE
  8
0
 10
7.71484
 20
-1.02556
 11
7.71147
 21
-1.02542
  0
LINE
  8
0
 10
7.71147
 20
-1.02542
 11
7.7081
 21
-1.02515
  0
LINE
  8
0
 10
7.7081
 20
-1.02515
 11
7.70474
 21
-1.02472
  0
LINE
  8
0
 10
7.70474
 20
-1.02472
 11
7.70142
 21
-1.02415
  0
LINE
  8
0
 10
7.70142
 20
-1.02415
 11
7.6981
 21
-1.02345
  0
LINE
  8
0
 10
7.6981
 20
-1.02345
 11
7.69482
 21
-1.02261
  0
LINE
  8
0
 10
7.69482
 20
-1.02261
 11
7.69159
 21
-1.02164
  0
LINE
  8
0
 10
7.69159
 20
-1.02164
 11
7.6884
 21
-1.02052
  0
LINE
  8
0
 10
7.6884
 20
-1.02052
 11
7.68526
 21
-1.01927
  0
LINE
  8
0
 10
7.68526
 20
-1.01927
 11
7.68217
 21
-1.0179
  0
LINE
  8
0
 10
7.68217
 20
-1.0179
 11
7.67914
 21
-1.0164
  0
LINE
  8
0
 10
7.67914
 20
-1.0164
 11
7.67618
 21
-1.01477
  0
LINE
  8
0
 10
7.67618
 20
-1.01477
 11
7.67328
 21
-1.01302
  0
LINE
  8
0
 10
7.67328
 20
-1.01302
 11
7.67047
 21
-1.01115
  0
LINE
  8
0
 10
7.67047
 20
-1.01115
 11
7.66774
 21
-1.00916
  0
LINE
  8
0
 10
7.66774
 20
-1.00916
 11
7.66508
 21
-1.00706
  0
LINE
  8
0
 10
7.66508
 20
-1.00706
 11
7.66252
 21
-1.00485
  0
LINE
  8
0
 10
7.66252
 20
-1.00485
 11
7.66006
 21
-1.00253
  0
LINE
  8
0
 10
7.66006
 20
-1.00253
 11
7.6577
 21
-1.00012
  0
LINE
  8
0
 10
7.6577
 20
-1.00012
 11
7.65544
 21
-0.997604
  0
LINE
  8
0
 10
7.65544
 20
-0.997604
 11
7.65327
 21
-0.99501
  0
LINE
  8
0
 10
7.65327
 20
-0.99501
 11
7.65123
 21
-0.99231
  0
LINE
  8
0
 10
7.65123
 20
-0.99231
 11
7.64931
 21
-0.989532
  0
LINE
  8
0
 10
7.64931
 20
-0.989532
 11
7.64749
 21
-0.986679
  0
LINE
  8
0
 10
7.64749
 20
-0.986679
 11
7.64581
 21
-0.983749
  0
LINE
  8
0
 10
7.64581
 20
-0.983749
 11
7.64424
 21
-0.980759
  0
LINE
  8
0
 10
7.64424
 20
-0.980759
 11
7.64281
 21
-0.977707
  0
LINE
  8
0
 10
7.64281
 20
-0.977707
 11
7.64149
 21
-0.974579
  0
LINE
  8
0
 10
7.64149
 20
-0.974579
 11
7.64032
 21
-0.97142
  0
LINE
  8
0
 10
7.64032
 20
-0.97142
 11
7.63927
 21
-0.968201
  0
LINE
  8
0
 10
7.63927
 20
-0.968201
 11
7.63835
 21
-0.964951
  0
LINE
  8
0
 10
7.63835
 20
-0.964951
 11
7.63759
 21
-0.961655
  0
LINE
  8
0
 10
7.63759
 20
-0.961655
 11
7.63695
 21
-0.958328
  0
LINE
  8
0
 10
7.63695
 20
-0.958328
 11
7.63646
 21
-0.954987
  0
LINE
  8
0
 10
7.63646
 20
-0.954987
 11
7.63611
 21
-0.95163
  0
LINE
  8
0
 10
7.63611
 20
-0.95163
 11
7.63589
 21
-0.948257
  0
LINE
  8
0
 10
7.63589
 20
-0.948257
 11
7.63582
 21
-0.94487
  0
LINE
  8
0
 10
7.63582
 20
-0.94487
 11
7.63589
 21
-0.941498
  0
LINE
  8
0
 10
7.63589
 20
-0.941498
 11
7.63611
 21
-0.938126
  0
LINE
  8
0
 10
7.63611
 20
-0.938126
 11
7.63646
 21
-0.934753
  0
LINE
  8
0
 10
7.63646
 20
-0.934753
 11
7.63695
 21
-0.931412
  0
LINE
  8
0
 10
7.63695
 20
-0.931412
 11
7.63759
 21
-0.928101
  0
LINE
  8
0
 10
7.63759
 20
-0.928101
 11
7.63835
 21
-0.924805
  0
LINE
  8
0
 10
7.63835
 20
-0.924805
 11
7.63927
 21
-0.921539
  0
LINE
  8
0
 10
7.63927
 20
-0.921539
 11
7.64032
 21
-0.918335
  0
LINE
  8
0
 10
7.64032
 20
-0.918335
 11
7.64149
 21
-0.915161
  0
LINE
  8
0
 10
7.64149
 20
-0.915161
 11
7.64281
 21
-0.912048
  0
LINE
  8
0
 10
7.64281
 20
-0.912048
 11
7.64424
 21
-0.908981
  0
LINE
  8
0
 10
7.64424
 20
-0.908981
 11
7.64581
 21
-0.905991
  0
LINE
  8
0
 10
7.64581
 20
-0.905991
 11
7.64749
 21
-0.903061
  0
LINE
  8
0
 10
7.64749
 20
-0.903061
 11
7.64931
 21
-0.900208
  0
LINE
  8
0
 10
7.64931
 20
-0.900208
 11
7.65123
 21
-0.89743
  0
LINE
  8
0
 10
7.65123
 20
-0.89743
 11
7.65327
 21
-0.894745
  0
LINE
  8
0
 10
7.65327
 20
-0.894745
 11
7.65544
 21
-0.892136
  0
LINE
  8
0
 10
7.65544
 20
-0.892136
 11
7.6577
 21
-0.889618
  0
LINE
  8
0
 10
7.6577
 20
-0.889618
 11
7.66006
 21
-0.887207
  0
LINE
  8
0
 10
7.66006
 20
-0.887207
 11
7.66252
 21
-0.884903
  0
LINE
  8
0
 10
7.66252
 20
-0.884903
 11
7.66508
 21
-0.88269
  0
LINE
  8
0
 10
7.66508
 20
-0.88269
 11
7.66774
 21
-0.880585
  0
LINE
  8
0
 10
7.66774
 20
-0.880585
 11
7.67047
 21
-0.878601
  0
LINE
  8
0
 10
7.67047
 20
-0.878601
 11
7.67328
 21
-0.876724
  0
LINE
  8
0
 10
7.67328
 20
-0.876724
 11
7.67618
 21
-0.874985
  0
LINE
  8
0
 10
7.67618
 20
-0.874985
 11
7.67914
 21
-0.873352
  0
LINE
  8
0
 10
7.67914
 20
-0.873352
 11
7.68217
 21
-0.871841
  0
LINE
  8
0
 10
7.68217
 20
-0.871841
 11
7.68526
 21
-0.870468
  0
LINE
  8
0
 10
7.68526
 20
-0.870468
 11
7.6884
 21
-0.869232
  0
LINE
  8
0
 10
7.6884
 20
-0.869232
 11
7.69159
 21
-0.868118
  0
LINE
  8
0
 10
7.69159
 20
-0.868118
 11
7.69482
 21
-0.867142
  0
LINE
  8
0
 10
7.69482
 20
-0.867142
 11
7.6981
 21
-0.866302
  0
LINE
  8
0
 10
7.6981
 20
-0.866302
 11
7.70142
 21
-0.865601
  0
LINE
  8
0
 10
7.70142
 20
-0.865601
 11
7.70474
 21
-0.865036
  0
LINE
  8
0
 10
7.70474
 20
-0.865036
 11
7.7081
 21
-0.864609
  0
LINE
  8
0
 10
7.7081
 20
-0.864609
 11
7.71147
 21
-0.864319
  0
LINE
  8
0
 10
7.71147
 20
-0.864319
 11
7.71484
 21
-0.864182
  0
LINE
  8
0
 10
7.71484
 20
-0.864182
 11
7.71822
 21
-0.864182
  0
LINE
  8
0
 10
7.71822
 20
-0.864182
 11
7.7216
 21
-0.864319
  0
LINE
  8
0
 10
7.7216
 20
-0.864319
 11
7.72498
 21
-0.864609
  0
LINE
  8
0
 10
7.72498
 20
-0.864609
 11
7.72832
 21
-0.865036
  0
LINE
  8
0
 10
7.72832
 20
-0.865036
 11
7.73166
 21
-0.865601
  0
LINE
  8
0
 10
7.73166
 20
-0.865601
 11
7.73495
 21
-0.866302
  0
LINE
  8
0
 10
7.73495
 20
-0.866302
 11
7.73824
 21
-0.867142
  0
LINE
  8
0
 10
7.73824
 20
-0.867142
 11
7.74147
 21
-0.868118
  0
LINE
  8
0
 10
7.74147
 20
-0.868118
 11
7.74466
 21
-0.869232
  0
LINE
  8
0
 10
7.74466
 20
-0.869232
 11
7.7478
 21
-0.870468
  0
LINE
  8
0
 10
7.7478
 20
-0.870468
 11
7.7509
 21
-0.871841
  0
LINE
  8
0
 10
7.7509
 20
-0.871841
 11
7.75392
 21
-0.873352
  0
LINE
  8
0
 10
7.75392
 20
-0.873352
 11
7.75688
 21
-0.874985
  0
LINE
  8
0
 10
7.75688
 20
-0.874985
 11
7.75978
 21
-0.876724
  0
LINE
  8
0
 10
7.75978
 20
-0.876724
 11
7.76259
 21
-0.878601
  0
LINE
  8
0
 10
7.76259
 20
-0.878601
 11
7.76534
 21
-0.880585
  0
LINE
  8
0
 10
7.76534
 20
-0.880585
 11
7.76797
 21
-0.88269
  0
LINE
  8
0
 10
7.76797
 20
-0.88269
 11
7.77054
 21
-0.884903
  0
LINE
  8
0
 10
7.77054
 20
-0.884903
 11
7.77299
 21
-0.887207
  0
LINE
  8
0
 10
7.77299
 20
-0.887207
 11
7.77536
 21
-0.889618
  0
LINE
  8
0
 10
7.77536
 20
-0.889618
 11
7.77763
 21
-0.892136
  0
LINE
  8
0
 10
7.77763
 20
-0.892136
 11
7.77979
 21
-0.894745
  0
LINE
  8
0
 10
7.77979
 20
-0.894745
 11
7.78183
 21
-0.89743
  0
LINE
  8
0
 10
7.78183
 20
-0.89743
 11
7.78375
 21
-0.900208
  0
LINE
  8
0
 10
7.78375
 20
-0.900208
 11
7.78557
 21
-0.903061
  0
LINE
  8
0
 10
7.78557
 20
-0.903061
 11
7.78726
 21
-0.905991
  0
LINE
  8
0
 10
7.78726
 20
-0.905991
 11
7.78882
 21
-0.908981
  0
LINE
  8
0
 10
7.78882
 20
-0.908981
 11
7.79027
 21
-0.912048
  0
LINE
  8
0
 10
7.79027
 20
-0.912048
 11
7.79158
 21
-0.915161
  0
LINE
  8
0
 10
7.79158
 20
-0.915161
 11
7.79276
 21
-0.918335
  0
LINE
  8
0
 10
7.79276
 20
-0.918335
 11
7.79379
 21
-0.921539
  0
LINE
  8
0
 10
7.79379
 20
-0.921539
 11
7.79471
 21
-0.924805
  0
LINE
  8
0
 10
7.79471
 20
-0.924805
 11
7.79547
 21
-0.928101
  0
LINE
  8
0
 10
7.79547
 20
-0.928101
 11
7.79611
 21
-0.931412
  0
LINE
  8
0
 10
7.79611
 20
-0.931412
 11
7.7966
 21
-0.934753
  0
LINE
  8
0
 10
7.7966
 20
-0.934753
 11
7.79695
 21
-0.938126
  0
LINE
  8
0
 10
7.79695
 20
-0.938126
 11
7.79716
 21
-0.941498
  0
LINE
  8
0
 10
7.79716
 20
-0.941498
 11
7.79724
 21
-0.94487
  0
LINE
  8
0
 10
7.79724
 20
-0.94487
 11
7.79716
 21
-0.948257
  0
LINE
  8
0
 10
7.79716
 20
-0.948257
 11
7.79695
 21
-0.95163
  0
LINE
  8
0
 10
7.79695
 20
-0.95163
 11
7.7966
 21
-0.954987
  0
LINE
  8
0
 10
7.7966
 20
-0.954987
 11
7.79611
 21
-0.958328
  0
LINE
  8
0
 10
7.79611
 20
-0.958328
 11
7.79547
 21
-0.961655
  0
LINE
  8
0
 10
7.79547
 20
-0.961655
 11
7.79471
 21
-0.964951
  0
LINE
  8
0
 10
7.79471
 20
-0.964951
 11
7.79379
 21
-0.968201
  0
LINE
  8
0
 10
7.79379
 20
-0.968201
 11
7.79276
 21
-0.97142
  0
LINE
  8
0
 10
7.79276
 20
-0.97142
 11
7.79158
 21
-0.974579
  0
LINE
  8
0
 10
7.79158
 20
-0.974579
 11
7.79027
 21
-0.977707
  0
LINE
  8
0
 10
7.79027
 20
-0.977707
 11
7.78882
 21
-0.980759
  0
LINE
  8
0
 10
7.78882
 20
-0.980759
 11
7.78726
 21
-0.983749
  0
LINE
  8
0
 10
7.78726
 20
-0.983749
 11
7.78557
 21
-0.986679
  0
LINE
  8
0
 10
7.78557
 20
-0.986679
 11
7.78375
 21
-0.989532
  0
LINE
  8
0
 10
7.78375
 20
-0.989532
 11
7.78183
 21
-0.99231
  0
LINE
  8
0
 10
7.78183
 20
-0.99231
 11
7.77979
 21
-0.99501
  0
LINE
  8
0
 10
7.77979
 20
-0.99501
 11
7.77763
 21
-0.997604
  0
LINE
  8
0
 10
7.77763
 20
-0.997604
 11
7.77536
 21
-1.00012
  0
LINE
  8
0
 10
7.77536
 20
-1.00012
 11
7.77299
 21
-1.00253
  0
LINE
  8
0
 10
7.77299
 20
-1.00253
 11
7.77054
 21
-1.00485
  0
LINE
  8
0
 10
7.77054
 20
-1.00485
 11
7.76797
 21
-1.00706
  0
LINE
  8
0
 10
7.76797
 20
-1.00706
 11
7.76534
 21
-1.00916
  0
LINE
  8
0
 10
7.76534
 20
-1.00916
 11
7.76259
 21
-1.01115
  0
LINE
  8
0
 10
7.76259
 20
-1.01115
 11
7.75978
 21
-1.01302
  0
LINE
  8
0
 10
7.75978
 20
-1.01302
 11
7.75688
 21
-1.01477
  0
LINE
  8
0
 10
7.75688
 20
-1.01477
 11
7.75392
 21
-1.0164
  0
LINE
  8
0
 10
7.75392
 20
-1.0164
 11
7.7509
 21
-1.0179
  0
LINE
  8
0
 10
7.7509
 20
-1.0179
 11
7.7478
 21
-1.01927
  0
LINE
  8
0
 10
7.7478
 20
-1.01927
 11
7.74466
 21
-1.02052
  0
LINE
  8
0
 10
7.74466
 20
-1.02052
 11
7.74147
 21
-1.02164
  0
LINE
  8
0
 10
7.74147
 20
-1.02164
 11
7.73824
 21
-1.02261
  0
LINE
  8
0
 10
7.73824
 20
-1.02261
 11
7.73495
 21
-1.02345
  0
LINE
  8
0
 10
7.73495
 20
-1.02345
 11
7.73166
 21
-1.02415
  0
LINE
  8
0
 10
7.73166
 20
-1.02415
 11
7.72832
 21
-1.02472
  0
LINE
  8
0
 10
7.72832
 20
-1.02472
 11
7.72498
 21
-1.02515
  0
LINE
  8
0
 10
7.72498
 20
-1.02515
 11
7.7216
 21
-1.02542
  0
LINE
  8
0
 10
7.7216
 20
-1.02542
 11
7.71822
 21
-1.02556
  0
LINE
  8
0
 10
7.71822
 20
-1.02556
 11
7.71484
 21
-1.02556
  0
LINE
  8
0
 10
-7.71822
 20
-1.34053
 11
-7.7216
 21
-1.34038
  0
LINE
  8
0
 10
-7.7216
 20
-1.34038
 11
-7.72498
 21
-1.3401
  0
LINE
  8
0
 10
-7.72498
 20
-1.3401
 11
-7.72832
 21
-1.33968
  0
LINE
  8
0
 10
-7.72832
 20
-1.33968
 11
-7.73166
 21
-1.33911
  0
LINE
  8
0
 10
-7.73166
 20
-1.33911
 11
-7.73495
 21
-1.33841
  0
LINE
  8
0
 10
-7.73495
 20
-1.33841
 11
-7.73824
 21
-1.33757
  0
LINE
  8
0
 10
-7.73824
 20
-1.33757
 11
-7.74147
 21
-1.33659
  0
LINE
  8
0
 10
-7.74147
 20
-1.33659
 11
-7.74466
 21
-1.33548
  0
LINE
  8
0
 10
-7.74466
 20
-1.33548
 11
-7.7478
 21
-1.33424
  0
LINE
  8
0
 10
-7.7478
 20
-1.33424
 11
-7.7509
 21
-1.33286
  0
LINE
  8
0
 10
-7.7509
 20
-1.33286
 11
-7.75392
 21
-1.33136
  0
LINE
  8
0
 10
-7.75392
 20
-1.33136
 11
-7.75688
 21
-1.32973
  0
LINE
  8
0
 10
-7.75688
 20
-1.32973
 11
-7.75978
 21
-1.32797
  0
LINE
  8
0
 10
-7.75978
 20
-1.32797
 11
-7.76259
 21
-1.32611
  0
LINE
  8
0
 10
-7.76259
 20
-1.32611
 11
-7.76534
 21
-1.32413
  0
LINE
  8
0
 10
-7.76534
 20
-1.32413
 11
-7.76797
 21
-1.32202
  0
LINE
  8
0
 10
-7.76797
 20
-1.32202
 11
-7.77054
 21
-1.31981
  0
LINE
  8
0
 10
-7.77054
 20
-1.31981
 11
-7.77299
 21
-1.3175
  0
LINE
  8
0
 10
-7.77299
 20
-1.3175
 11
-7.77536
 21
-1.31508
  0
LINE
  8
0
 10
-7.77536
 20
-1.31508
 11
-7.77763
 21
-1.31258
  0
LINE
  8
0
 10
-7.77763
 20
-1.31258
 11
-7.77979
 21
-1.30997
  0
LINE
  8
0
 10
-7.77979
 20
-1.30997
 11
-7.78183
 21
-1.30728
  0
LINE
  8
0
 10
-7.78183
 20
-1.30728
 11
-7.78375
 21
-1.3045
  0
LINE
  8
0
 10
-7.78375
 20
-1.3045
 11
-7.78557
 21
-1.30165
  0
LINE
  8
0
 10
-7.78557
 20
-1.30165
 11
-7.78726
 21
-1.29872
  0
LINE
  8
0
 10
-7.78726
 20
-1.29872
 11
-7.78882
 21
-1.29572
  0
LINE
  8
0
 10
-7.78882
 20
-1.29572
 11
-7.79027
 21
-1.29266
  0
LINE
  8
0
 10
-7.79027
 20
-1.29266
 11
-7.79158
 21
-1.28955
  0
LINE
  8
0
 10
-7.79158
 20
-1.28955
 11
-7.79276
 21
-1.28638
  0
LINE
  8
0
 10
-7.79276
 20
-1.28638
 11
-7.79379
 21
-1.28316
  0
LINE
  8
0
 10
-7.79379
 20
-1.28316
 11
-7.79471
 21
-1.27991
  0
LINE
  8
0
 10
-7.79471
 20
-1.27991
 11
-7.79547
 21
-1.27661
  0
LINE
  8
0
 10
-7.79547
 20
-1.27661
 11
-7.79611
 21
-1.2733
  0
LINE
  8
0
 10
-7.79611
 20
-1.2733
 11
-7.7966
 21
-1.26994
  0
LINE
  8
0
 10
-7.7966
 20
-1.26994
 11
-7.79695
 21
-1.26659
  0
LINE
  8
0
 10
-7.79695
 20
-1.26659
 11
-7.79716
 21
-1.26321
  0
LINE
  8
0
 10
-7.79716
 20
-1.26321
 11
-7.79724
 21
-1.25984
  0
LINE
  8
0
 10
-7.79724
 20
-1.25984
 11
-7.79716
 21
-1.25645
  0
LINE
  8
0
 10
-7.79716
 20
-1.25645
 11
-7.79695
 21
-1.25308
  0
LINE
  8
0
 10
-7.79695
 20
-1.25308
 11
-7.7966
 21
-1.24973
  0
LINE
  8
0
 10
-7.7966
 20
-1.24973
 11
-7.79611
 21
-1.24637
  0
LINE
  8
0
 10
-7.79611
 20
-1.24637
 11
-7.79547
 21
-1.24306
  0
LINE
  8
0
 10
-7.79547
 20
-1.24306
 11
-7.79471
 21
-1.23976
  0
LINE
  8
0
 10
-7.79471
 20
-1.23976
 11
-7.79379
 21
-1.23651
  0
LINE
  8
0
 10
-7.79379
 20
-1.23651
 11
-7.79276
 21
-1.23329
  0
LINE
  8
0
 10
-7.79276
 20
-1.23329
 11
-7.79158
 21
-1.23012
  0
LINE
  8
0
 10
-7.79158
 20
-1.23012
 11
-7.79027
 21
-1.22701
  0
LINE
  8
0
 10
-7.79027
 20
-1.22701
 11
-7.78882
 21
-1.22395
  0
LINE
  8
0
 10
-7.78882
 20
-1.22395
 11
-7.78726
 21
-1.22095
  0
LINE
  8
0
 10
-7.78726
 20
-1.22095
 11
-7.78557
 21
-1.21803
  0
LINE
  8
0
 10
-7.78557
 20
-1.21803
 11
-7.78375
 21
-1.21516
  0
LINE
  8
0
 10
-7.78375
 20
-1.21516
 11
-7.78183
 21
-1.2124
  0
LINE
  8
0
 10
-7.78183
 20
-1.2124
 11
-7.77979
 21
-1.2097
  0
LINE
  8
0
 10
-7.77979
 20
-1.2097
 11
-7.77763
 21
-1.20709
  0
LINE
  8
0
 10
-7.77763
 20
-1.20709
 11
-7.77536
 21
-1.20459
  0
LINE
  8
0
 10
-7.77536
 20
-1.20459
 11
-7.77299
 21
-1.20216
  0
LINE
  8
0
 10
-7.77299
 20
-1.20216
 11
-7.77054
 21
-1.19986
  0
LINE
  8
0
 10
-7.77054
 20
-1.19986
 11
-7.76797
 21
-1.19765
  0
LINE
  8
0
 10
-7.76797
 20
-1.19765
 11
-7.76534
 21
-1.19554
  0
LINE
  8
0
 10
-7.76534
 20
-1.19554
 11
-7.76259
 21
-1.19356
  0
LINE
  8
0
 10
-7.76259
 20
-1.19356
 11
-7.75978
 21
-1.1917
  0
LINE
  8
0
 10
-7.75978
 20
-1.1917
 11
-7.75688
 21
-1.18994
  0
LINE
  8
0
 10
-7.75688
 20
-1.18994
 11
-7.75392
 21
-1.18831
  0
LINE
  8
0
 10
-7.75392
 20
-1.18831
 11
-7.7509
 21
-1.18681
  0
LINE
  8
0
 10
-7.7509
 20
-1.18681
 11
-7.7478
 21
-1.18542
  0
LINE
  8
0
 10
-7.7478
 20
-1.18542
 11
-7.74466
 21
-1.18419
  0
LINE
  8
0
 10
-7.74466
 20
-1.18419
 11
-7.74147
 21
-1.18307
  0
LINE
  8
0
 10
-7.74147
 20
-1.18307
 11
-7.73824
 21
-1.1821
  0
LINE
  8
0
 10
-7.73824
 20
-1.1821
 11
-7.73495
 21
-1.18126
  0
LINE
  8
0
 10
-7.73495
 20
-1.18126
 11
-7.73166
 21
-1.18056
  0
LINE
  8
0
 10
-7.73166
 20
-1.18056
 11
-7.72832
 21
-1.17999
  0
LINE
  8
0
 10
-7.72832
 20
-1.17999
 11
-7.72498
 21
-1.17957
  0
LINE
  8
0
 10
-7.72498
 20
-1.17957
 11
-7.7216
 21
-1.17929
  0
LINE
  8
0
 10
-7.7216
 20
-1.17929
 11
-7.71822
 21
-1.17914
  0
LINE
  8
0
 10
-7.71822
 20
-1.17914
 11
-7.71484
 21
-1.17914
  0
LINE
  8
0
 10
-7.71484
 20
-1.17914
 11
-7.71147
 21
-1.17929
  0
LINE
  8
0
 10
-7.71147
 20
-1.17929
 11
-7.7081
 21
-1.17957
  0
LINE
  8
0
 10
-7.7081
 20
-1.17957
 11
-7.70474
 21
-1.17999
  0
LINE
  8
0
 10
-7.70474
 20
-1.17999
 11
-7.70142
 21
-1.18056
  0
LINE
  8
0
 10
-7.70142
 20
-1.18056
 11
-7.6981
 21
-1.18126
  0
LINE
  8
0
 10
-7.6981
 20
-1.18126
 11
-7.69482
 21
-1.1821
  0
LINE
  8
0
 10
-7.69482
 20
-1.1821
 11
-7.69159
 21
-1.18307
  0
LINE
  8
0
 10
-7.69159
 20
-1.18307
 11
-7.6884
 21
-1.18419
  0
LINE
  8
0
 10
-7.6884
 20
-1.18419
 11
-7.68526
 21
-1.18542
  0
LINE
  8
0
 10
-7.68526
 20
-1.18542
 11
-7.68217
 21
-1.18681
  0
LINE
  8
0
 10
-7.68217
 20
-1.18681
 11
-7.67914
 21
-1.18831
  0
LINE
  8
0
 10
-7.67914
 20
-1.18831
 11
-7.67618
 21
-1.18994
  0
LINE
  8
0
 10
-7.67618
 20
-1.18994
 11
-7.67328
 21
-1.1917
  0
LINE
  8
0
 10
-7.67328
 20
-1.1917
 11
-7.67047
 21
-1.19356
  0
LINE
  8
0
 10
-7.67047
 20
-1.19356
 11
-7.66774
 21
-1.19554
  0
LINE
  8
0
 10
-7.66774
 20
-1.19554
 11
-7.66508
 21
-1.19765
  0
LINE
  8
0
 10
-7.66508
 20
-1.19765
 11
-7.66252
 21
-1.19986
  0
LINE
  8
0
 10
-7.66252
 20
-1.19986
 11
-7.66006
 21
-1.20216
  0
LINE
  8
0
 10
-7.66006
 20
-1.20216
 11
-7.6577
 21
-1.20459
  0
LINE
  8
0
 10
-7.6577
 20
-1.20459
 11
-7.65544
 21
-1.20709
  0
LINE
  8
0
 10
-7.65544
 20
-1.20709
 11
-7.65327
 21
-1.2097
  0
LINE
  8
0
 10
-7.65327
 20
-1.2097
 11
-7.65123
 21
-1.2124
  0
LINE
  8
0
 10
-7.65123
 20
-1.2124
 11
-7.64931
 21
-1.21516
  0
LINE
  8
0
 10
-7.64931
 20
-1.21516
 11
-7.64749
 21
-1.21803
  0
LINE
  8
0
 10
-7.64749
 20
-1.21803
 11
-7.64581
 21
-1.22095
  0
LINE
  8
0
 10
-7.64581
 20
-1.22095
 11
-7.64424
 21
-1.22395
  0
LINE
  8
0
 10
-7.64424
 20
-1.22395
 11
-7.64281
 21
-1.22701
  0
LINE
  8
0
 10
-7.64281
 20
-1.22701
 11
-7.64149
 21
-1.23012
  0
LINE
  8
0
 10
-7.64149
 20
-1.23012
 11
-7.64032
 21
-1.23329
  0
LINE
  8
0
 10
-7.64032
 20
-1.23329
 11
-7.63927
 21
-1.23651
  0
LINE
  8
0
 10
-7.63927
 20
-1.23651
 11
-7.63835
 21
-1.23976
  0
LINE
  8
0
 10
-7.63835
 20
-1.23976
 11
-7.63759
 21
-1.24306
  0
LINE
  8
0
 10
-7.63759
 20
-1.24306
 11
-7.63695
 21
-1.24637
  0
LINE
  8
0
 10
-7.63695
 20
-1.24637
 11
-7.63646
 21
-1.24973
  0
LINE
  8
0
 10
-7.63646
 20
-1.24973
 11
-7.63611
 21
-1.25308
  0
LINE
  8
0
 10
-7.63611
 20
-1.25308
 11
-7.63589
 21
-1.25645
  0
LINE
  8
0
 10
-7.63589
 20
-1.25645
 11
-7.63582
 21
-1.25984
  0
LINE
  8
0
 10
-7.63582
 20
-1.25984
 11
-7.63589
 21
-1.26321
  0
LINE
  8
0
 10
-7.63589
 20
-1.26321
 11
-7.63611
 21
-1.26659
  0
LINE
  8
0
 10
-7.63611
 20
-1.26659
 11
-7.63646
 21
-1.26994
  0
LINE
  8
0
 10
-7.63646
 20
-1.26994
 11
-7.63695
 21
-1.2733
  0
LINE
  8
0
 10
-7.63695
 20
-1.2733
 11
-7.63759
 21
-1.27661
  0
LINE
  8
0
 10
-7.63759
 20
-1.27661
 11
-7.63835
 21
-1.27991
  0
LINE
  8
0
 10
-7.63835
 20
-1.27991
 11
-7.63927
 21
-1.28316
  0
LINE
  8
0
 10
-7.63927
 20
-1.28316
 11
-7.64032
 21
-1.28638
  0
LINE
  8
0
 10
-7.64032
 20
-1.28638
 11
-7.64149
 21
-1.28955
  0
LINE
  8
0
 10
-7.64149
 20
-1.28955
 11
-7.64281
 21
-1.29266
  0
LINE
  8
0
 10
-7.64281
 20
-1.29266
 11
-7.64424
 21
-1.29572
  0
LINE
  8
0
 10
-7.64424
 20
-1.29572
 11
-7.64581
 21
-1.29872
  0
LINE
  8
0
 10
-7.64581
 20
-1.29872
 11
-7.64749
 21
-1.30165
  0
LINE
  8
0
 10
-7.64749
 20
-1.30165
 11
-7.64931
 21
-1.3045
  0
LINE
  8
0
 10
-7.64931
 20
-1.3045
 11
-7.65123
 21
-1.30728
  0
LINE
  8
0
 10
-7.65123
 20
-1.30728
 11
-7.65327
 21
-1.30997
  0
LINE
  8
0
 10
-7.65327
 20
-1.30997
 11
-7.65544
 21
-1.31258
  0
LINE
  8
0
 10
-7.65544
 20
-1.31258
 11
-7.6577
 21
-1.31508
  0
LINE
  8
0
 10
-7.6577
 20
-1.31508
 11
-7.66006
 21
-1.3175
  0
LINE
  8
0
 10
-7.66006
 20
-1.3175
 11
-7.66252
 21
-1.31981
  0
LINE
  8
0
 10
-7.66252
 20
-1.31981
 11
-7.66508
 21
-1.32202
  0
LINE
  8
0
 10
-7.66508
 20
-1.32202
 11
-7.66774
 21
-1.32413
  0
LINE
  8
0
 10
-7.66774
 20
-1.32413
 11
-7.67047
 21
-1.32611
  0
LINE
  8
0
 10
-7.67047
 20
-1.32611
 11
-7.67328
 21
-1.32797
  0
LINE
  8
0
 10
-7.67328
 20
-1.32797
 11
-7.67618
 21
-1.32973
  0
LINE
  8
0
 10
-7.67618
 20
-1.32973
 11
-7.67914
 21
-1.33136
  0
LINE
  8
0
 10
-7.67914
 20
-1.33136
 11
-7.68217
 21
-1.33286
  0
LINE
  8
0
 10
-7.68217
 20
-1.33286
 11
-7.68526
 21
-1.33424
  0
LINE
  8
0
 10
-7.68526
 20
-1.33424
 11
-7.6884
 21
-1.33548
  0
LINE
  8
0
 10
-7.6884
 20
-1.33548
 11
-7.69159
 21
-1.33659
  0
LINE
  8
0
 10
-7.69159
 20
-1.33659
 11
-7.69482
 21
-1.33757
  0
LINE
  8
0
 10
-7.69482
 20
-1.33757
 11
-7.6981
 21
-1.33841
  0
LINE
  8
0
 10
-7.6981
 20
-1.33841
 11
-7.70142
 21
-1.33911
  0
LINE
  8
0
 10
-7.70142
 20
-1.33911
 11
-7.70474
 21
-1.33968
  0
LINE
  8
0
 10
-7.70474
 20
-1.33968
 11
-7.7081
 21
-1.3401
  0
LINE
  8
0
 10
-7.7081
 20
-1.3401
 11
-7.71147
 21
-1.34038
  0
LINE
  8
0
 10
-7.71147
 20
-1.34038
 11
-7.71484
 21
-1.34053
  0
LINE
  8
0
 10
-7.71484
 20
-1.34053
 11
-7.71822
 21
-1.34053
  0
LINE
  8
0
 10
6.455
 20
-1.34053
 11
6.45161
 21
-1.34038
  0
LINE
  8
0
 10
6.45161
 20
-1.34038
 11
6.44826
 21
-1.3401
  0
LINE
  8
0
 10
6.44826
 20
-1.3401
 11
6.4449
 21
-1.33968
  0
LINE
  8
0
 10
6.4449
 20
-1.33968
 11
6.44156
 21
-1.33911
  0
LINE
  8
0
 10
6.44156
 20
-1.33911
 11
6.43826
 21
-1.33841
  0
LINE
  8
0
 10
6.43826
 20
-1.33841
 11
6.43498
 21
-1.33757
  0
LINE
  8
0
 10
6.43498
 20
-1.33757
 11
6.43175
 21
-1.33659
  0
LINE
  8
0
 10
6.43175
 20
-1.33659
 11
6.42856
 21
-1.33548
  0
LINE
  8
0
 10
6.42856
 20
-1.33548
 11
6.42542
 21
-1.33424
  0
LINE
  8
0
 10
6.42542
 20
-1.33424
 11
6.42232
 21
-1.33286
  0
LINE
  8
0
 10
6.42232
 20
-1.33286
 11
6.4193
 21
-1.33136
  0
LINE
  8
0
 10
6.4193
 20
-1.33136
 11
6.41634
 21
-1.32973
  0
LINE
  8
0
 10
6.41634
 20
-1.32973
 11
6.41344
 21
-1.32797
  0
LINE
  8
0
 10
6.41344
 20
-1.32797
 11
6.41063
 21
-1.32611
  0
LINE
  8
0
 10
6.41063
 20
-1.32611
 11
6.4079
 21
-1.32413
  0
LINE
  8
0
 10
6.4079
 20
-1.32413
 11
6.40524
 21
-1.32202
  0
LINE
  8
0
 10
6.40524
 20
-1.32202
 11
6.40268
 21
-1.31981
  0
LINE
  8
0
 10
6.40268
 20
-1.31981
 11
6.40022
 21
-1.3175
  0
LINE
  8
0
 10
6.40022
 20
-1.3175
 11
6.39786
 21
-1.31508
  0
LINE
  8
0
 10
6.39786
 20
-1.31508
 11
6.3956
 21
-1.31258
  0
LINE
  8
0
 10
6.3956
 20
-1.31258
 11
6.39343
 21
-1.30997
  0
LINE
  8
0
 10
6.39343
 20
-1.30997
 11
6.39139
 21
-1.30728
  0
LINE
  8
0
 10
6.39139
 20
-1.30728
 11
6.38947
 21
-1.3045
  0
LINE
  8
0
 10
6.38947
 20
-1.3045
 11
6.38765
 21
-1.30165
  0
LINE
  8
0
 10
6.38765
 20
-1.30165
 11
6.38597
 21
-1.29872
  0
LINE
  8
0
 10
6.38597
 20
-1.29872
 11
6.3844
 21
-1.29572
  0
LINE
  8
0
 10
6.3844
 20
-1.29572
 11
6.38297
 21
-1.29266
  0
LINE
  8
0
 10
6.38297
 20
-1.29266
 11
6.38165
 21
-1.28955
  0
LINE
  8
0
 10
6.38165
 20
-1.28955
 11
6.38046
 21
-1.28638
  0
LINE
  8
0
 10
6.38046
 20
-1.28638
 11
6.37943
 21
-1.28316
  0
LINE
  8
0
 10
6.37943
 20
-1.28316
 11
6.37851
 21
-1.27991
  0
LINE
  8
0
 10
6.37851
 20
-1.27991
 11
6.37775
 21
-1.27661
  0
LINE
  8
0
 10
6.37775
 20
-1.27661
 11
6.37711
 21
-1.2733
  0
LINE
  8
0
 10
6.37711
 20
-1.2733
 11
6.37662
 21
-1.26994
  0
LINE
  8
0
 10
6.37662
 20
-1.26994
 11
6.37627
 21
-1.26659
  0
LINE
  8
0
 10
6.37627
 20
-1.26659
 11
6.37605
 21
-1.26321
  0
LINE
  8
0
 10
6.37605
 20
-1.26321
 11
6.37598
 21
-1.25984
  0
LINE
  8
0
 10
6.37598
 20
-1.25984
 11
6.37605
 21
-1.25645
  0
LINE
  8
0
 10
6.37605
 20
-1.25645
 11
6.37627
 21
-1.25308
  0
LINE
  8
0
 10
6.37627
 20
-1.25308
 11
6.37662
 21
-1.24973
  0
LINE
  8
0
 10
6.37662
 20
-1.24973
 11
6.37711
 21
-1.24637
  0
LINE
  8
0
 10
6.37711
 20
-1.24637
 11
6.37775
 21
-1.24306
  0
LINE
  8
0
 10
6.37775
 20
-1.24306
 11
6.37851
 21
-1.23976
  0
LINE
  8
0
 10
6.37851
 20
-1.23976
 11
6.37943
 21
-1.23651
  0
LINE
  8
0
 10
6.37943
 20
-1.23651
 11
6.38046
 21
-1.23329
  0
LINE
  8
0
 10
6.38046
 20
-1.23329
 11
6.38165
 21
-1.23012
  0
LINE
  8
0
 10
6.38165
 20
-1.23012
 11
6.38297
 21
-1.22701
  0
LINE
  8
0
 10
6.38297
 20
-1.22701
 11
6.3844
 21
-1.22395
  0
LINE
  8
0
 10
6.3844
 20
-1.22395
 11
6.38597
 21
-1.22095
  0
LINE
  8
0
 10
6.38597
 20
-1.22095
 11
6.38765
 21
-1.21803
  0
LINE
  8
0
 10
6.38765
 20
-1.21803
 11
6.38947
 21
-1.21516
  0
LINE
  8
0
 10
6.38947
 20
-1.21516
 11
6.39139
 21
-1.2124
  0
LINE
  8
0
 10
6.39139
 20
-1.2124
 11
6.39343
 21
-1.2097
  0
LINE
  8
0
 10
6.39343
 20
-1.2097
 11
6.3956
 21
-1.20709
  0
LINE
  8
0
 10
6.3956
 20
-1.20709
 11
6.39786
 21
-1.20459
  0
LINE
  8
0
 10
6.39786
 20
-1.20459
 11
6.40022
 21
-1.20216
  0
LINE
  8
0
 10
6.40022
 20
-1.20216
 11
6.40268
 21
-1.19986
  0
LINE
  8
0
 10
6.40268
 20
-1.19986
 11
6.40524
 21
-1.19765
  0
LINE
  8
0
 10
6.40524
 20
-1.19765
 11
6.4079
 21
-1.19554
  0
LINE
  8
0
 10
6.4079
 20
-1.19554
 11
6.41063
 21
-1.19356
  0
LINE
  8
0
 10
6.41063
 20
-1.19356
 11
6.41344
 21
-1.1917
  0
LINE
  8
0
 10
6.41344
 20
-1.1917
 11
6.41634
 21
-1.18994
  0
LINE
  8
0
 10
6.41634
 20
-1.18994
 11
6.4193
 21
-1.18831
  0
LINE
  8
0
 10
6.4193
 20
-1.18831
 11
6.42232
 21
-1.18681
  0
LINE
  8
0
 10
6.42232
 20
-1.18681
 11
6.42542
 21
-1.18542
  0
LINE
  8
0
 10
6.42542
 20
-1.18542
 11
6.42856
 21
-1.18419
  0
LINE
  8
0
 10
6.42856
 20
-1.18419
 11
6.43175
 21
-1.18307
  0
LINE
  8
0
 10
6.43175
 20
-1.18307
 11
6.43498
 21
-1.1821
  0
LINE
  8
0
 10
6.43498
 20
-1.1821
 11
6.43826
 21
-1.18126
  0
LINE
  8
0
 10
6.43826
 20
-1.18126
 11
6.44156
 21
-1.18056
  0
LINE
  8
0
 10
6.44156
 20
-1.18056
 11
6.4449
 21
-1.17999
  0
LINE
  8
0
 10
6.4449
 20
-1.17999
 11
6.44826
 21
-1.17957
  0
LINE
  8
0
 10
6.44826
 20
-1.17957
 11
6.45161
 21
-1.17929
  0
LINE
  8
0
 10
6.45161
 20
-1.17929
 11
6.455
 21
-1.17914
  0
LINE
  8
0
 10
6.455
 20
-1.17914
 11
6.45837
 21
-1.17914
  0
LINE
  8
0
 10
6.45837
 20
-1.17914
 11
6.46176
 21
-1.17929
  0
LINE
  8
0
 10
6.46176
 20
-1.17929
 11
6.46512
 21
-1.17957
  0
LINE
  8
0
 10
6.46512
 20
-1.17957
 11
6.46848
 21
-1.17999
  0
LINE
  8
0
 10
6.46848
 20
-1.17999
 11
6.47182
 21
-1.18056
  0
LINE
  8
0
 10
6.47182
 20
-1.18056
 11
6.47511
 21
-1.18126
  0
LINE
  8
0
 10
6.47511
 20
-1.18126
 11
6.47839
 21
-1.1821
  0
LINE
  8
0
 10
6.47839
 20
-1.1821
 11
6.48163
 21
-1.18307
  0
LINE
  8
0
 10
6.48163
 20
-1.18307
 11
6.48482
 21
-1.18419
  0
LINE
  8
0
 10
6.48482
 20
-1.18419
 11
6.48796
 21
-1.18542
  0
LINE
  8
0
 10
6.48796
 20
-1.18542
 11
6.49106
 21
-1.18681
  0
LINE
  8
0
 10
6.49106
 20
-1.18681
 11
6.49408
 21
-1.18831
  0
LINE
  8
0
 10
6.49408
 20
-1.18831
 11
6.49704
 21
-1.18994
  0
LINE
  8
0
 10
6.49704
 20
-1.18994
 11
6.49994
 21
-1.1917
  0
LINE
  8
0
 10
6.49994
 20
-1.1917
 11
6.50275
 21
-1.19356
  0
LINE
  8
0
 10
6.50275
 20
-1.19356
 11
6.50549
 21
-1.19554
  0
LINE
  8
0
 10
6.50549
 20
-1.19554
 11
6.50813
 21
-1.19765
  0
LINE
  8
0
 10
6.50813
 20
-1.19765
 11
6.5107
 21
-1.19986
  0
LINE
  8
0
 10
6.5107
 20
-1.19986
 11
6.51315
 21
-1.20216
  0
LINE
  8
0
 10
6.51315
 20
-1.20216
 11
6.51552
 21
-1.20459
  0
LINE
  8
0
 10
6.51552
 20
-1.20459
 11
6.51779
 21
-1.20709
  0
LINE
  8
0
 10
6.51779
 20
-1.20709
 11
6.51994
 21
-1.2097
  0
LINE
  8
0
 10
6.51994
 20
-1.2097
 11
6.52199
 21
-1.2124
  0
LINE
  8
0
 10
6.52199
 20
-1.2124
 11
6.52391
 21
-1.21516
  0
LINE
  8
0
 10
6.52391
 20
-1.21516
 11
6.52573
 21
-1.21803
  0
LINE
  8
0
 10
6.52573
 20
-1.21803
 11
6.52742
 21
-1.22095
  0
LINE
  8
0
 10
6.52742
 20
-1.22095
 11
6.52898
 21
-1.22395
  0
LINE
  8
0
 10
6.52898
 20
-1.22395
 11
6.53043
 21
-1.22701
  0
LINE
  8
0
 10
6.53043
 20
-1.22701
 11
6.53172
 21
-1.23012
  0
LINE
  8
0
 10
6.53172
 20
-1.23012
 11
6.53291
 21
-1.23329
  0
LINE
  8
0
 10
6.53291
 20
-1.23329
 11
6.53395
 21
-1.23651
  0
LINE
  8
0
 10
6.53395
 20
-1.23651
 11
6.53487
 21
-1.23976
  0
LINE
  8
0
 10
6.53487
 20
-1.23976
 11
6.53563
 21
-1.24306
  0
LINE
  8
0
 10
6.53563
 20
-1.24306
 11
6.53627
 21
-1.24637
  0
LINE
  8
0
 10
6.53627
 20
-1.24637
 11
6.53676
 21
-1.24973
  0
LINE
  8
0
 10
6.53676
 20
-1.24973
 11
6.53711
 21
-1.25308
  0
LINE
  8
0
 10
6.53711
 20
-1.25308
 11
6.53732
 21
-1.25645
  0
LINE
  8
0
 10
6.53732
 20
-1.25645
 11
6.5374
 21
-1.25984
  0
LINE
  8
0
 10
6.5374
 20
-1.25984
 11
6.53732
 21
-1.26321
  0
LINE
  8
0
 10
6.53732
 20
-1.26321
 11
6.53711
 21
-1.26659
  0
LINE
  8
0
 10
6.53711
 20
-1.26659
 11
6.53676
 21
-1.26994
  0
LINE
  8
0
 10
6.53676
 20
-1.26994
 11
6.53627
 21
-1.2733
  0
LINE
  8
0
 10
6.53627
 20
-1.2733
 11
6.53563
 21
-1.27661
  0
LINE
  8
0
 10
6.53563
 20
-1.27661
 11
6.53487
 21
-1.27991
  0
LINE
  8
0
 10
6.53487
 20
-1.27991
 11
6.53395
 21
-1.28316
  0
LINE
  8
0
 10
6.53395
 20
-1.28316
 11
6.53291
 21
-1.28638
  0
LINE
  8
0
 10
6.53291
 20
-1.28638
 11
6.53172
 21
-1.28955
  0
LINE
  8
0
 10
6.53172
 20
-1.28955
 11
6.53043
 21
-1.29266
  0
LINE
  8
0
 10
6.53043
 20
-1.29266
 11
6.52898
 21
-1.29572
  0
LINE
  8
0
 10
6.52898
 20
-1.29572
 11
6.52742
 21
-1.29872
  0
LINE
  8
0
 10
6.52742
 20
-1.29872
 11
6.52573
 21
-1.30165
  0
LINE
  8
0
 10
6.52573
 20
-1.30165
 11
6.52391
 21
-1.3045
  0
LINE
  8
0
 10
6.52391
 20
-1.3045
 11
6.52199
 21
-1.30728
  0
LINE
  8
0
 10
6.52199
 20
-1.30728
 11
6.51994
 21
-1.30997
  0
LINE
  8
0
 10
6.51994
 20
-1.30997
 11
6.51779
 21
-1.31258
  0
LINE
  8
0
 10
6.51779
 20
-1.31258
 11
6.51552
 21
-1.31508
  0
LINE
  8
0
 10
6.51552
 20
-1.31508
 11
6.51315
 21
-1.3175
  0
LINE
  8
0
 10
6.51315
 20
-1.3175
 11
6.5107
 21
-1.31981
  0
LINE
  8
0
 10
6.5107
 20
-1.31981
 11
6.50813
 21
-1.32202
  0
LINE
  8
0
 10
6.50813
 20
-1.32202
 11
6.50549
 21
-1.32413
  0
LINE
  8
0
 10
6.50549
 20
-1.32413
 11
6.50275
 21
-1.32611
  0
LINE
  8
0
 10
6.50275
 20
-1.32611
 11
6.49994
 21
-1.32797
  0
LINE
  8
0
 10
6.49994
 20
-1.32797
 11
6.49704
 21
-1.32973
  0
LINE
  8
0
 10
6.49704
 20
-1.32973
 11
6.49408
 21
-1.33136
  0
LINE
  8
0
 10
6.49408
 20
-1.33136
 11
6.49106
 21
-1.33286
  0
LINE
  8
0
 10
6.49106
 20
-1.33286
 11
6.48796
 21
-1.33424
  0
LINE
  8
0
 10
6.48796
 20
-1.33424
 11
6.48482
 21
-1.33548
  0
LINE
  8
0
 10
6.48482
 20
-1.33548
 11
6.48163
 21
-1.33659
  0
LINE
  8
0
 10
6.48163
 20
-1.33659
 11
6.47839
 21
-1.33757
  0
LINE
  8
0
 10
6.47839
 20
-1.33757
 11
6.47511
 21
-1.33841
  0
LINE
  8
0
 10
6.47511
 20
-1.33841
 11
6.47182
 21
-1.33911
  0
LINE
  8
0
 10
6.47182
 20
-1.33911
 11
6.46848
 21
-1.33968
  0
LINE
  8
0
 10
6.46848
 20
-1.33968
 11
6.46512
 21
-1.3401
  0
LINE
  8
0
 10
6.46512
 20
-1.3401
 11
6.46176
 21
-1.34038
  0
LINE
  8
0
 10
6.46176
 20
-1.34038
 11
6.45837
 21
-1.34053
  0
LINE
  8
0
 10
6.45837
 20
-1.34053
 11
6.455
 21
-1.34053
  0
LINE
  8
0
 10
7.71484
 20
-1.34053
 11
7.71147
 21
-1.34038
  0
LINE
  8
0
 10
7.71147
 20
-1.34038
 11
7.7081
 21
-1.3401
  0
LINE
  8
0
 10
7.7081
 20
-1.3401
 11
7.70474
 21
-1.33968
  0
LINE
  8
0
 10
7.70474
 20
-1.33968
 11
7.70142
 21
-1.33911
  0
LINE
  8
0
 10
7.70142
 20
-1.33911
 11
7.6981
 21
-1.33841
  0
LINE
  8
0
 10
7.6981
 20
-1.33841
 11
7.69482
 21
-1.33757
  0
LINE
  8
0
 10
7.69482
 20
-1.33757
 11
7.69159
 21
-1.33659
  0
LINE
  8
0
 10
7.69159
 20
-1.33659
 11
7.6884
 21
-1.33548
  0
LINE
  8
0
 10
7.6884
 20
-1.33548
 11
7.68526
 21
-1.33424
  0
LINE
  8
0
 10
7.68526
 20
-1.33424
 11
7.68217
 21
-1.33286
  0
LINE
  8
0
 10
7.68217
 20
-1.33286
 11
7.67914
 21
-1.33136
  0
LINE
  8
0
 10
7.67914
 20
-1.33136
 11
7.67618
 21
-1.32973
  0
LINE
  8
0
 10
7.67618
 20
-1.32973
 11
7.67328
 21
-1.32797
  0
LINE
  8
0
 10
7.67328
 20
-1.32797
 11
7.67047
 21
-1.32611
  0
LINE
  8
0
 10
7.67047
 20
-1.32611
 11
7.66774
 21
-1.32413
  0
LINE
  8
0
 10
7.66774
 20
-1.32413
 11
7.66508
 21
-1.32202
  0
LINE
  8
0
 10
7.66508
 20
-1.32202
 11
7.66252
 21
-1.31981
  0
LINE
  8
0
 10
7.66252
 20
-1.31981
 11
7.66006
 21
-1.3175
  0
LINE
  8
0
 10
7.66006
 20
-1.3175
 11
7.6577
 21
-1.31508
  0
LINE
  8
0
 10
7.6577
 20
-1.31508
 11
7.65544
 21
-1.31258
  0
LINE
  8
0
 10
7.65544
 20
-1.31258
 11
7.65327
 21
-1.30997
  0
LINE
  8
0
 10
7.65327
 20
-1.30997
 11
7.65123
 21
-1.30728
  0
LINE
  8
0
 10
7.65123
 20
-1.30728
 11
7.64931
 21
-1.3045
  0
LINE
  8
0
 10
7.64931
 20
-1.3045
 11
7.64749
 21
-1.30165
  0
LINE
  8
0
 10
7.64749
 20
-1.30165
 11
7.64581
 21
-1.29872
  0
LINE
  8
0
 10
7.64581
 20
-1.29872
 11
7.64424
 21
-1.29572
  0
LINE
  8
0
 10
7.64424
 20
-1.29572
 11
7.64281
 21
-1.29266
  0
LINE
  8
0
 10
7.64281
 20
-1.29266
 11
7.64149
 21
-1.28955
  0
LINE
  8
0
 10
7.64149
 20
-1.28955
 11
7.64032
 21
-1.28638
  0
LINE
  8
0
 10
7.64032
 20
-1.28638
 11
7.63927
 21
-1.28316
  0
LINE
  8
0
 10
7.63927
 20
-1.28316
 11
7.63835
 21
-1.27991
  0
LINE
  8
0
 10
7.63835
 20
-1.27991
 11
7.63759
 21
-1.27661
  0
LINE
  8
0
 10
7.63759
 20
-1.27661
 11
7.63695
 21
-1.2733
  0
LINE
  8
0
 10
7.63695
 20
-1.2733
 11
7.63646
 21
-1.26994
  0
LINE
  8
0
 10
7.63646
 20
-1.26994
 11
7.63611
 21
-1.26659
  0
LINE
  8
0
 10
7.63611
 20
-1.26659
 11
7.63589
 21
-1.26321
  0
LINE
  8
0
 10
7.63589
 20
-1.26321
 11
7.63582
 21
-1.25984
  0
LINE
  8
0
 10
7.63582
 20
-1.25984
 11
7.63589
 21
-1.25645
  0
LINE
  8
0
 10
7.63589
 20
-1.25645
 11
7.63611
 21
-1.25308
  0
LINE
  8
0
 10
7.63611
 20
-1.25308
 11
7.63646
 21
-1.24973
  0
LINE
  8
0
 10
7.63646
 20
-1.24973
 11
7.63695
 21
-1.24637
  0
LINE
  8
0
 10
7.63695
 20
-1.24637
 11
7.63759
 21
-1.24306
  0
LINE
  8
0
 10
7.63759
 20
-1.24306
 11
7.63835
 21
-1.23976
  0
LINE
  8
0
 10
7.63835
 20
-1.23976
 11
7.63927
 21
-1.23651
  0
LINE
  8
0
 10
7.63927
 20
-1.23651
 11
7.64032
 21
-1.23329
  0
LINE
  8
0
 10
7.64032
 20
-1.23329
 11
7.64149
 21
-1.23012
  0
LINE
  8
0
 10
7.64149
 20
-1.23012
 11
7.64281
 21
-1.22701
  0
LINE
  8
0
 10
7.64281
 20
-1.22701
 11
7.64424
 21
-1.22395
  0
LINE
  8
0
 10
7.64424
 20
-1.22395
 11
7.64581
 21
-1.22095
  0
LINE
  8
0
 10
7.64581
 20
-1.22095
 11
7.64749
 21
-1.21803
  0
LINE
  8
0
 10
7.64749
 20
-1.21803
 11
7.64931
 21
-1.21516
  0
LINE
  8
0
 10
7.64931
 20
-1.21516
 11
7.65123
 21
-1.2124
  0
LINE
  8
0
 10
7.65123
 20
-1.2124
 11
7.65327
 21
-1.2097
  0
LINE
  8
0
 10
7.65327
 20
-1.2097
 11
7.65544
 21
-1.20709
  0
LINE
  8
0
 10
7.65544
 20
-1.20709
 11
7.6577
 21
-1.20459
  0
LINE
  8
0
 10
7.6577
 20
-1.20459
 11
7.66006
 21
-1.20216
  0
LINE
  8
0
 10
7.66006
 20
-1.20216
 11
7.66252
 21
-1.19986
  0
LINE
  8
0
 10
7.66252
 20
-1.19986
 11
7.66508
 21
-1.19765
  0
LINE
  8
0
 10
7.66508
 20
-1.19765
 11
7.66774
 21
-1.19554
  0
LINE
  8
0
 10
7.66774
 20
-1.19554
 11
7.67047
 21
-1.19356
  0
LINE
  8
0
 10
7.67047
 20
-1.19356
 11
7.67328
 21
-1.1917
  0
LINE
  8
0
 10
7.67328
 20
-1.1917
 11
7.67618
 21
-1.18994
  0
LINE
  8
0
 10
7.67618
 20
-1.18994
 11
7.67914
 21
-1.18831
  0
LINE
  8
0
 10
7.67914
 20
-1.18831
 11
7.68217
 21
-1.18681
  0
LINE
  8
0
 10
7.68217
 20
-1.18681
 11
7.68526
 21
-1.18542
  0
LINE
  8
0
 10
7.68526
 20
-1.18542
 11
7.6884
 21
-1.18419
  0
LINE
  8
0
 10
7.6884
 20
-1.18419
 11
7.69159
 21
-1.18307
  0
LINE
  8
0
 10
7.69159
 20
-1.18307
 11
7.69482
 21
-1.1821
  0
LINE
  8
0
 10
7.69482
 20
-1.1821
 11
7.6981
 21
-1.18126
  0
LINE
  8
0
 10
7.6981
 20
-1.18126
 11
7.70142
 21
-1.18056
  0
LINE
  8
0
 10
7.70142
 20
-1.18056
 11
7.70474
 21
-1.17999
  0
LINE
  8
0
 10
7.70474
 20
-1.17999
 11
7.7081
 21
-1.17957
  0
LINE
  8
0
 10
7.7081
 20
-1.17957
 11
7.71147
 21
-1.17929
  0
LINE
  8
0
 10
7.71147
 20
-1.17929
 11
7.71484
 21
-1.17914
  0
LINE
  8
0
 10
7.71484
 20
-1.17914
 11
7.71822
 21
-1.17914
  0
LINE
  8
0
 10
7.71822
 20
-1.17914
 11
7.7216
 21
-1.17929
  0
LINE
  8
0
 10
7.7216
 20
-1.17929
 11
7.72498
 21
-1.17957
  0
LINE
  8
0
 10
7.72498
 20
-1.17957
 11
7.72832
 21
-1.17999
  0
LINE
  8
0
 10
7.72832
 20
-1.17999
 11
7.73166
 21
-1.18056
  0
LINE
  8
0
 10
7.73166
 20
-1.18056
 11
7.73495
 21
-1.18126
  0
LINE
  8
0
 10
7.73495
 20
-1.18126
 11
7.73824
 21
-1.1821
  0
LINE
  8
0
 10
7.73824
 20
-1.1821
 11
7.74147
 21
-1.18307
  0
LINE
  8
0
 10
7.74147
 20
-1.18307
 11
7.74466
 21
-1.18419
  0
LINE
  8
0
 10
7.74466
 20
-1.18419
 11
7.7478
 21
-1.18542
  0
LINE
  8
0
 10
7.7478
 20
-1.18542
 11
7.7509
 21
-1.18681
  0
LINE
  8
0
 10
7.7509
 20
-1.18681
 11
7.75392
 21
-1.18831
  0
LINE
  8
0
 10
7.75392
 20
-1.18831
 11
7.75688
 21
-1.18994
  0
LINE
  8
0
 10
7.75688
 20
-1.18994
 11
7.75978
 21
-1.1917
  0
LINE
  8
0
 10
7.75978
 20
-1.1917
 11
7.76259
 21
-1.19356
  0
LINE
  8
0
 10
7.76259
 20
-1.19356
 11
7.76534
 21
-1.19554
  0
LINE
  8
0
 10
7.76534
 20
-1.19554
 11
7.76797
 21
-1.19765
  0
LINE
  8
0
 10
7.76797
 20
-1.19765
 11
7.77054
 21
-1.19986
  0
LINE
  8
0
 10
7.77054
 20
-1.19986
 11
7.77299
 21
-1.20216
  0
LINE
  8
0
 10
7.77299
 20
-1.20216
 11
7.77536
 21
-1.20459
  0
LINE
  8
0
 10
7.77536
 20
-1.20459
 11
7.77763
 21
-1.20709
  0
LINE
  8
0
 10
7.77763
 20
-1.20709
 11
7.77979
 21
-1.2097
  0
LINE
  8
0
 10
7.77979
 20
-1.2097
 11
7.78183
 21
-1.2124
  0
LINE
  8
0
 10
7.78183
 20
-1.2124
 11
7.78375
 21
-1.21516
  0
LINE
  8
0
 10
7.78375
 20
-1.21516
 11
7.78557
 21
-1.21803
  0
LINE
  8
0
 10
7.78557
 20
-1.21803
 11
7.78726
 21
-1.22095
  0
LINE
  8
0
 10
7.78726
 20
-1.22095
 11
7.78882
 21
-1.22395
  0
LINE
  8
0
 10
7.78882
 20
-1.22395
 11
7.79027
 21
-1.22701
  0
LINE
  8
0
 10
7.79027
 20
-1.22701
 11
7.79158
 21
-1.23012
  0
LINE
  8
0
 10
7.79158
 20
-1.23012
 11
7.79276
 21
-1.23329
  0
LINE
  8
0
 10
7.79276
 20
-1.23329
 11
7.79379
 21
-1.23651
  0
LINE
  8
0
 10
7.79379
 20
-1.23651
 11
7.79471
 21
-1.23976
  0
LINE
  8
0
 10
7.79471
 20
-1.23976
 11
7.79547
 21
-1.24306
  0
LINE
  8
0
 10
7.79547
 20
-1.24306
 11
7.79611
 21
-1.24637
  0
LINE
  8
0
 10
7.79611
 20
-1.24637
 11
7.7966
 21
-1.24973
  0
LINE
  8
0
 10
7.7966
 20
-1.24973
 11
7.79695
 21
-1.25308
  0
LINE
  8
0
 10
7.79695
 20
-1.25308
 11
7.79716
 21
-1.25645
  0
LINE
  8
0
 10
7.79716
 20
-1.25645
 11
7.79724
 21
-1.25984
  0
LINE
  8
0
 10
7.79724
 20
-1.25984
 11
7.79716
 21
-1.26321
  0
LINE
  8
0
 10
7.79716
 20
-1.26321
 11
7.79695
 21
-1.26659
  0
LINE
  8
0
 10
7.79695
 20
-1.26659
 11
7.7966
 21
-1.26994
  0
LINE
  8
0
 10
7.7966
 20
-1.26994
 11
7.79611
 21
-1.2733
  0
LINE
  8
0
 10
7.79611
 20
-1.2733
 11
7.79547
 21
-1.27661
  0
LINE
  8
0
 10
7.79547
 20
-1.27661
 11
7.79471
 21
-1.27991
  0
LINE
  8
0
 10
7.79471
 20
-1.27991
 11
7.79379
 21
-1.28316
  0
LINE
  8
0
 10
7.79379
 20
-1.28316
 11
7.79276
 21
-1.28638
  0
LINE
  8
0
 10
7.79276
 20
-1.28638
 11
7.79158
 21
-1.28955
  0
LINE
  8
0
 10
7.79158
 20
-1.28955
 11
7.79027
 21
-1.29266
  0
LINE
  8
0
 10
7.79027
 20
-1.29266
 11
7.78882
 21
-1.29572
  0
LINE
  8
0
 10
7.78882
 20
-1.29572
 11
7.78726
 21
-1.29872
  0
LINE
  8
0
 10
7.78726
 20
-1.29872
 11
7.78557
 21
-1.30165
  0
LINE
  8
0
 10
7.78557
 20
-1.30165
 11
7.78375
 21
-1.3045
  0
LINE
  8
0
 10
7.78375
 20
-1.3045
 11
7.78183
 21
-1.30728
  0
LINE
  8
0
 10
7.78183
 20
-1.30728
 11
7.77979
 21
-1.30997
  0
LINE
  8
0
 10
7.77979
 20
-1.30997
 11
7.77763
 21
-1.31258
  0
LINE
  8
0
 10
7.77763
 20
-1.31258
 11
7.77536
 21
-1.31508
  0
LINE
  8
0
 10
7.77536
 20
-1.31508
 11
7.77299
 21
-1.3175
  0
LINE
  8
0
 10
7.77299
 20
-1.3175
 11
7.77054
 21
-1.31981
  0
LINE
  8
0
 10
7.77054
 20
-1.31981
 11
7.76797
 21
-1.32202
  0
LINE
  8
0
 10
7.76797
 20
-1.32202
 11
7.76534
 21
-1.32413
  0
LINE
  8
0
 10
7.76534
 20
-1.32413
 11
7.76259
 21
-1.32611
  0
LINE
  8
0
 10
7.76259
 20
-1.32611
 11
7.75978
 21
-1.32797
  0
LINE
  8
0
 10
7.75978
 20
-1.32797
 11
7.75688
 21
-1.32973
  0
LINE
  8
0
 10
7.75688
 20
-1.32973
 11
7.75392
 21
-1.33136
  0
LINE
  8
0
 10
7.75392
 20
-1.33136
 11
7.7509
 21
-1.33286
  0
LINE
  8
0
 10
7.7509
 20
-1.33286
 11
7.7478
 21
-1.33424
  0
LINE
  8
0
 10
7.7478
 20
-1.33424
 11
7.74466
 21
-1.33548
  0
LINE
  8
0
 10
7.74466
 20
-1.33548
 11
7.74147
 21
-1.33659
  0
LINE
  8
0
 10
7.74147
 20
-1.33659
 11
7.73824
 21
-1.33757
  0
LINE
  8
0
 10
7.73824
 20
-1.33757
 11
7.73495
 21
-1.33841
  0
LINE
  8
0
 10
7.73495
 20
-1.33841
 11
7.73166
 21
-1.33911
  0
LINE
  8
0
 10
7.73166
 20
-1.33911
 11
7.72832
 21
-1.33968
  0
LINE
  8
0
 10
7.72832
 20
-1.33968
 11
7.72498
 21
-1.3401
  0
LINE
  8
0
 10
7.72498
 20
-1.3401
 11
7.7216
 21
-1.34038
  0
LINE
  8
0
 10
7.7216
 20
-1.34038
 11
7.71822
 21
-1.34053
  0
LINE
  8
0
 10
7.71822
 20
-1.34053
 11
7.71484
 21
-1.34053
  0
LINE
  8
0
 10
-6.45837
 20
-1.34053
 11
-6.46176
 21
-1.34038
  0
LINE
  8
0
 10
-6.46176
 20
-1.34038
 11
-6.46512
 21
-1.3401
  0
LINE
  8
0
 10
-6.46512
 20
-1.3401
 11
-6.46848
 21
-1.33968
  0
LINE
  8
0
 10
-6.46848
 20
-1.33968
 11
-6.47182
 21
-1.33911
  0
LINE
  8
0
 10
-6.47182
 20
-1.33911
 11
-6.47511
 21
-1.33841
  0
LINE
  8
0
 10
-6.47511
 20
-1.33841
 11
-6.47839
 21
-1.33757
  0
LINE
  8
0
 10
-6.47839
 20
-1.33757
 11
-6.48163
 21
-1.33659
  0
LINE
  8
0
 10
-6.48163
 20
-1.33659
 11
-6.48482
 21
-1.33548
  0
LINE
  8
0
 10
-6.48482
 20
-1.33548
 11
-6.48796
 21
-1.33424
  0
LINE
  8
0
 10
-6.48796
 20
-1.33424
 11
-6.49106
 21
-1.33286
  0
LINE
  8
0
 10
-6.49106
 20
-1.33286
 11
-6.49408
 21
-1.33136
  0
LINE
  8
0
 10
-6.49408
 20
-1.33136
 11
-6.49704
 21
-1.32973
  0
LINE
  8
0
 10
-6.49704
 20
-1.32973
 11
-6.49994
 21
-1.32797
  0
LINE
  8
0
 10
-6.49994
 20
-1.32797
 11
-6.50275
 21
-1.32611
  0
LINE
  8
0
 10
-6.50275
 20
-1.32611
 11
-6.50549
 21
-1.32413
  0
LINE
  8
0
 10
-6.50549
 20
-1.32413
 11
-6.50813
 21
-1.32202
  0
LINE
  8
0
 10
-6.50813
 20
-1.32202
 11
-6.5107
 21
-1.31981
  0
LINE
  8
0
 10
-6.5107
 20
-1.31981
 11
-6.51315
 21
-1.3175
  0
LINE
  8
0
 10
-6.51315
 20
-1.3175
 11
-6.51552
 21
-1.31508
  0
LINE
  8
0
 10
-6.51552
 20
-1.31508
 11
-6.51779
 21
-1.31258
  0
LINE
  8
0
 10
-6.51779
 20
-1.31258
 11
-6.51994
 21
-1.30997
  0
LINE
  8
0
 10
-6.51994
 20
-1.30997
 11
-6.52199
 21
-1.30728
  0
LINE
  8
0
 10
-6.52199
 20
-1.30728
 11
-6.52391
 21
-1.3045
  0
LINE
  8
0
 10
-6.52391
 20
-1.3045
 11
-6.52573
 21
-1.30165
  0
LINE
  8
0
 10
-6.52573
 20
-1.30165
 11
-6.52742
 21
-1.29872
  0
LINE
  8
0
 10
-6.52742
 20
-1.29872
 11
-6.52898
 21
-1.29572
  0
LINE
  8
0
 10
-6.52898
 20
-1.29572
 11
-6.53043
 21
-1.29266
  0
LINE
  8
0
 10
-6.53043
 20
-1.29266
 11
-6.53172
 21
-1.28955
  0
LINE
  8
0
 10
-6.53172
 20
-1.28955
 11
-6.53291
 21
-1.28638
  0
LINE
  8
0
 10
-6.53291
 20
-1.28638
 11
-6.53395
 21
-1.28316
  0
LINE
  8
0
 10
-6.53395
 20
-1.28316
 11
-6.53487
 21
-1.27991
  0
LINE
  8
0
 10
-6.53487
 20
-1.27991
 11
-6.53563
 21
-1.27661
  0
LINE
  8
0
 10
-6.53563
 20
-1.27661
 11
-6.53627
 21
-1.2733
  0
LINE
  8
0
 10
-6.53627
 20
-1.2733
 11
-6.53676
 21
-1.26994
  0
LINE
  8
0
 10
-6.53676
 20
-1.26994
 11
-6.53711
 21
-1.26659
  0
LINE
  8
0
 10
-6.53711
 20
-1.26659
 11
-6.53732
 21
-1.26321
  0
LINE
  8
0
 10
-6.53732
 20
-1.26321
 11
-6.5374
 21
-1.25984
  0
LINE
  8
0
 10
-6.5374
 20
-1.25984
 11
-6.53732
 21
-1.25645
  0
LINE
  8
0
 10
-6.53732
 20
-1.25645
 11
-6.53711
 21
-1.25308
  0
LINE
  8
0
 10
-6.53711
 20
-1.25308
 11
-6.53676
 21
-1.24973
  0
LINE
  8
0
 10
-6.53676
 20
-1.24973
 11
-6.53627
 21
-1.24637
  0
LINE
  8
0
 10
-6.53627
 20
-1.24637
 11
-6.53563
 21
-1.24306
  0
LINE
  8
0
 10
-6.53563
 20
-1.24306
 11
-6.53487
 21
-1.23976
  0
LINE
  8
0
 10
-6.53487
 20
-1.23976
 11
-6.53395
 21
-1.23651
  0
LINE
  8
0
 10
-6.53395
 20
-1.23651
 11
-6.53291
 21
-1.23329
  0
LINE
  8
0
 10
-6.53291
 20
-1.23329
 11
-6.53172
 21
-1.23012
  0
LINE
  8
0
 10
-6.53172
 20
-1.23012
 11
-6.53043
 21
-1.22701
  0
LINE
  8
0
 10
-6.53043
 20
-1.22701
 11
-6.52898
 21
-1.22395
  0
LINE
  8
0
 10
-6.52898
 20
-1.22395
 11
-6.52742
 21
-1.22095
  0
LINE
  8
0
 10
-6.52742
 20
-1.22095
 11
-6.52573
 21
-1.21803
  0
LINE
  8
0
 10
-6.52573
 20
-1.21803
 11
-6.52391
 21
-1.21516
  0
LINE
  8
0
 10
-6.52391
 20
-1.21516
 11
-6.52199
 21
-1.2124
  0
LINE
  8
0
 10
-6.52199
 20
-1.2124
 11
-6.51994
 21
-1.2097
  0
LINE
  8
0
 10
-6.51994
 20
-1.2097
 11
-6.51779
 21
-1.20709
  0
LINE
  8
0
 10
-6.51779
 20
-1.20709
 11
-6.51552
 21
-1.20459
  0
LINE
  8
0
 10
-6.51552
 20
-1.20459
 11
-6.51315
 21
-1.20216
  0
LINE
  8
0
 10
-6.51315
 20
-1.20216
 11
-6.5107
 21
-1.19986
  0
LINE
  8
0
 10
-6.5107
 20
-1.19986
 11
-6.50813
 21
-1.19765
  0
LINE
  8
0
 10
-6.50813
 20
-1.19765
 11
-6.50549
 21
-1.19554
  0
LINE
  8
0
 10
-6.50549
 20
-1.19554
 11
-6.50275
 21
-1.19356
  0
LINE
  8
0
 10
-6.50275
 20
-1.19356
 11
-6.49994
 21
-1.1917
  0
LINE
  8
0
 10
-6.49994
 20
-1.1917
 11
-6.49704
 21
-1.18994
  0
LINE
  8
0
 10
-6.49704
 20
-1.18994
 11
-6.49408
 21
-1.18831
  0
LINE
  8
0
 10
-6.49408
 20
-1.18831
 11
-6.49106
 21
-1.18681
  0
LINE
  8
0
 10
-6.49106
 20
-1.18681
 11
-6.48796
 21
-1.18542
  0
LINE
  8
0
 10
-6.48796
 20
-1.18542
 11
-6.48482
 21
-1.18419
  0
LINE
  8
0
 10
-6.48482
 20
-1.18419
 11
-6.48163
 21
-1.18307
  0
LINE
  8
0
 10
-6.48163
 20
-1.18307
 11
-6.47839
 21
-1.1821
  0
LINE
  8
0
 10
-6.47839
 20
-1.1821
 11
-6.47511
 21
-1.18126
  0
LINE
  8
0
 10
-6.47511
 20
-1.18126
 11
-6.47182
 21
-1.18056
  0
LINE
  8
0
 10
-6.47182
 20
-1.18056
 11
-6.46848
 21
-1.17999
  0
LINE
  8
0
 10
-6.46848
 20
-1.17999
 11
-6.46512
 21
-1.17957
  0
LINE
  8
0
 10
-6.46512
 20
-1.17957
 11
-6.46176
 21
-1.17929
  0
LINE
  8
0
 10
-6.46176
 20
-1.17929
 11
-6.45837
 21
-1.17914
  0
LINE
  8
0
 10
-6.45837
 20
-1.17914
 11
-6.455
 21
-1.17914
  0
LINE
  8
0
 10
-6.455
 20
-1.17914
 11
-6.45161
 21
-1.17929
  0
LINE
  8
0
 10
-6.45161
 20
-1.17929
 11
-6.44826
 21
-1.17957
  0
LINE
  8
0
 10
-6.44826
 20
-1.17957
 11
-6.4449
 21
-1.17999
  0
LINE
  8
0
 10
-6.4449
 20
-1.17999
 11
-6.44156
 21
-1.18056
  0
LINE
  8
0
 10
-6.44156
 20
-1.18056
 11
-6.43826
 21
-1.18126
  0
LINE
  8
0
 10
-6.43826
 20
-1.18126
 11
-6.43498
 21
-1.1821
  0
LINE
  8
0
 10
-6.43498
 20
-1.1821
 11
-6.43175
 21
-1.18307
  0
LINE
  8
0
 10
-6.43175
 20
-1.18307
 11
-6.42856
 21
-1.18419
  0
LINE
  8
0
 10
-6.42856
 20
-1.18419
 11
-6.42542
 21
-1.18542
  0
LINE
  8
0
 10
-6.42542
 20
-1.18542
 11
-6.42232
 21
-1.18681
  0
LINE
  8
0
 10
-6.42232
 20
-1.18681
 11
-6.4193
 21
-1.18831
  0
LINE
  8
0
 10
-6.4193
 20
-1.18831
 11
-6.41634
 21
-1.18994
  0
LINE
  8
0
 10
-6.41634
 20
-1.18994
 11
-6.41344
 21
-1.1917
  0
LINE
  8
0
 10
-6.41344
 20
-1.1917
 11
-6.41063
 21
-1.19356
  0
LINE
  8
0
 10
-6.41063
 20
-1.19356
 11
-6.4079
 21
-1.19554
  0
LINE
  8
0
 10
-6.4079
 20
-1.19554
 11
-6.40524
 21
-1.19765
  0
LINE
  8
0
 10
-6.40524
 20
-1.19765
 11
-6.40268
 21
-1.19986
  0
LINE
  8
0
 10
-6.40268
 20
-1.19986
 11
-6.40022
 21
-1.20216
  0
LINE
  8
0
 10
-6.40022
 20
-1.20216
 11
-6.39786
 21
-1.20459
  0
LINE
  8
0
 10
-6.39786
 20
-1.20459
 11
-6.3956
 21
-1.20709
  0
LINE
  8
0
 10
-6.3956
 20
-1.20709
 11
-6.39343
 21
-1.2097
  0
LINE
  8
0
 10
-6.39343
 20
-1.2097
 11
-6.39139
 21
-1.2124
  0
LINE
  8
0
 10
-6.39139
 20
-1.2124
 11
-6.38947
 21
-1.21516
  0
LINE
  8
0
 10
-6.38947
 20
-1.21516
 11
-6.38765
 21
-1.21803
  0
LINE
  8
0
 10
-6.38765
 20
-1.21803
 11
-6.38597
 21
-1.22095
  0
LINE
  8
0
 10
-6.38597
 20
-1.22095
 11
-6.3844
 21
-1.22395
  0
LINE
  8
0
 10
-6.3844
 20
-1.22395
 11
-6.38297
 21
-1.22701
  0
LINE
  8
0
 10
-6.38297
 20
-1.22701
 11
-6.38165
 21
-1.23012
  0
LINE
  8
0
 10
-6.38165
 20
-1.23012
 11
-6.38046
 21
-1.23329
  0
LINE
  8
0
 10
-6.38046
 20
-1.23329
 11
-6.37943
 21
-1.23651
  0
LINE
  8
0
 10
-6.37943
 20
-1.23651
 11
-6.37851
 21
-1.23976
  0
LINE
  8
0
 10
-6.37851
 20
-1.23976
 11
-6.37775
 21
-1.24306
  0
LINE
  8
0
 10
-6.37775
 20
-1.24306
 11
-6.37711
 21
-1.24637
  0
LINE
  8
0
 10
-6.37711
 20
-1.24637
 11
-6.37662
 21
-1.24973
  0
LINE
  8
0
 10
-6.37662
 20
-1.24973
 11
-6.37627
 21
-1.25308
  0
LINE
  8
0
 10
-6.37627
 20
-1.25308
 11
-6.37605
 21
-1.25645
  0
LINE
  8
0
 10
-6.37605
 20
-1.25645
 11
-6.37598
 21
-1.25984
  0
LINE
  8
0
 10
-6.37598
 20
-1.25984
 11
-6.37605
 21
-1.26321
  0
LINE
  8
0
 10
-6.37605
 20
-1.26321
 11
-6.37627
 21
-1.26659
  0
LINE
  8
0
 10
-6.37627
 20
-1.26659
 11
-6.37662
 21
-1.26994
  0
LINE
  8
0
 10
-6.37662
 20
-1.26994
 11
-6.37711
 21
-1.2733
  0
LINE
  8
0
 10
-6.37711
 20
-1.2733
 11
-6.37775
 21
-1.27661
  0
LINE
  8
0
 10
-6.37775
 20
-1.27661
 11
-6.37851
 21
-1.27991
  0
LINE
  8
0
 10
-6.37851
 20
-1.27991
 11
-6.37943
 21
-1.28316
  0
LINE
  8
0
 10
-6.37943
 20
-1.28316
 11
-6.38046
 21
-1.28638
  0
LINE
  8
0
 10
-6.38046
 20
-1.28638
 11
-6.38165
 21
-1.28955
  0
LINE
  8
0
 10
-6.38165
 20
-1.28955
 11
-6.38297
 21
-1.29266
  0
LINE
  8
0
 10
-6.38297
 20
-1.29266
 11
-6.3844
 21
-1.29572
  0
LINE
  8
0
 10
-6.3844
 20
-1.29572
 11
-6.38597
 21
-1.29872
  0
LINE
  8
0
 10
-6.38597
 20
-1.29872
 11
-6.38765
 21
-1.30165
  0
LINE
  8
0
 10
-6.38765
 20
-1.30165
 11
-6.38947
 21
-1.3045
  0
LINE
  8
0
 10
-6.38947
 20
-1.3045
 11
-6.39139
 21
-1.30728
  0
LINE
  8
0
 10
-6.39139
 20
-1.30728
 11
-6.39343
 21
-1.30997
  0
LINE
  8
0
 10
-6.39343
 20
-1.30997
 11
-6.3956
 21
-1.31258
  0
LINE
  8
0
 10
-6.3956
 20
-1.31258
 11
-6.39786
 21
-1.31508
  0
LINE
  8
0
 10
-6.39786
 20
-1.31508
 11
-6.40022
 21
-1.3175
  0
LINE
  8
0
 10
-6.40022
 20
-1.3175
 11
-6.40268
 21
-1.31981
  0
LINE
  8
0
 10
-6.40268
 20
-1.31981
 11
-6.40524
 21
-1.32202
  0
LINE
  8
0
 10
-6.40524
 20
-1.32202
 11
-6.4079
 21
-1.32413
  0
LINE
  8
0
 10
-6.4079
 20
-1.32413
 11
-6.41063
 21
-1.32611
  0
LINE
  8
0
 10
-6.41063
 20
-1.32611
 11
-6.41344
 21
-1.32797
  0
LINE
  8
0
 10
-6.41344
 20
-1.32797
 11
-6.41634
 21
-1.32973
  0
LINE
  8
0
 10
-6.41634
 20
-1.32973
 11
-6.4193
 21
-1.33136
  0
LINE
  8
0
 10
-6.4193
 20
-1.33136
 11
-6.42232
 21
-1.33286
  0
LINE
  8
0
 10
-6.42232
 20
-1.33286
 11
-6.42542
 21
-1.33424
  0
LINE
  8
0
 10
-6.42542
 20
-1.33424
 11
-6.42856
 21
-1.33548
  0
LINE
  8
0
 10
-6.42856
 20
-1.33548
 11
-6.43175
 21
-1.33659
  0
LINE
  8
0
 10
-6.43175
 20
-1.33659
 11
-6.43498
 21
-1.33757
  0
LINE
  8
0
 10
-6.43498
 20
-1.33757
 11
-6.43826
 21
-1.33841
  0
LINE
  8
0
 10
-6.43826
 20
-1.33841
 11
-6.44156
 21
-1.33911
  0
LINE
  8
0
 10
-6.44156
 20
-1.33911
 11
-6.4449
 21
-1.33968
  0
LINE
  8
0
 10
-6.4449
 20
-1.33968
 11
-6.44826
 21
-1.3401
  0
LINE
  8
0
 10
-6.44826
 20
-1.3401
 11
-6.45161
 21
-1.34038
  0
LINE
  8
0
 10
-6.45161
 20
-1.34038
 11
-6.455
 21
-1.34053
  0
LINE
  8
0
 10
-6.455
 20
-1.34053
 11
-6.45837
 21
-1.34053
  0
LINE
  8
0
 10
-2.19545
 20
-2.29265
 11
-2.19966
 21
-2.29242
  0
LINE
  8
0
 10
-2.19966
 20
-2.29242
 11
-2.20384
 21
-2.29204
  0
LINE
  8
0
 10
-2.20384
 20
-2.29204
 11
-2.20801
 21
-2.29146
  0
LINE
  8
0
 10
-2.20801
 20
-2.29146
 11
-2.21214
 21
-2.29071
  0
LINE
  8
0
 10
-2.21214
 20
-2.29071
 11
-2.21625
 21
-2.28979
  0
LINE
  8
0
 10
-2.21625
 20
-2.28979
 11
-2.22031
 21
-2.28871
  0
LINE
  8
0
 10
-2.22031
 20
-2.28871
 11
-2.22432
 21
-2.28745
  0
LINE
  8
0
 10
-2.22432
 20
-2.28745
 11
-2.22829
 21
-2.28603
  0
LINE
  8
0
 10
-2.22829
 20
-2.28603
 11
-2.23218
 21
-2.28444
  0
LINE
  8
0
 10
-2.23218
 20
-2.28444
 11
-2.23599
 21
-2.28268
  0
LINE
  8
0
 10
-2.23599
 20
-2.28268
 11
-2.23975
 21
-2.28078
  0
LINE
  8
0
 10
-2.23975
 20
-2.28078
 11
-2.24341
 21
-2.27872
  0
LINE
  8
0
 10
-2.24341
 20
-2.27872
 11
-2.24698
 21
-2.2765
  0
LINE
  8
0
 10
-2.24698
 20
-2.2765
 11
-2.25046
 21
-2.27414
  0
LINE
  8
0
 10
-2.25046
 20
-2.27414
 11
-2.25383
 21
-2.27162
  0
LINE
  8
0
 10
-2.25383
 20
-2.27162
 11
-2.2571
 21
-2.26898
  0
LINE
  8
0
 10
-2.2571
 20
-2.26898
 11
-2.26025
 21
-2.2662
  0
LINE
  8
0
 10
-2.26025
 20
-2.2662
 11
-2.26329
 21
-2.26329
  0
LINE
  8
0
 10
-2.26329
 20
-2.26329
 11
-2.2662
 21
-2.26025
  0
LINE
  8
0
 10
-2.2662
 20
-2.26025
 11
-2.26898
 21
-2.2571
  0
LINE
  8
0
 10
-2.26898
 20
-2.2571
 11
-2.27162
 21
-2.25383
  0
LINE
  8
0
 10
-2.27162
 20
-2.25383
 11
-2.27414
 21
-2.25046
  0
LINE
  8
0
 10
-2.27414
 20
-2.25046
 11
-2.2765
 21
-2.24698
  0
LINE
  8
0
 10
-2.2765
 20
-2.24698
 11
-2.27872
 21
-2.24341
  0
LINE
  8
0
 10
-2.27872
 20
-2.24341
 11
-2.28078
 21
-2.23975
  0
LINE
  8
0
 10
-2.28078
 20
-2.23975
 11
-2.28268
 21
-2.23599
  0
LINE
  8
0
 10
-2.28268
 20
-2.23599
 11
-2.28444
 21
-2.23218
  0
LINE
  8
0
 10
-2.28444
 20
-2.23218
 11
-2.28603
 21
-2.22829
  0
LINE
  8
0
 10
-2.28603
 20
-2.22829
 11
-2.28745
 21
-2.22432
  0
LINE
  8
0
 10
-2.28745
 20
-2.22432
 11
-2.28871
 21
-2.22031
  0
LINE
  8
0
 10
-2.28871
 20
-2.22031
 11
-2.28979
 21
-2.21625
  0
LINE
  8
0
 10
-2.28979
 20
-2.21625
 11
-2.29071
 21
-2.21214
  0
LINE
  8
0
 10
-2.29071
 20
-2.21214
 11
-2.29146
 21
-2.20801
  0
LINE
  8
0
 10
-2.29146
 20
-2.20801
 11
-2.29204
 21
-2.20384
  0
LINE
  8
0
 10
-2.29204
 20
-2.20384
 11
-2.29242
 21
-2.19966
  0
LINE
  8
0
 10
-2.29242
 20
-2.19966
 11
-2.29265
 21
-2.19545
  0
LINE
  8
0
 10
-2.29265
 20
-2.19545
 11
-2.29269
 21
-2.19125
  0
LINE
  8
0
 10
-2.29269
 20
-2.19125
 11
-2.29256
 21
-2.18704
  0
LINE
  8
0
 10
-2.29256
 20
-2.18704
 11
-2.29225
 21
-2.18286
  0
LINE
  8
0
 10
-2.29225
 20
-2.18286
 11
-2.29176
 21
-2.17868
  0
LINE
  8
0
 10
-2.29176
 20
-2.17868
 11
-2.29111
 21
-2.17453
  0
LINE
  8
0
 10
-2.29111
 20
-2.17453
 11
-2.29028
 21
-2.17039
  0
LINE
  8
0
 10
-2.29028
 20
-2.17039
 11
-2.28928
 21
-2.16632
  0
LINE
  8
0
 10
-2.28928
 20
-2.16632
 11
-2.2881
 21
-2.16228
  0
LINE
  8
0
 10
-2.2881
 20
-2.16228
 11
-2.28676
 21
-2.15829
  0
LINE
  8
0
 10
-2.28676
 20
-2.15829
 11
-2.28525
 21
-2.15437
  0
LINE
  8
0
 10
-2.28525
 20
-2.15437
 11
-2.28358
 21
-2.15051
  0
LINE
  8
0
 10
-2.28358
 20
-2.15051
 11
-2.28175
 21
-2.14673
  0
LINE
  8
0
 10
-2.28175
 20
-2.14673
 11
-2.27977
 21
-2.14302
  0
LINE
  8
0
 10
-2.27977
 20
-2.14302
 11
-2.27762
 21
-2.1394
  0
LINE
  8
0
 10
-2.27762
 20
-2.1394
 11
-2.27533
 21
-2.13588
  0
LINE
  8
0
 10
-2.27533
 20
-2.13588
 11
-2.2729
 21
-2.13245
  0
LINE
  8
0
 10
-2.2729
 20
-2.13245
 11
-2.27032
 21
-2.12912
  0
LINE
  8
0
 10
-2.27032
 20
-2.12912
 11
-2.26761
 21
-2.12592
  0
LINE
  8
0
 10
-2.26761
 20
-2.12592
 11
-2.26476
 21
-2.12282
  0
LINE
  8
0
 10
-2.26476
 20
-2.12282
 11
-2.2618
 21
-2.11984
  0
LINE
  8
0
 10
-2.2618
 20
-2.11984
 11
-2.2587
 21
-2.11699
  0
LINE
  8
0
 10
-2.2587
 20
-2.11699
 11
-2.25548
 21
-2.11429
  0
LINE
  8
0
 10
-2.25548
 20
-2.11429
 11
-2.25217
 21
-2.11171
  0
LINE
  8
0
 10
-2.25217
 20
-2.11171
 11
-2.24873
 21
-2.10927
  0
LINE
  8
0
 10
-2.24873
 20
-2.10927
 11
-2.24521
 21
-2.10698
  0
LINE
  8
0
 10
-2.24521
 20
-2.10698
 11
-2.24159
 21
-2.10484
  0
LINE
  8
0
 10
-2.24159
 20
-2.10484
 11
-2.23788
 21
-2.10284
  0
LINE
  8
0
 10
-2.23788
 20
-2.10284
 11
-2.2341
 21
-2.10101
  0
LINE
  8
0
 10
-2.2341
 20
-2.10101
 11
-2.23024
 21
-2.09935
  0
LINE
  8
0
 10
-2.23024
 20
-2.09935
 11
-2.2263
 21
-2.09784
  0
LINE
  8
0
 10
-2.2263
 20
-2.09784
 11
-2.22232
 21
-2.0965
  0
LINE
  8
0
 10
-2.22232
 20
-2.0965
 11
-2.21829
 21
-2.09532
  0
LINE
  8
0
 10
-2.21829
 20
-2.09532
 11
-2.2142
 21
-2.09433
  0
LINE
  8
0
 10
-2.2142
 20
-2.09433
 11
-2.21008
 21
-2.09349
  0
LINE
  8
0
 10
-2.21008
 20
-2.09349
 11
-2.20593
 21
-2.09283
  0
LINE
  8
0
 10
-2.20593
 20
-2.09283
 11
-2.20175
 21
-2.09235
  0
LINE
  8
0
 10
-2.20175
 20
-2.09235
 11
-2.19756
 21
-2.09204
  0
LINE
  8
0
 10
-2.19756
 20
-2.09204
 11
-2.19336
 21
-2.09192
  0
LINE
  8
0
 10
-2.19336
 20
-2.09192
 11
-2.18915
 21
-2.09196
  0
LINE
  8
0
 10
-2.18915
 20
-2.09196
 11
-2.18495
 21
-2.09218
  0
LINE
  8
0
 10
-2.18495
 20
-2.09218
 11
-2.18076
 21
-2.09258
  0
LINE
  8
0
 10
-2.18076
 20
-2.09258
 11
-2.17659
 21
-2.09314
  0
LINE
  8
0
 10
-2.17659
 20
-2.09314
 11
-2.17245
 21
-2.09389
  0
LINE
  8
0
 10
-2.17245
 20
-2.09389
 11
-2.16835
 21
-2.0948
  0
LINE
  8
0
 10
-2.16835
 20
-2.0948
 11
-2.16429
 21
-2.0959
  0
LINE
  8
0
 10
-2.16429
 20
-2.0959
 11
-2.16028
 21
-2.09715
  0
LINE
  8
0
 10
-2.16028
 20
-2.09715
 11
-2.15633
 21
-2.09857
  0
LINE
  8
0
 10
-2.15633
 20
-2.09857
 11
-2.15244
 21
-2.10016
  0
LINE
  8
0
 10
-2.15244
 20
-2.10016
 11
-2.14861
 21
-2.10191
  0
LINE
  8
0
 10
-2.14861
 20
-2.10191
 11
-2.14487
 21
-2.10382
  0
LINE
  8
0
 10
-2.14487
 20
-2.10382
 11
-2.14119
 21
-2.1059
  0
LINE
  8
0
 10
-2.14119
 20
-2.1059
 11
-2.13762
 21
-2.10811
  0
LINE
  8
0
 10
-2.13762
 20
-2.10811
 11
-2.13414
 21
-2.11047
  0
LINE
  8
0
 10
-2.13414
 20
-2.11047
 11
-2.13077
 21
-2.11298
  0
LINE
  8
0
 10
-2.13077
 20
-2.11298
 11
-2.1275
 21
-2.11562
  0
LINE
  8
0
 10
-2.1275
 20
-2.11562
 11
-2.12434
 21
-2.11841
  0
LINE
  8
0
 10
-2.12434
 20
-2.11841
 11
-2.12131
 21
-2.12131
  0
LINE
  8
0
 10
-2.12131
 20
-2.12131
 11
-2.11841
 21
-2.12434
  0
LINE
  8
0
 10
-2.11841
 20
-2.12434
 11
-2.11562
 21
-2.1275
  0
LINE
  8
0
 10
-2.11562
 20
-2.1275
 11
-2.11298
 21
-2.13077
  0
LINE
  8
0
 10
-2.11298
 20
-2.13077
 11
-2.11047
 21
-2.13414
  0
LINE
  8
0
 10
-2.11047
 20
-2.13414
 11
-2.10811
 21
-2.13762
  0
LINE
  8
0
 10
-2.10811
 20
-2.13762
 11
-2.1059
 21
-2.14119
  0
LINE
  8
0
 10
-2.1059
 20
-2.14119
 11
-2.10382
 21
-2.14487
  0
LINE
  8
0
 10
-2.10382
 20
-2.14487
 11
-2.10191
 21
-2.14861
  0
LINE
  8
0
 10
-2.10191
 20
-2.14861
 11
-2.10016
 21
-2.15244
  0
LINE
  8
0
 10
-2.10016
 20
-2.15244
 11
-2.09857
 21
-2.15633
  0
LINE
  8
0
 10
-2.09857
 20
-2.15633
 11
-2.09715
 21
-2.16028
  0
LINE
  8
0
 10
-2.09715
 20
-2.16028
 11
-2.0959
 21
-2.16429
  0
LINE
  8
0
 10
-2.0959
 20
-2.16429
 11
-2.0948
 21
-2.16835
  0
LINE
  8
0
 10
-2.0948
 20
-2.16835
 11
-2.09389
 21
-2.17245
  0
LINE
  8
0
 10
-2.09389
 20
-2.17245
 11
-2.09314
 21
-2.17659
  0
LINE
  8
0
 10
-2.09314
 20
-2.17659
 11
-2.09258
 21
-2.18076
  0
LINE
  8
0
 10
-2.09258
 20
-2.18076
 11
-2.09218
 21
-2.18495
  0
LINE
  8
0
 10
-2.09218
 20
-2.18495
 11
-2.09196
 21
-2.18915
  0
LINE
  8
0
 10
-2.09196
 20
-2.18915
 11
-2.09192
 21
-2.19336
  0
LINE
  8
0
 10
-2.09192
 20
-2.19336
 11
-2.09204
 21
-2.19756
  0
LINE
  8
0
 10
-2.09204
 20
-2.19756
 11
-2.09235
 21
-2.20175
  0
LINE
  8
0
 10
-2.09235
 20
-2.20175
 11
-2.09283
 21
-2.20593
  0
LINE
  8
0
 10
-2.09283
 20
-2.20593
 11
-2.09349
 21
-2.21008
  0
LINE
  8
0
 10
-2.09349
 20
-2.21008
 11
-2.09433
 21
-2.2142
  0
LINE
  8
0
 10
-2.09433
 20
-2.2142
 11
-2.09532
 21
-2.21829
  0
LINE
  8
0
 10
-2.09532
 20
-2.21829
 11
-2.0965
 21
-2.22232
  0
LINE
  8
0
 10
-2.0965
 20
-2.22232
 11
-2.09784
 21
-2.2263
  0
LINE
  8
0
 10
-2.09784
 20
-2.2263
 11
-2.09935
 21
-2.23024
  0
LINE
  8
0
 10
-2.09935
 20
-2.23024
 11
-2.10101
 21
-2.2341
  0
LINE
  8
0
 10
-2.10101
 20
-2.2341
 11
-2.10284
 21
-2.23788
  0
LINE
  8
0
 10
-2.10284
 20
-2.23788
 11
-2.10484
 21
-2.24159
  0
LINE
  8
0
 10
-2.10484
 20
-2.24159
 11
-2.10698
 21
-2.24521
  0
LINE
  8
0
 10
-2.10698
 20
-2.24521
 11
-2.10927
 21
-2.24873
  0
LINE
  8
0
 10
-2.10927
 20
-2.24873
 11
-2.11171
 21
-2.25217
  0
LINE
  8
0
 10
-2.11171
 20
-2.25217
 11
-2.11429
 21
-2.25548
  0
LINE
  8
0
 10
-2.11429
 20
-2.25548
 11
-2.11699
 21
-2.2587
  0
LINE
  8
0
 10
-2.11699
 20
-2.2587
 11
-2.11984
 21
-2.2618
  0
LINE
  8
0
 10
-2.11984
 20
-2.2618
 11
-2.12282
 21
-2.26476
  0
LINE
  8
0
 10
-2.12282
 20
-2.26476
 11
-2.12592
 21
-2.26761
  0
LINE
  8
0
 10
-2.12592
 20
-2.26761
 11
-2.12912
 21
-2.27032
  0
LINE
  8
0
 10
-2.12912
 20
-2.27032
 11
-2.13245
 21
-2.2729
  0
LINE
  8
0
 10
-2.13245
 20
-2.2729
 11
-2.13588
 21
-2.27533
  0
LINE
  8
0
 10
-2.13588
 20
-2.27533
 11
-2.1394
 21
-2.27762
  0
LINE
  8
0
 10
-2.1394
 20
-2.27762
 11
-2.14302
 21
-2.27977
  0
LINE
  8
0
 10
-2.14302
 20
-2.27977
 11
-2.14673
 21
-2.28175
  0
LINE
  8
0
 10
-2.14673
 20
-2.28175
 11
-2.15051
 21
-2.28358
  0
LINE
  8
0
 10
-2.15051
 20
-2.28358
 11
-2.15437
 21
-2.28525
  0
LINE
  8
0
 10
-2.15437
 20
-2.28525
 11
-2.15829
 21
-2.28676
  0
LINE
  8
0
 10
-2.15829
 20
-2.28676
 11
-2.16228
 21
-2.2881
  0
LINE
  8
0
 10
-2.16228
 20
-2.2881
 11
-2.16632
 21
-2.28928
  0
LINE
  8
0
 10
-2.16632
 20
-2.28928
 11
-2.17039
 21
-2.29028
  0
LINE
  8
0
 10
-2.17039
 20
-2.29028
 11
-2.17453
 21
-2.29111
  0
LINE
  8
0
 10
-2.17453
 20
-2.29111
 11
-2.17868
 21
-2.29176
  0
LINE
  8
0
 10
-2.17868
 20
-2.29176
 11
-2.18286
 21
-2.29225
  0
LINE
  8
0
 10
-2.18286
 20
-2.29225
 11
-2.18704
 21
-2.29256
  0
LINE
  8
0
 10
-2.18704
 20
-2.29256
 11
-2.19125
 21
-2.29269
  0
LINE
  8
0
 10
-2.19125
 20
-2.29269
 11
-2.19545
 21
-2.29265
  0
LINE
  8
0
 10
2.18704
 20
-2.29256
 11
2.18286
 21
-2.29225
  0
LINE
  8
0
 10
2.18286
 20
-2.29225
 11
2.17868
 21
-2.29176
  0
LINE
  8
0
 10
2.17868
 20
-2.29176
 11
2.17453
 21
-2.29111
  0
LINE
  8
0
 10
2.17453
 20
-2.29111
 11
2.17039
 21
-2.29028
  0
LINE
  8
0
 10
2.17039
 20
-2.29028
 11
2.16632
 21
-2.28928
  0
LINE
  8
0
 10
2.16632
 20
-2.28928
 11
2.16228
 21
-2.2881
  0
LINE
  8
0
 10
2.16228
 20
-2.2881
 11
2.15829
 21
-2.28676
  0
LINE
  8
0
 10
2.15829
 20
-2.28676
 11
2.15437
 21
-2.28525
  0
LINE
  8
0
 10
2.15437
 20
-2.28525
 11
2.15051
 21
-2.28358
  0
LINE
  8
0
 10
2.15051
 20
-2.28358
 11
2.14673
 21
-2.28175
  0
LINE
  8
0
 10
2.14673
 20
-2.28175
 11
2.14302
 21
-2.27977
  0
LINE
  8
0
 10
2.14302
 20
-2.27977
 11
2.1394
 21
-2.27762
  0
LINE
  8
0
 10
2.1394
 20
-2.27762
 11
2.13588
 21
-2.27533
  0
LINE
  8
0
 10
2.13588
 20
-2.27533
 11
2.13245
 21
-2.2729
  0
LINE
  8
0
 10
2.13245
 20
-2.2729
 11
2.12912
 21
-2.27032
  0
LINE
  8
0
 10
2.12912
 20
-2.27032
 11
2.12592
 21
-2.26761
  0
LINE
  8
0
 10
2.12592
 20
-2.26761
 11
2.12282
 21
-2.26476
  0
LINE
  8
0
 10
2.12282
 20
-2.26476
 11
2.11984
 21
-2.2618
  0
LINE
  8
0
 10
2.11984
 20
-2.2618
 11
2.11699
 21
-2.2587
  0
LINE
  8
0
 10
2.11699
 20
-2.2587
 11
2.11429
 21
-2.25548
  0
LINE
  8
0
 10
2.11429
 20
-2.25548
 11
2.11171
 21
-2.25217
  0
LINE
  8
0
 10
2.11171
 20
-2.25217
 11
2.10927
 21
-2.24873
  0
LINE
  8
0
 10
2.10927
 20
-2.24873
 11
2.10698
 21
-2.24521
  0
LINE
  8
0
 10
2.10698
 20
-2.24521
 11
2.10484
 21
-2.24159
  0
LINE
  8
0
 10
2.10484
 20
-2.24159
 11
2.10284
 21
-2.23788
  0
LINE
  8
0
 10
2.10284
 20
-2.23788
 11
2.10101
 21
-2.2341
  0
LINE
  8
0
 10
2.10101
 20
-2.2341
 11
2.09935
 21
-2.23024
  0
LINE
  8
0
 10
2.09935
 20
-2.23024
 11
2.09784
 21
-2.2263
  0
LINE
  8
0
 10
2.09784
 20
-2.2263
 11
2.0965
 21
-2.22232
  0
LINE
  8
0
 10
2.0965
 20
-2.22232
 11
2.09532
 21
-2.21829
  0
LINE
  8
0
 10
2.09532
 20
-2.21829
 11
2.09433
 21
-2.2142
  0
LINE
  8
0
 10
2.09433
 20
-2.2142
 11
2.09349
 21
-2.21008
  0
LINE
  8
0
 10
2.09349
 20
-2.21008
 11
2.09283
 21
-2.20593
  0
LINE
  8
0
 10
2.09283
 20
-2.20593
 11
2.09235
 21
-2.20175
  0
LINE
  8
0
 10
2.09235
 20
-2.20175
 11
2.09204
 21
-2.19756
  0
LINE
  8
0
 10
2.09204
 20
-2.19756
 11
2.09192
 21
-2.19336
  0
LINE
  8
0
 10
2.09192
 20
-2.19336
 11
2.09196
 21
-2.18915
  0
LINE
  8
0
 10
2.09196
 20
-2.18915
 11
2.09218
 21
-2.18495
  0
LINE
  8
0
 10
2.09218
 20
-2.18495
 11
2.09258
 21
-2.18076
  0
LINE
  8
0
 10
2.09258
 20
-2.18076
 11
2.09314
 21
-2.17659
  0
LINE
  8
0
 10
2.09314
 20
-2.17659
 11
2.09389
 21
-2.17245
  0
LINE
  8
0
 10
2.09389
 20
-2.17245
 11
2.0948
 21
-2.16835
  0
LINE
  8
0
 10
2.0948
 20
-2.16835
 11
2.0959
 21
-2.16429
  0
LINE
  8
0
 10
2.0959
 20
-2.16429
 11
2.09715
 21
-2.16028
  0
LINE
  8
0
 10
2.09715
 20
-2.16028
 11
2.09857
 21
-2.15633
  0
LINE
  8
0
 10
2.09857
 20
-2.15633
 11
2.10016
 21
-2.15244
  0
LINE
  8
0
 10
2.10016
 20
-2.15244
 11
2.10191
 21
-2.14861
  0
LINE
  8
0
 10
2.10191
 20
-2.14861
 11
2.10382
 21
-2.14487
  0
LINE
  8
0
 10
2.10382
 20
-2.14487
 11
2.1059
 21
-2.14119
  0
LINE
  8
0
 10
2.1059
 20
-2.14119
 11
2.10811
 21
-2.13762
  0
LINE
  8
0
 10
2.10811
 20
-2.13762
 11
2.11047
 21
-2.13414
  0
LINE
  8
0
 10
2.11047
 20
-2.13414
 11
2.11298
 21
-2.13077
  0
LINE
  8
0
 10
2.11298
 20
-2.13077
 11
2.11562
 21
-2.1275
  0
LINE
  8
0
 10
2.11562
 20
-2.1275
 11
2.11841
 21
-2.12434
  0
LINE
  8
0
 10
2.11841
 20
-2.12434
 11
2.12131
 21
-2.12131
  0
LINE
  8
0
 10
2.12131
 20
-2.12131
 11
2.12434
 21
-2.11841
  0
LINE
  8
0
 10
2.12434
 20
-2.11841
 11
2.1275
 21
-2.11562
  0
LINE
  8
0
 10
2.1275
 20
-2.11562
 11
2.13077
 21
-2.11298
  0
LINE
  8
0
 10
2.13077
 20
-2.11298
 11
2.13414
 21
-2.11047
  0
LINE
  8
0
 10
2.13414
 20
-2.11047
 11
2.13762
 21
-2.10811
  0
LINE
  8
0
 10
2.13762
 20
-2.10811
 11
2.14119
 21
-2.1059
  0
LINE
  8
0
 10
2.14119
 20
-2.1059
 11
2.14487
 21
-2.10382
  0
LINE
  8
0
 10
2.14487
 20
-2.10382
 11
2.14861
 21
-2.10191
  0
LINE
  8
0
 10
2.14861
 20
-2.10191
 11
2.15244
 21
-2.10016
  0
LINE
  8
0
 10
2.15244
 20
-2.10016
 11
2.15633
 21
-2.09857
  0
LINE
  8
0
 10
2.15633
 20
-2.09857
 11
2.16028
 21
-2.09715
  0
LINE
  8
0
 10
2.16028
 20
-2.09715
 11
2.16429
 21
-2.0959
  0
LINE
  8
0
 10
2.16429
 20
-2.0959
 11
2.16835
 21
-2.0948
  0
LINE
  8
0
 10
2.16835
 20
-2.0948
 11
2.17245
 21
-2.09389
  0
LINE
  8
0
 10
2.17245
 20
-2.09389
 11
2.17659
 21
-2.09314
  0
LINE
  8
0
 10
2.17659
 20
-2.09314
 11
2.18076
 21
-2.09258
  0
LINE
  8
0
 10
2.18076
 20
-2.09258
 11
2.18495
 21
-2.09218
  0
LINE
  8
0
 10
2.18495
 20
-2.09218
 11
2.18915
 21
-2.09196
  0
LINE
  8
0
 10
2.18915
 20
-2.09196
 11
2.19336
 21
-2.09192
  0
LINE
  8
0
 10
2.19336
 20
-2.09192
 11
2.19756
 21
-2.09204
  0
LINE
  8
0
 10
2.19756
 20
-2.09204
 11
2.20175
 21
-2.09235
  0
LINE
  8
0
 10
2.20175
 20
-2.09235
 11
2.20593
 21
-2.09283
  0
LINE
  8
0
 10
2.20593
 20
-2.09283
 11
2.21008
 21
-2.09349
  0
LINE
  8
0
 10
2.21008
 20
-2.09349
 11
2.2142
 21
-2.09433
  0
LINE
  8
0
 10
2.2142
 20
-2.09433
 11
2.21829
 21
-2.09532
  0
LINE
  8
0
 10
2.21829
 20
-2.09532
 11
2.22232
 21
-2.0965
  0
LINE
  8
0
 10
2.22232
 20
-2.0965
 11
2.2263
 21
-2.09784
  0
LINE
  8
0
 10
2.2263
 20
-2.09784
 11
2.23024
 21
-2.09935
  0
LINE
  8
0
 10
2.23024
 20
-2.09935
 11
2.2341
 21
-2.10101
  0
LINE
  8
0
 10
2.2341
 20
-2.10101
 11
2.23788
 21
-2.10284
  0
LINE
  8
0
 10
2.23788
 20
-2.10284
 11
2.24159
 21
-2.10484
  0
LINE
  8
0
 10
2.24159
 20
-2.10484
 11
2.24521
 21
-2.10698
  0
LINE
  8
0
 10
2.24521
 20
-2.10698
 11
2.24873
 21
-2.10927
  0
LINE
  8
0
 10
2.24873
 20
-2.10927
 11
2.25217
 21
-2.11171
  0
LINE
  8
0
 10
2.25217
 20
-2.11171
 11
2.25548
 21
-2.11429
  0
LINE
  8
0
 10
2.25548
 20
-2.11429
 11
2.2587
 21
-2.11699
  0
LINE
  8
0
 10
2.2587
 20
-2.11699
 11
2.2618
 21
-2.11984
  0
LINE
  8
0
 10
2.2618
 20
-2.11984
 11
2.26476
 21
-2.12282
  0
LINE
  8
0
 10
2.26476
 20
-2.12282
 11
2.26761
 21
-2.12592
  0
LINE
  8
0
 10
2.26761
 20
-2.12592
 11
2.27032
 21
-2.12912
  0
LINE
  8
0
 10
2.27032
 20
-2.12912
 11
2.2729
 21
-2.13245
  0
LINE
  8
0
 10
2.2729
 20
-2.13245
 11
2.27533
 21
-2.13588
  0
LINE
  8
0
 10
2.27533
 20
-2.13588
 11
2.27762
 21
-2.1394
  0
LINE
  8
0
 10
2.27762
 20
-2.1394
 11
2.27977
 21
-2.14302
  0
LINE
  8
0
 10
2.27977
 20
-2.14302
 11
2.28175
 21
-2.14673
  0
LINE
  8
0
 10
2.28175
 20
-2.14673
 11
2.28358
 21
-2.15051
  0
LINE
  8
0
 10
2.28358
 20
-2.15051
 11
2.28525
 21
-2.15437
  0
LINE
  8
0
 10
2.28525
 20
-2.15437
 11
2.28676
 21
-2.15829
  0
LINE
  8
0
 10
2.28676
 20
-2.15829
 11
2.2881
 21
-2.16228
  0
LINE
  8
0
 10
2.2881
 20
-2.16228
 11
2.28928
 21
-2.16632
  0
LINE
  8
0
 10
2.28928
 20
-2.16632
 11
2.29028
 21
-2.17039
  0
LINE
  8
0
 10
2.29028
 20
-2.17039
 11
2.29111
 21
-2.17453
  0
LINE
  8
0
 10
2.29111
 20
-2.17453
 11
2.29176
 21
-2.17868
  0
LINE
  8
0
 10
2.29176
 20
-2.17868
 11
2.29225
 21
-2.18286
  0
LINE
  8
0
 10
2.29225
 20
-2.18286
 11
2.29256
 21
-2.18704
  0
LINE
  8
0
 10
2.29256
 20
-2.18704
 11
2.29269
 21
-2.19125
  0
LINE
  8
0
 10
2.29269
 20
-2.19125
 11
2.29265
 21
-2.19545
  0
LINE
  8
0
 10
2.29265
 20
-2.19545
 11
2.29242
 21
-2.19966
  0
LINE
  8
0
 10
2.29242
 20
-2.19966
 11
2.29204
 21
-2.20384
  0
LINE
  8
0
 10
2.29204
 20
-2.20384
 11
2.29146
 21
-2.20801
  0
LINE
  8
0
 10
2.29146
 20
-2.20801
 11
2.29071
 21
-2.21214
  0
LINE
  8
0
 10
2.29071
 20
-2.21214
 11
2.28979
 21
-2.21625
  0
LINE
  8
0
 10
2.28979
 20
-2.21625
 11
2.28871
 21
-2.22031
  0
LINE
  8
0
 10
2.28871
 20
-2.22031
 11
2.28745
 21
-2.22432
  0
LINE
  8
0
 10
2.28745
 20
-2.22432
 11
2.28603
 21
-2.22829
  0
LINE
  8
0
 10
2.28603
 20
-2.22829
 11
2.28444
 21
-2.23218
  0
LINE
  8
0
 10
2.28444
 20
-2.23218
 11
2.28268
 21
-2.23599
  0
LINE
  8
0
 10
2.28268
 20
-2.23599
 11
2.28078
 21
-2.23975
  0
LINE
  8
0
 10
2.28078
 20
-2.23975
 11
2.27872
 21
-2.24341
  0
LINE
  8
0
 10
2.27872
 20
-2.24341
 11
2.2765
 21
-2.24698
  0
LINE
  8
0
 10
2.2765
 20
-2.24698
 11
2.27414
 21
-2.25046
  0
LINE
  8
0
 10
2.27414
 20
-2.25046
 11
2.27162
 21
-2.25383
  0
LINE
  8
0
 10
2.27162
 20
-2.25383
 11
2.26898
 21
-2.2571
  0
LINE
  8
0
 10
2.26898
 20
-2.2571
 11
2.2662
 21
-2.26025
  0
LINE
  8
0
 10
2.2662
 20
-2.26025
 11
2.26329
 21
-2.26329
  0
LINE
  8
0
 10
2.26329
 20
-2.26329
 11
2.26025
 21
-2.2662
  0
LINE
  8
0
 10
2.26025
 20
-2.2662
 11
2.2571
 21
-2.26898
  0
LINE
  8
0
 10
2.2571
 20
-2.26898
 11
2.25383
 21
-2.27162
  0
LINE
  8
0
 10
2.25383
 20
-2.27162
 11
2.25046
 21
-2.27414
  0
LINE
  8
0
 10
2.25046
 20
-2.27414
 11
2.24698
 21
-2.2765
  0
LINE
  8
0
 10
2.24698
 20
-2.2765
 11
2.24341
 21
-2.27872
  0
LINE
  8
0
 10
2.24341
 20
-2.27872
 11
2.23975
 21
-2.28078
  0
LINE
  8
0
 10
2.23975
 20
-2.28078
 11
2.23599
 21
-2.28268
  0
LINE
  8
0
 10
2.23599
 20
-2.28268
 11
2.23218
 21
-2.28444
  0
LINE
  8
0
 10
2.23218
 20
-2.28444
 11
2.22829
 21
-2.28603
  0
LINE
  8
0
 10
2.22829
 20
-2.28603
 11
2.22432
 21
-2.28745
  0
LINE
  8
0
 10
2.22432
 20
-2.28745
 11
2.22031
 21
-2.28871
  0
LINE
  8
0
 10
2.22031
 20
-2.28871
 11
2.21625
 21
-2.28979
  0
LINE
  8
0
 10
2.21625
 20
-2.28979
 11
2.21214
 21
-2.29071
  0
LINE
  8
0
 10
2.21214
 20
-2.29071
 11
2.20801
 21
-2.29146
  0
LINE
  8
0
 10
2.20801
 20
-2.29146
 11
2.20384
 21
-2.29204
  0
LINE
  8
0
 10
2.20384
 20
-2.29204
 11
2.19966
 21
-2.29242
  0
LINE
  8
0
 10
2.19966
 20
-2.29242
 11
2.19545
 21
-2.29265
  0
LINE
  8
0
 10
2.19545
 20
-2.29265
 11
2.19125
 21
-2.29269
  0
LINE
  8
0
 10
2.19125
 20
-2.29269
 11
2.18704
 21
-2.29256
  0
LINE
  8
0
 10
-2.60608
 20
-2.70326
 11
-2.61028
 21
-2.70305
  0
LINE
  8
0
 10
-2.61028
 20
-2.70305
 11
-2.61446
 21
-2.70265
  0
LINE
  8
0
 10
-2.61446
 20
-2.70265
 11
-2.61864
 21
-2.70209
  0
LINE
  8
0
 10
-2.61864
 20
-2.70209
 11
-2.62277
 21
-2.70134
  0
LINE
  8
0
 10
-2.62277
 20
-2.70134
 11
-2.62688
 21
-2.70042
  0
LINE
  8
0
 10
-2.62688
 20
-2.70042
 11
-2.63094
 21
-2.69933
  0
LINE
  8
0
 10
-2.63094
 20
-2.69933
 11
-2.63495
 21
-2.69807
  0
LINE
  8
0
 10
-2.63495
 20
-2.69807
 11
-2.6389
 21
-2.69666
  0
LINE
  8
0
 10
-2.6389
 20
-2.69666
 11
-2.64279
 21
-2.69507
  0
LINE
  8
0
 10
-2.64279
 20
-2.69507
 11
-2.64662
 21
-2.69331
  0
LINE
  8
0
 10
-2.64662
 20
-2.69331
 11
-2.65036
 21
-2.69141
  0
LINE
  8
0
 10
-2.65036
 20
-2.69141
 11
-2.65402
 21
-2.68933
  0
LINE
  8
0
 10
-2.65402
 20
-2.68933
 11
-2.65761
 21
-2.68712
  0
LINE
  8
0
 10
-2.65761
 20
-2.68712
 11
-2.66109
 21
-2.68475
  0
LINE
  8
0
 10
-2.66109
 20
-2.68475
 11
-2.66446
 21
-2.68225
  0
LINE
  8
0
 10
-2.66446
 20
-2.68225
 11
-2.66772
 21
-2.67961
  0
LINE
  8
0
 10
-2.66772
 20
-2.67961
 11
-2.67088
 21
-2.67682
  0
LINE
  8
0
 10
-2.67088
 20
-2.67682
 11
-2.67392
 21
-2.67392
  0
LINE
  8
0
 10
-2.67392
 20
-2.67392
 11
-2.67682
 21
-2.67088
  0
LINE
  8
0
 10
-2.67682
 20
-2.67088
 11
-2.67961
 21
-2.66772
  0
LINE
  8
0
 10
-2.67961
 20
-2.66772
 11
-2.68225
 21
-2.66446
  0
LINE
  8
0
 10
-2.68225
 20
-2.66446
 11
-2.68475
 21
-2.66109
  0
LINE
  8
0
 10
-2.68475
 20
-2.66109
 11
-2.68712
 21
-2.65761
  0
LINE
  8
0
 10
-2.68712
 20
-2.65761
 11
-2.68933
 21
-2.65402
  0
LINE
  8
0
 10
-2.68933
 20
-2.65402
 11
-2.69141
 21
-2.65036
  0
LINE
  8
0
 10
-2.69141
 20
-2.65036
 11
-2.69331
 21
-2.64662
  0
LINE
  8
0
 10
-2.69331
 20
-2.64662
 11
-2.69507
 21
-2.64279
  0
LINE
  8
0
 10
-2.69507
 20
-2.64279
 11
-2.69666
 21
-2.6389
  0
LINE
  8
0
 10
-2.69666
 20
-2.6389
 11
-2.69807
 21
-2.63495
  0
LINE
  8
0
 10
-2.69807
 20
-2.63495
 11
-2.69933
 21
-2.63094
  0
LINE
  8
0
 10
-2.69933
 20
-2.63094
 11
-2.70042
 21
-2.62688
  0
LINE
  8
0
 10
-2.70042
 20
-2.62688
 11
-2.70134
 21
-2.62277
  0
LINE
  8
0
 10
-2.70134
 20
-2.62277
 11
-2.70209
 21
-2.61864
  0
LINE
  8
0
 10
-2.70209
 20
-2.61864
 11
-2.70265
 21
-2.61446
  0
LINE
  8
0
 10
-2.70265
 20
-2.61446
 11
-2.70305
 21
-2.61028
  0
LINE
  8
0
 10
-2.70305
 20
-2.61028
 11
-2.70326
 21
-2.60608
  0
LINE
  8
0
 10
-2.70326
 20
-2.60608
 11
-2.70331
 21
-2.60187
  0
LINE
  8
0
 10
-2.70331
 20
-2.60187
 11
-2.70319
 21
-2.59767
  0
LINE
  8
0
 10
-2.70319
 20
-2.59767
 11
-2.70287
 21
-2.59348
  0
LINE
  8
0
 10
-2.70287
 20
-2.59348
 11
-2.70239
 21
-2.58929
  0
LINE
  8
0
 10
-2.70239
 20
-2.58929
 11
-2.70174
 21
-2.58514
  0
LINE
  8
0
 10
-2.70174
 20
-2.58514
 11
-2.7009
 21
-2.58102
  0
LINE
  8
0
 10
-2.7009
 20
-2.58102
 11
-2.69991
 21
-2.57693
  0
LINE
  8
0
 10
-2.69991
 20
-2.57693
 11
-2.69873
 21
-2.57291
  0
LINE
  8
0
 10
-2.69873
 20
-2.57291
 11
-2.69739
 21
-2.56892
  0
LINE
  8
0
 10
-2.69739
 20
-2.56892
 11
-2.69588
 21
-2.56499
  0
LINE
  8
0
 10
-2.69588
 20
-2.56499
 11
-2.69421
 21
-2.56113
  0
LINE
  8
0
 10
-2.69421
 20
-2.56113
 11
-2.69238
 21
-2.55734
  0
LINE
  8
0
 10
-2.69238
 20
-2.55734
 11
-2.69038
 21
-2.55363
  0
LINE
  8
0
 10
-2.69038
 20
-2.55363
 11
-2.68825
 21
-2.55002
  0
LINE
  8
0
 10
-2.68825
 20
-2.55002
 11
-2.68596
 21
-2.54649
  0
LINE
  8
0
 10
-2.68596
 20
-2.54649
 11
-2.68352
 21
-2.54306
  0
LINE
  8
0
 10
-2.68352
 20
-2.54306
 11
-2.68094
 21
-2.53975
  0
LINE
  8
0
 10
-2.68094
 20
-2.53975
 11
-2.67824
 21
-2.53653
  0
LINE
  8
0
 10
-2.67824
 20
-2.53653
 11
-2.67538
 21
-2.53343
  0
LINE
  8
0
 10
-2.67538
 20
-2.53343
 11
-2.67241
 21
-2.53047
  0
LINE
  8
0
 10
-2.67241
 20
-2.53047
 11
-2.66931
 21
-2.52762
  0
LINE
  8
0
 10
-2.66931
 20
-2.52762
 11
-2.66611
 21
-2.5249
  0
LINE
  8
0
 10
-2.66611
 20
-2.5249
 11
-2.66278
 21
-2.52232
  0
LINE
  8
0
 10
-2.66278
 20
-2.52232
 11
-2.65935
 21
-2.5199
  0
LINE
  8
0
 10
-2.65935
 20
-2.5199
 11
-2.65582
 21
-2.51759
  0
LINE
  8
0
 10
-2.65582
 20
-2.51759
 11
-2.65221
 21
-2.51546
  0
LINE
  8
0
 10
-2.65221
 20
-2.51546
 11
-2.6485
 21
-2.51347
  0
LINE
  8
0
 10
-2.6485
 20
-2.51347
 11
-2.64471
 21
-2.51164
  0
LINE
  8
0
 10
-2.64471
 20
-2.51164
 11
-2.64085
 21
-2.50998
  0
LINE
  8
0
 10
-2.64085
 20
-2.50998
 11
-2.63693
 21
-2.50847
  0
LINE
  8
0
 10
-2.63693
 20
-2.50847
 11
-2.63295
 21
-2.50713
  0
LINE
  8
0
 10
-2.63295
 20
-2.50713
 11
-2.62891
 21
-2.50595
  0
LINE
  8
0
 10
-2.62891
 20
-2.50595
 11
-2.62483
 21
-2.50494
  0
LINE
  8
0
 10
-2.62483
 20
-2.50494
 11
-2.6207
 21
-2.50412
  0
LINE
  8
0
 10
-2.6207
 20
-2.50412
 11
-2.61655
 21
-2.50346
  0
LINE
  8
0
 10
-2.61655
 20
-2.50346
 11
-2.61237
 21
-2.50298
  0
LINE
  8
0
 10
-2.61237
 20
-2.50298
 11
-2.60818
 21
-2.50267
  0
LINE
  8
0
 10
-2.60818
 20
-2.50267
 11
-2.60397
 21
-2.50253
  0
LINE
  8
0
 10
-2.60397
 20
-2.50253
 11
-2.59978
 21
-2.50258
  0
LINE
  8
0
 10
-2.59978
 20
-2.50258
 11
-2.59557
 21
-2.50281
  0
LINE
  8
0
 10
-2.59557
 20
-2.50281
 11
-2.59138
 21
-2.50319
  0
LINE
  8
0
 10
-2.59138
 20
-2.50319
 11
-2.58722
 21
-2.50377
  0
LINE
  8
0
 10
-2.58722
 20
-2.50377
 11
-2.58308
 21
-2.50452
  0
LINE
  8
0
 10
-2.58308
 20
-2.50452
 11
-2.57898
 21
-2.50543
  0
LINE
  8
0
 10
-2.57898
 20
-2.50543
 11
-2.57492
 21
-2.50652
  0
LINE
  8
0
 10
-2.57492
 20
-2.50652
 11
-2.57091
 21
-2.50778
  0
LINE
  8
0
 10
-2.57091
 20
-2.50778
 11
-2.56694
 21
-2.5092
  0
LINE
  8
0
 10
-2.56694
 20
-2.5092
 11
-2.56305
 21
-2.51079
  0
LINE
  8
0
 10
-2.56305
 20
-2.51079
 11
-2.55923
 21
-2.51254
  0
LINE
  8
0
 10
-2.55923
 20
-2.51254
 11
-2.55548
 21
-2.51445
  0
LINE
  8
0
 10
-2.55548
 20
-2.51445
 11
-2.55182
 21
-2.51651
  0
LINE
  8
0
 10
-2.55182
 20
-2.51651
 11
-2.54825
 21
-2.51872
  0
LINE
  8
0
 10
-2.54825
 20
-2.51872
 11
-2.54477
 21
-2.52109
  0
LINE
  8
0
 10
-2.54477
 20
-2.52109
 11
-2.5414
 21
-2.52361
  0
LINE
  8
0
 10
-2.5414
 20
-2.52361
 11
-2.53813
 21
-2.52625
  0
LINE
  8
0
 10
-2.53813
 20
-2.52625
 11
-2.53497
 21
-2.52902
  0
LINE
  8
0
 10
-2.53497
 20
-2.52902
 11
-2.53194
 21
-2.53194
  0
LINE
  8
0
 10
-2.53194
 20
-2.53194
 11
-2.52902
 21
-2.53497
  0
LINE
  8
0
 10
-2.52902
 20
-2.53497
 11
-2.52625
 21
-2.53813
  0
LINE
  8
0
 10
-2.52625
 20
-2.53813
 11
-2.52361
 21
-2.5414
  0
LINE
  8
0
 10
-2.52361
 20
-2.5414
 11
-2.52109
 21
-2.54477
  0
LINE
  8
0
 10
-2.52109
 20
-2.54477
 11
-2.51872
 21
-2.54825
  0
LINE
  8
0
 10
-2.51872
 20
-2.54825
 11
-2.51651
 21
-2.55182
  0
LINE
  8
0
 10
-2.51651
 20
-2.55182
 11
-2.51445
 21
-2.55548
  0
LINE
  8
0
 10
-2.51445
 20
-2.55548
 11
-2.51254
 21
-2.55923
  0
LINE
  8
0
 10
-2.51254
 20
-2.55923
 11
-2.51079
 21
-2.56305
  0
LINE
  8
0
 10
-2.51079
 20
-2.56305
 11
-2.5092
 21
-2.56694
  0
LINE
  8
0
 10
-2.5092
 20
-2.56694
 11
-2.50778
 21
-2.57091
  0
LINE
  8
0
 10
-2.50778
 20
-2.57091
 11
-2.50652
 21
-2.57492
  0
LINE
  8
0
 10
-2.50652
 20
-2.57492
 11
-2.50543
 21
-2.57898
  0
LINE
  8
0
 10
-2.50543
 20
-2.57898
 11
-2.50452
 21
-2.58308
  0
LINE
  8
0
 10
-2.50452
 20
-2.58308
 11
-2.50377
 21
-2.58722
  0
LINE
  8
0
 10
-2.50377
 20
-2.58722
 11
-2.50319
 21
-2.59138
  0
LINE
  8
0
 10
-2.50319
 20
-2.59138
 11
-2.50281
 21
-2.59557
  0
LINE
  8
0
 10
-2.50281
 20
-2.59557
 11
-2.50258
 21
-2.59978
  0
LINE
  8
0
 10
-2.50258
 20
-2.59978
 11
-2.50253
 21
-2.60397
  0
LINE
  8
0
 10
-2.50253
 20
-2.60397
 11
-2.50267
 21
-2.60818
  0
LINE
  8
0
 10
-2.50267
 20
-2.60818
 11
-2.50298
 21
-2.61237
  0
LINE
  8
0
 10
-2.50298
 20
-2.61237
 11
-2.50346
 21
-2.61655
  0
LINE
  8
0
 10
-2.50346
 20
-2.61655
 11
-2.50412
 21
-2.6207
  0
LINE
  8
0
 10
-2.50412
 20
-2.6207
 11
-2.50494
 21
-2.62483
  0
LINE
  8
0
 10
-2.50494
 20
-2.62483
 11
-2.50595
 21
-2.62891
  0
LINE
  8
0
 10
-2.50595
 20
-2.62891
 11
-2.50713
 21
-2.63295
  0
LINE
  8
0
 10
-2.50713
 20
-2.63295
 11
-2.50847
 21
-2.63693
  0
LINE
  8
0
 10
-2.50847
 20
-2.63693
 11
-2.50998
 21
-2.64085
  0
LINE
  8
0
 10
-2.50998
 20
-2.64085
 11
-2.51164
 21
-2.64471
  0
LINE
  8
0
 10
-2.51164
 20
-2.64471
 11
-2.51347
 21
-2.6485
  0
LINE
  8
0
 10
-2.51347
 20
-2.6485
 11
-2.51546
 21
-2.65221
  0
LINE
  8
0
 10
-2.51546
 20
-2.65221
 11
-2.51759
 21
-2.65582
  0
LINE
  8
0
 10
-2.51759
 20
-2.65582
 11
-2.5199
 21
-2.65935
  0
LINE
  8
0
 10
-2.5199
 20
-2.65935
 11
-2.52232
 21
-2.66278
  0
LINE
  8
0
 10
-2.52232
 20
-2.66278
 11
-2.5249
 21
-2.66611
  0
LINE
  8
0
 10
-2.5249
 20
-2.66611
 11
-2.52762
 21
-2.66931
  0
LINE
  8
0
 10
-2.52762
 20
-2.66931
 11
-2.53047
 21
-2.67241
  0
LINE
  8
0
 10
-2.53047
 20
-2.67241
 11
-2.53343
 21
-2.67538
  0
LINE
  8
0
 10
-2.53343
 20
-2.67538
 11
-2.53653
 21
-2.67824
  0
LINE
  8
0
 10
-2.53653
 20
-2.67824
 11
-2.53975
 21
-2.68094
  0
LINE
  8
0
 10
-2.53975
 20
-2.68094
 11
-2.54306
 21
-2.68352
  0
LINE
  8
0
 10
-2.54306
 20
-2.68352
 11
-2.54649
 21
-2.68596
  0
LINE
  8
0
 10
-2.54649
 20
-2.68596
 11
-2.55002
 21
-2.68825
  0
LINE
  8
0
 10
-2.55002
 20
-2.68825
 11
-2.55363
 21
-2.69038
  0
LINE
  8
0
 10
-2.55363
 20
-2.69038
 11
-2.55734
 21
-2.69238
  0
LINE
  8
0
 10
-2.55734
 20
-2.69238
 11
-2.56113
 21
-2.69421
  0
LINE
  8
0
 10
-2.56113
 20
-2.69421
 11
-2.56499
 21
-2.69588
  0
LINE
  8
0
 10
-2.56499
 20
-2.69588
 11
-2.56892
 21
-2.69739
  0
LINE
  8
0
 10
-2.56892
 20
-2.69739
 11
-2.57291
 21
-2.69873
  0
LINE
  8
0
 10
-2.57291
 20
-2.69873
 11
-2.57693
 21
-2.69991
  0
LINE
  8
0
 10
-2.57693
 20
-2.69991
 11
-2.58102
 21
-2.7009
  0
LINE
  8
0
 10
-2.58102
 20
-2.7009
 11
-2.58514
 21
-2.70174
  0
LINE
  8
0
 10
-2.58514
 20
-2.70174
 11
-2.58929
 21
-2.70239
  0
LINE
  8
0
 10
-2.58929
 20
-2.70239
 11
-2.59348
 21
-2.70287
  0
LINE
  8
0
 10
-2.59348
 20
-2.70287
 11
-2.59767
 21
-2.70319
  0
LINE
  8
0
 10
-2.59767
 20
-2.70319
 11
-2.60187
 21
-2.70331
  0
LINE
  8
0
 10
-2.60187
 20
-2.70331
 11
-2.60608
 21
-2.70326
  0
LINE
  8
0
 10
2.59767
 20
-2.70319
 11
2.59348
 21
-2.70287
  0
LINE
  8
0
 10
2.59348
 20
-2.70287
 11
2.58929
 21
-2.70239
  0
LINE
  8
0
 10
2.58929
 20
-2.70239
 11
2.58514
 21
-2.70174
  0
LINE
  8
0
 10
2.58514
 20
-2.70174
 11
2.58102
 21
-2.7009
  0
LINE
  8
0
 10
2.58102
 20
-2.7009
 11
2.57693
 21
-2.69991
  0
LINE
  8
0
 10
2.57693
 20
-2.69991
 11
2.57291
 21
-2.69873
  0
LINE
  8
0
 10
2.57291
 20
-2.69873
 11
2.56892
 21
-2.69739
  0
LINE
  8
0
 10
2.56892
 20
-2.69739
 11
2.56499
 21
-2.69588
  0
LINE
  8
0
 10
2.56499
 20
-2.69588
 11
2.56113
 21
-2.69421
  0
LINE
  8
0
 10
2.56113
 20
-2.69421
 11
2.55734
 21
-2.69238
  0
LINE
  8
0
 10
2.55734
 20
-2.69238
 11
2.55363
 21
-2.69038
  0
LINE
  8
0
 10
2.55363
 20
-2.69038
 11
2.55002
 21
-2.68825
  0
LINE
  8
0
 10
2.55002
 20
-2.68825
 11
2.54649
 21
-2.68596
  0
LINE
  8
0
 10
2.54649
 20
-2.68596
 11
2.54306
 21
-2.68352
  0
LINE
  8
0
 10
2.54306
 20
-2.68352
 11
2.53975
 21
-2.68094
  0
LINE
  8
0
 10
2.53975
 20
-2.68094
 11
2.53653
 21
-2.67824
  0
LINE
  8
0
 10
2.53653
 20
-2.67824
 11
2.53343
 21
-2.67538
  0
LINE
  8
0
 10
2.53343
 20
-2.67538
 11
2.53047
 21
-2.67241
  0
LINE
  8
0
 10
2.53047
 20
-2.67241
 11
2.52762
 21
-2.66931
  0
LINE
  8
0
 10
2.52762
 20
-2.66931
 11
2.5249
 21
-2.66611
  0
LINE
  8
0
 10
2.5249
 20
-2.66611
 11
2.52232
 21
-2.66278
  0
LINE
  8
0
 10
2.52232
 20
-2.66278
 11
2.5199
 21
-2.65935
  0
LINE
  8
0
 10
2.5199
 20
-2.65935
 11
2.51759
 21
-2.65582
  0
LINE
  8
0
 10
2.51759
 20
-2.65582
 11
2.51546
 21
-2.65221
  0
LINE
  8
0
 10
2.51546
 20
-2.65221
 11
2.51347
 21
-2.6485
  0
LINE
  8
0
 10
2.51347
 20
-2.6485
 11
2.51164
 21
-2.64471
  0
LINE
  8
0
 10
2.51164
 20
-2.64471
 11
2.50998
 21
-2.64085
  0
LINE
  8
0
 10
2.50998
 20
-2.64085
 11
2.50847
 21
-2.63693
  0
LINE
  8
0
 10
2.50847
 20
-2.63693
 11
2.50713
 21
-2.63295
  0
LINE
  8
0
 10
2.50713
 20
-2.63295
 11
2.50595
 21
-2.62891
  0
LINE
  8
0
 10
2.50595
 20
-2.62891
 11
2.50494
 21
-2.62483
  0
LINE
  8
0
 10
2.50494
 20
-2.62483
 11
2.50412
 21
-2.6207
  0
LINE
  8
0
 10
2.50412
 20
-2.6207
 11
2.50346
 21
-2.61655
  0
LINE
  8
0
 10
2.50346
 20
-2.61655
 11
2.50298
 21
-2.61237
  0
LINE
  8
0
 10
2.50298
 20
-2.61237
 11
2.50267
 21
-2.60818
  0
LINE
  8
0
 10
2.50267
 20
-2.60818
 11
2.50253
 21
-2.60397
  0
LINE
  8
0
 10
2.50253
 20
-2.60397
 11
2.50258
 21
-2.59978
  0
LINE
  8
0
 10
2.50258
 20
-2.59978
 11
2.50281
 21
-2.59557
  0
LINE
  8
0
 10
2.50281
 20
-2.59557
 11
2.50319
 21
-2.59138
  0
LINE
  8
0
 10
2.50319
 20
-2.59138
 11
2.50377
 21
-2.58722
  0
LINE
  8
0
 10
2.50377
 20
-2.58722
 11
2.50452
 21
-2.58308
  0
LINE
  8
0
 10
2.50452
 20
-2.58308
 11
2.50543
 21
-2.57898
  0
LINE
  8
0
 10
2.50543
 20
-2.57898
 11
2.50652
 21
-2.57492
  0
LINE
  8
0
 10
2.50652
 20
-2.57492
 11
2.50778
 21
-2.57091
  0
LINE
  8
0
 10
2.50778
 20
-2.57091
 11
2.5092
 21
-2.56694
  0
LINE
  8
0
 10
2.5092
 20
-2.56694
 11
2.51079
 21
-2.56305
  0
LINE
  8
0
 10
2.51079
 20
-2.56305
 11
2.51254
 21
-2.55923
  0
LINE
  8
0
 10
2.51254
 20
-2.55923
 11
2.51445
 21
-2.55548
  0
LINE
  8
0
 10
2.51445
 20
-2.55548
 11
2.51651
 21
-2.55182
  0
LINE
  8
0
 10
2.51651
 20
-2.55182
 11
2.51872
 21
-2.54825
  0
LINE
  8
0
 10
2.51872
 20
-2.54825
 11
2.52109
 21
-2.54477
  0
LINE
  8
0
 10
2.52109
 20
-2.54477
 11
2.52361
 21
-2.5414
  0
LINE
  8
0
 10
2.52361
 20
-2.5414
 11
2.52625
 21
-2.53813
  0
LINE
  8
0
 10
2.52625
 20
-2.53813
 11
2.52902
 21
-2.53497
  0
LINE
  8
0
 10
2.52902
 20
-2.53497
 11
2.53194
 21
-2.53194
  0
LINE
  8
0
 10
2.53194
 20
-2.53194
 11
2.53497
 21
-2.52902
  0
LINE
  8
0
 10
2.53497
 20
-2.52902
 11
2.53813
 21
-2.52625
  0
LINE
  8
0
 10
2.53813
 20
-2.52625
 11
2.5414
 21
-2.52361
  0
LINE
  8
0
 10
2.5414
 20
-2.52361
 11
2.54477
 21
-2.52109
  0
LINE
  8
0
 10
2.54477
 20
-2.52109
 11
2.54825
 21
-2.51872
  0
LINE
  8
0
 10
2.54825
 20
-2.51872
 11
2.55182
 21
-2.51651
  0
LINE
  8
0
 10
2.55182
 20
-2.51651
 11
2.55548
 21
-2.51445
  0
LINE
  8
0
 10
2.55548
 20
-2.51445
 11
2.55923
 21
-2.51254
  0
LINE
  8
0
 10
2.55923
 20
-2.51254
 11
2.56305
 21
-2.51079
  0
LINE
  8
0
 10
2.56305
 20
-2.51079
 11
2.56694
 21
-2.5092
  0
LINE
  8
0
 10
2.56694
 20
-2.5092
 11
2.57091
 21
-2.50778
  0
LINE
  8
0
 10
2.57091
 20
-2.50778
 11
2.57492
 21
-2.50652
  0
LINE
  8
0
 10
2.57492
 20
-2.50652
 11
2.57898
 21
-2.50543
  0
LINE
  8
0
 10
2.57898
 20
-2.50543
 11
2.58308
 21
-2.50452
  0
LINE
  8
0
 10
2.58308
 20
-2.50452
 11
2.58722
 21
-2.50377
  0
LINE
  8
0
 10
2.58722
 20
-2.50377
 11
2.59138
 21
-2.50319
  0
LINE
  8
0
 10
2.59138
 20
-2.50319
 11
2.59557
 21
-2.50281
  0
LINE
  8
0
 10
2.59557
 20
-2.50281
 11
2.59978
 21
-2.50258
  0
LINE
  8
0
 10
2.59978
 20
-2.50258
 11
2.60397
 21
-2.50253
  0
LINE
  8
0
 10
2.60397
 20
-2.50253
 11
2.60818
 21
-2.50267
  0
LINE
  8
0
 10
2.60818
 20
-2.50267
 11
2.61237
 21
-2.50298
  0
LINE
  8
0
 10
2.61237
 20
-2.50298
 11
2.61655
 21
-2.50346
  0
LINE
  8
0
 10
2.61655
 20
-2.50346
 11
2.6207
 21
-2.50412
  0
LINE
  8
0
 10
2.6207
 20
-2.50412
 11
2.62483
 21
-2.50494
  0
LINE
  8
0
 10
2.62483
 20
-2.50494
 11
2.62891
 21
-2.50595
  0
LINE
  8
0
 10
2.62891
 20
-2.50595
 11
2.63295
 21
-2.50713
  0
LINE
  8
0
 10
2.63295
 20
-2.50713
 11
2.63693
 21
-2.50847
  0
LINE
  8
0
 10
2.63693
 20
-2.50847
 11
2.64085
 21
-2.50998
  0
LINE
  8
0
 10
2.64085
 20
-2.50998
 11
2.64471
 21
-2.51164
  0
LINE
  8
0
 10
2.64471
 20
-2.51164
 11
2.6485
 21
-2.51347
  0
LINE
  8
0
 10
2.6485
 20
-2.51347
 11
2.65221
 21
-2.51546
  0
LINE
  8
0
 10
2.65221
 20
-2.51546
 11
2.65582
 21
-2.51759
  0
LINE
  8
0
 10
2.65582
 20
-2.51759
 11
2.65935
 21
-2.5199
  0
LINE
  8
0
 10
2.65935
 20
-2.5199
 11
2.66278
 21
-2.52232
  0
LINE
  8
0
 10
2.66278
 20
-2.52232
 11
2.66611
 21
-2.5249
  0
LINE
  8
0
 10
2.66611
 20
-2.5249
 11
2.66931
 21
-2.52762
  0
LINE
  8
0
 10
2.66931
 20
-2.52762
 11
2.67241
 21
-2.53047
  0
LINE
  8
0
 10
2.67241
 20
-2.53047
 11
2.67538
 21
-2.53343
  0
LINE
  8
0
 10
2.67538
 20
-2.53343
 11
2.67824
 21
-2.53653
  0
LINE
  8
0
 10
2.67824
 20
-2.53653
 11
2.68094
 21
-2.53975
  0
LINE
  8
0
 10
2.68094
 20
-2.53975
 11
2.68352
 21
-2.54306
  0
LINE
  8
0
 10
2.68352
 20
-2.54306
 11
2.68596
 21
-2.54649
  0
LINE
  8
0
 10
2.68596
 20
-2.54649
 11
2.68825
 21
-2.55002
  0
LINE
  8
0
 10
2.68825
 20
-2.55002
 11
2.69038
 21
-2.55363
  0
LINE
  8
0
 10
2.69038
 20
-2.55363
 11
2.69238
 21
-2.55734
  0
LINE
  8
0
 10
2.69238
 20
-2.55734
 11
2.69421
 21
-2.56113
  0
LINE
  8
0
 10
2.69421
 20
-2.56113
 11
2.69588
 21
-2.56499
  0
LINE
  8
0
 10
2.69588
 20
-2.56499
 11
2.69739
 21
-2.56892
  0
LINE
  8
0
 10
2.69739
 20
-2.56892
 11
2.69873
 21
-2.57291
  0
LINE
  8
0
 10
2.69873
 20
-2.57291
 11
2.69991
 21
-2.57693
  0
LINE
  8
0
 10
2.69991
 20
-2.57693
 11
2.7009
 21
-2.58102
  0
LINE
  8
0
 10
2.7009
 20
-2.58102
 11
2.70174
 21
-2.58514
  0
LINE
  8
0
 10
2.70174
 20
-2.58514
 11
2.70239
 21
-2.58929
  0
LINE
  8
0
 10
2.70239
 20
-2.58929
 11
2.70287
 21
-2.59348
  0
LINE
  8
0
 10
2.70287
 20
-2.59348
 11
2.70319
 21
-2.59767
  0
LINE
  8
0
 10
2.70319
 20
-2.59767
 11
2.70331
 21
-2.60187
  0
LINE
  8
0
 10
2.70331
 20
-2.60187
 11
2.70326
 21
-2.60608
  0
LINE
  8
0
 10
2.70326
 20
-2.60608
 11
2.70305
 21
-2.61028
  0
LINE
  8
0
 10
2.70305
 20
-2.61028
 11
2.70265
 21
-2.61446
  0
LINE
  8
0
 10
2.70265
 20
-2.61446
 11
2.70209
 21
-2.61864
  0
LINE
  8
0
 10
2.70209
 20
-2.61864
 11
2.70134
 21
-2.62277
  0
LINE
  8
0
 10
2.70134
 20
-2.62277
 11
2.70042
 21
-2.62688
  0
LINE
  8
0
 10
2.70042
 20
-2.62688
 11
2.69933
 21
-2.63094
  0
LINE
  8
0
 10
2.69933
 20
-2.63094
 11
2.69807
 21
-2.63495
  0
LINE
  8
0
 10
2.69807
 20
-2.63495
 11
2.69666
 21
-2.6389
  0
LINE
  8
0
 10
2.69666
 20
-2.6389
 11
2.69507
 21
-2.64279
  0
LINE
  8
0
 10
2.69507
 20
-2.64279
 11
2.69331
 21
-2.64662
  0
LINE
  8
0
 10
2.69331
 20
-2.64662
 11
2.69141
 21
-2.65036
  0
LINE
  8
0
 10
2.69141
 20
-2.65036
 11
2.68933
 21
-2.65402
  0
LINE
  8
0
 10
2.68933
 20
-2.65402
 11
2.68712
 21
-2.65761
  0
LINE
  8
0
 10
2.68712
 20
-2.65761
 11
2.68475
 21
-2.66109
  0
LINE
  8
0
 10
2.68475
 20
-2.66109
 11
2.68225
 21
-2.66446
  0
LINE
  8
0
 10
2.68225
 20
-2.66446
 11
2.67961
 21
-2.66772
  0
LINE
  8
0
 10
2.67961
 20
-2.66772
 11
2.67682
 21
-2.67088
  0
LINE
  8
0
 10
2.67682
 20
-2.67088
 11
2.67392
 21
-2.67392
  0
LINE
  8
0
 10
2.67392
 20
-2.67392
 11
2.67088
 21
-2.67682
  0
LINE
  8
0
 10
2.67088
 20
-2.67682
 11
2.66772
 21
-2.67961
  0
LINE
  8
0
 10
2.66772
 20
-2.67961
 11
2.66446
 21
-2.68225
  0
LINE
  8
0
 10
2.66446
 20
-2.68225
 11
2.66109
 21
-2.68475
  0
LINE
  8
0
 10
2.66109
 20
-2.68475
 11
2.65761
 21
-2.68712
  0
LINE
  8
0
 10
2.65761
 20
-2.68712
 11
2.65402
 21
-2.68933
  0
LINE
  8
0
 10
2.65402
 20
-2.68933
 11
2.65036
 21
-2.69141
  0
LINE
  8
0
 10
2.65036
 20
-2.69141
 11
2.64662
 21
-2.69331
  0
LINE
  8
0
 10
2.64662
 20
-2.69331
 11
2.64279
 21
-2.69507
  0
LINE
  8
0
 10
2.64279
 20
-2.69507
 11
2.6389
 21
-2.69666
  0
LINE
  8
0
 10
2.6389
 20
-2.69666
 11
2.63495
 21
-2.69807
  0
LINE
  8
0
 10
2.63495
 20
-2.69807
 11
2.63094
 21
-2.69933
  0
LINE
  8
0
 10
2.63094
 20
-2.69933
 11
2.62688
 21
-2.70042
  0
LINE
  8
0
 10
2.62688
 20
-2.70042
 11
2.62277
 21
-2.70134
  0
LINE
  8
0
 10
2.62277
 20
-2.70134
 11
2.61864
 21
-2.70209
  0
LINE
  8
0
 10
2.61864
 20
-2.70209
 11
2.61446
 21
-2.70265
  0
LINE
  8
0
 10
2.61446
 20
-2.70265
 11
2.61028
 21
-2.70305
  0
LINE
  8
0
 10
2.61028
 20
-2.70305
 11
2.60608
 21
-2.70326
  0
LINE
  8
0
 10
2.60608
 20
-2.70326
 11
2.60187
 21
-2.70331
  0
LINE
  8
0
 10
2.60187
 20
-2.70331
 11
2.59767
 21
-2.70319
  0
LINE
  8
0
 10
-0.00840759
 20
-3.30099
 11
-0.0167999
 21
-3.30048
  0
LINE
  8
0
 10
-0.0167999
 20
-3.30048
 11
-0.0251617
 21
-3.29959
  0
LINE
  8
0
 10
-0.0251617
 20
-3.29959
 11
-0.0334778
 21
-3.29836
  0
LINE
  8
0
 10
-0.0334778
 20
-3.29836
 11
-0.0417328
 21
-3.29678
  0
LINE
  8
0
 10
-0.0417328
 20
-3.29678
 11
-0.0499268
 21
-3.29486
  0
LINE
  8
0
 10
-0.0499268
 20
-3.29486
 11
-0.0580292
 21
-3.2926
  0
LINE
  8
0
 10
-0.0580292
 20
-3.2926
 11
-0.0660248
 21
-3.29001
  0
LINE
  8
0
 10
-0.0660248
 20
-3.29001
 11
-0.0739136
 21
-3.28708
  0
LINE
  8
0
 10
-0.0739136
 20
-3.28708
 11
-0.081665
 21
-3.28381
  0
LINE
  8
0
 10
-0.081665
 20
-3.28381
 11
-0.0892639
 21
-3.28023
  0
LINE
  8
0
 10
-0.0892639
 20
-3.28023
 11
-0.0967255
 21
-3.27634
  0
LINE
  8
0
 10
-0.0967255
 20
-3.27634
 11
-0.104004
 21
-3.27213
  0
LINE
  8
0
 10
-0.104004
 20
-3.27213
 11
-0.111115
 21
-3.26762
  0
LINE
  8
0
 10
-0.111115
 20
-3.26762
 11
-0.118011
 21
-3.26283
  0
LINE
  8
0
 10
-0.118011
 20
-3.26283
 11
-0.12471
 21
-3.25774
  0
LINE
  8
0
 10
-0.12471
 20
-3.25774
 11
-0.131195
 21
-3.25238
  0
LINE
  8
0
 10
-0.131195
 20
-3.25238
 11
-0.137436
 21
-3.24675
  0
LINE
  8
0
 10
-0.137436
 20
-3.24675
 11
-0.143448
 21
-3.24088
  0
LINE
  8
0
 10
-0.143448
 20
-3.24088
 11
-0.1492
 21
-3.23474
  0
LINE
  8
0
 10
-0.1492
 20
-3.23474
 11
-0.154709
 21
-3.22838
  0
LINE
  8
0
 10
-0.154709
 20
-3.22838
 11
-0.159927
 21
-3.22179
  0
LINE
  8
0
 10
-0.159927
 20
-3.22179
 11
-0.164871
 21
-3.21498
  0
LINE
  8
0
 10
-0.164871
 20
-3.21498
 11
-0.169525
 21
-3.20798
  0
LINE
  8
0
 10
-0.169525
 20
-3.20798
 11
-0.173874
 21
-3.20078
  0
LINE
  8
0
 10
-0.173874
 20
-3.20078
 11
-0.177933
 21
-3.19341
  0
LINE
  8
0
 10
-0.177933
 20
-3.19341
 11
-0.181671
 21
-3.18588
  0
LINE
  8
0
 10
-0.181671
 20
-3.18588
 11
-0.185089
 21
-3.17819
  0
LINE
  8
0
 10
-0.185089
 20
-3.17819
 11
-0.188187
 21
-3.17038
  0
LINE
  8
0
 10
-0.188187
 20
-3.17038
 11
-0.190948
 21
-3.16243
  0
LINE
  8
0
 10
-0.190948
 20
-3.16243
 11
-0.19339
 21
-3.15439
  0
LINE
  8
0
 10
-0.19339
 20
-3.15439
 11
-0.19548
 21
-3.14624
  0
LINE
  8
0
 10
-0.19548
 20
-3.14624
 11
-0.19722
 21
-3.13802
  0
LINE
  8
0
 10
-0.19722
 20
-3.13802
 11
-0.198624
 21
-3.12971
  0
LINE
  8
0
 10
-0.198624
 20
-3.12971
 11
-0.199677
 21
-3.12137
  0
LINE
  8
0
 10
-0.199677
 20
-3.12137
 11
-0.200378
 21
-3.11299
  0
LINE
  8
0
 10
-0.200378
 20
-3.11299
 11
-0.200729
 21
-3.10458
  0
LINE
  8
0
 10
-0.200729
 20
-3.10458
 11
-0.200729
 21
-3.09618
  0
LINE
  8
0
 10
-0.200729
 20
-3.09618
 11
-0.200378
 21
-3.08778
  0
LINE
  8
0
 10
-0.200378
 20
-3.08778
 11
-0.199677
 21
-3.07939
  0
LINE
  8
0
 10
-0.199677
 20
-3.07939
 11
-0.198624
 21
-3.07106
  0
LINE
  8
0
 10
-0.198624
 20
-3.07106
 11
-0.19722
 21
-3.06276
  0
LINE
  8
0
 10
-0.19722
 20
-3.06276
 11
-0.19548
 21
-3.05453
  0
LINE
  8
0
 10
-0.19548
 20
-3.05453
 11
-0.19339
 21
-3.04639
  0
LINE
  8
0
 10
-0.19339
 20
-3.04639
 11
-0.190948
 21
-3.03835
  0
LINE
  8
0
 10
-0.190948
 20
-3.03835
 11
-0.188187
 21
-3.0304
  0
LINE
  8
0
 10
-0.188187
 20
-3.0304
 11
-0.185089
 21
-3.02258
  0
LINE
  8
0
 10
-0.185089
 20
-3.02258
 11
-0.181671
 21
-3.01489
  0
LINE
  8
0
 10
-0.181671
 20
-3.01489
 11
-0.177933
 21
-3.00735
  0
LINE
  8
0
 10
-0.177933
 20
-3.00735
 11
-0.173874
 21
-2.99998
  0
LINE
  8
0
 10
-0.173874
 20
-2.99998
 11
-0.169525
 21
-2.9928
  0
LINE
  8
0
 10
-0.169525
 20
-2.9928
 11
-0.164871
 21
-2.98579
  0
LINE
  8
0
 10
-0.164871
 20
-2.98579
 11
-0.159927
 21
-2.97899
  0
LINE
  8
0
 10
-0.159927
 20
-2.97899
 11
-0.154709
 21
-2.9724
  0
LINE
  8
0
 10
-0.154709
 20
-2.9724
 11
-0.1492
 21
-2.96603
  0
LINE
  8
0
 10
-0.1492
 20
-2.96603
 11
-0.143448
 21
-2.9599
  0
LINE
  8
0
 10
-0.143448
 20
-2.9599
 11
-0.137436
 21
-2.95403
  0
LINE
  8
0
 10
-0.137436
 20
-2.95403
 11
-0.131195
 21
-2.94839
  0
LINE
  8
0
 10
-0.131195
 20
-2.94839
 11
-0.12471
 21
-2.94302
  0
LINE
  8
0
 10
-0.12471
 20
-2.94302
 11
-0.118011
 21
-2.93794
  0
LINE
  8
0
 10
-0.118011
 20
-2.93794
 11
-0.111115
 21
-2.93315
  0
LINE
  8
0
 10
-0.111115
 20
-2.93315
 11
-0.104004
 21
-2.92863
  0
LINE
  8
0
 10
-0.104004
 20
-2.92863
 11
-0.0967255
 21
-2.92444
  0
LINE
  8
0
 10
-0.0967255
 20
-2.92444
 11
-0.0892639
 21
-2.92053
  0
LINE
  8
0
 10
-0.0892639
 20
-2.92053
 11
-0.081665
 21
-2.91696
  0
LINE
  8
0
 10
-0.081665
 20
-2.91696
 11
-0.0739136
 21
-2.9137
  0
LINE
  8
0
 10
-0.0739136
 20
-2.9137
 11
-0.0660248
 21
-2.91077
  0
LINE
  8
0
 10
-0.0660248
 20
-2.91077
 11
-0.0580292
 21
-2.90817
  0
LINE
  8
0
 10
-0.0580292
 20
-2.90817
 11
-0.0499268
 21
-2.9059
  0
LINE
  8
0
 10
-0.0499268
 20
-2.9059
 11
-0.0417328
 21
-2.90399
  0
LINE
  8
0
 10
-0.0417328
 20
-2.90399
 11
-0.0334778
 21
-2.9024
  0
LINE
  8
0
 10
-0.0334778
 20
-2.9024
 11
-0.0251617
 21
-2.90118
  0
LINE
  8
0
 10
-0.0251617
 20
-2.90118
 11
-0.0167999
 21
-2.9003
  0
LINE
  8
0
 10
-0.0167999
 20
-2.9003
 11
-0.00840759
 21
-2.89978
  0
LINE
  8
0
 10
-0.00840759
 20
-2.89978
 11
0
 21
-2.8996
  0
LINE
  8
0
 10
0
 20
-2.8996
 11
0.00840759
 21
-2.89978
  0
LINE
  8
0
 10
0.00840759
 20
-2.89978
 11
0.0167999
 21
-2.9003
  0
LINE
  8
0
 10
0.0167999
 20
-2.9003
 11
0.0251617
 21
-2.90118
  0
LINE
  8
0
 10
0.0251617
 20
-2.90118
 11
0.0334778
 21
-2.9024
  0
LINE
  8
0
 10
0.0334778
 20
-2.9024
 11
0.0417328
 21
-2.90399
  0
LINE
  8
0
 10
0.0417328
 20
-2.90399
 11
0.0499268
 21
-2.9059
  0
LINE
  8
0
 10
0.0499268
 20
-2.9059
 11
0.0580292
 21
-2.90817
  0
LINE
  8
0
 10
0.0580292
 20
-2.90817
 11
0.0660248
 21
-2.91077
  0
LINE
  8
0
 10
0.0660248
 20
-2.91077
 11
0.0739136
 21
-2.9137
  0
LINE
  8
0
 10
0.0739136
 20
-2.9137
 11
0.081665
 21
-2.91696
  0
LINE
  8
0
 10
0.081665
 20
-2.91696
 11
0.0892639
 21
-2.92053
  0
LINE
  8
0
 10
0.0892639
 20
-2.92053
 11
0.0967255
 21
-2.92444
  0
LINE
  8
0
 10
0.0967255
 20
-2.92444
 11
0.104004
 21
-2.92863
  0
LINE
  8
0
 10
0.104004
 20
-2.92863
 11
0.111115
 21
-2.93315
  0
LINE
  8
0
 10
0.111115
 20
-2.93315
 11
0.118011
 21
-2.93794
  0
LINE
  8
0
 10
0.118011
 20
-2.93794
 11
0.12471
 21
-2.94302
  0
LINE
  8
0
 10
0.12471
 20
-2.94302
 11
0.131195
 21
-2.94839
  0
LINE
  8
0
 10
0.131195
 20
-2.94839
 11
0.137436
 21
-2.95403
  0
LINE
  8
0
 10
0.137436
 20
-2.95403
 11
0.143448
 21
-2.9599
  0
LINE
  8
0
 10
0.143448
 20
-2.9599
 11
0.1492
 21
-2.96603
  0
LINE
  8
0
 10
0.1492
 20
-2.96603
 11
0.154709
 21
-2.9724
  0
LINE
  8
0
 10
0.154709
 20
-2.9724
 11
0.159927
 21
-2.97899
  0
LINE
  8
0
 10
0.159927
 20
-2.97899
 11
0.164871
 21
-2.98579
  0
LINE
  8
0
 10
0.164871
 20
-2.98579
 11
0.169525
 21
-2.9928
  0
LINE
  8
0
 10
0.169525
 20
-2.9928
 11
0.173874
 21
-2.99998
  0
LINE
  8
0
 10
0.173874
 20
-2.99998
 11
0.177933
 21
-3.00735
  0
LINE
  8
0
 10
0.177933
 20
-3.00735
 11
0.181671
 21
-3.01489
  0
LINE
  8
0
 10
0.181671
 20
-3.01489
 11
0.185089
 21
-3.02258
  0
LINE
  8
0
 10
0.185089
 20
-3.02258
 11
0.188187
 21
-3.0304
  0
LINE
  8
0
 10
0.188187
 20
-3.0304
 11
0.190948
 21
-3.03835
  0
LINE
  8
0
 10
0.190948
 20
-3.03835
 11
0.19339
 21
-3.04639
  0
LINE
  8
0
 10
0.19339
 20
-3.04639
 11
0.19548
 21
-3.05453
  0
LINE
  8
0
 10
0.19548
 20
-3.05453
 11
0.19722
 21
-3.06276
  0
LINE
  8
0
 10
0.19722
 20
-3.06276
 11
0.198624
 21
-3.07106
  0
LINE
  8
0
 10
0.198624
 20
-3.07106
 11
0.199677
 21
-3.07939
  0
LINE
  8
0
 10
0.199677
 20
-3.07939
 11
0.200378
 21
-3.08778
  0
LINE
  8
0
 10
0.200378
 20
-3.08778
 11
0.200729
 21
-3.09618
  0
LINE
  8
0
 10
0.200729
 20
-3.09618
 11
0.200729
 21
-3.10458
  0
LINE
  8
0
 10
0.200729
 20
-3.10458
 11
0.200378
 21
-3.11299
  0
LINE
  8
0
 10
0.200378
 20
-3.11299
 11
0.199677
 21
-3.12137
  0
LINE
  8
0
 10
0.199677
 20
-3.12137
 11
0.198624
 21
-3.12971
  0
LINE
  8
0
 10
0.198624
 20
-3.12971
 11
0.19722
 21
-3.13802
  0
LINE
  8
0
 10
0.19722
 20
-3.13802
 11
0.19548
 21
-3.14624
  0
LINE
  8
0
 10
0.19548
 20
-3.14624
 11
0.19339
 21
-3.15439
  0
LINE
  8
0
 10
0.19339
 20
-3.15439
 11
0.190948
 21
-3.16243
  0
LINE
  8
0
 10
0.190948
 20
-3.16243
 11
0.188187
 21
-3.17038
  0
LINE
  8
0
 10
0.188187
 20
-3.17038
 11
0.185089
 21
-3.17819
  0
LINE
  8
0
 10
0.185089
 20
-3.17819
 11
0.181671
 21
-3.18588
  0
LINE
  8
0
 10
0.181671
 20
-3.18588
 11
0.177933
 21
-3.19341
  0
LINE
  8
0
 10
0.177933
 20
-3.19341
 11
0.173874
 21
-3.20078
  0
LINE
  8
0
 10
0.173874
 20
-3.20078
 11
0.169525
 21
-3.20798
  0
LINE
  8
0
 10
0.169525
 20
-3.20798
 11
0.164871
 21
-3.21498
  0
LINE
  8
0
 10
0.164871
 20
-3.21498
 11
0.159927
 21
-3.22179
  0
LINE
  8
0
 10
0.159927
 20
-3.22179
 11
0.154709
 21
-3.22838
  0
LINE
  8
0
 10
0.154709
 20
-3.22838
 11
0.1492
 21
-3.23474
  0
LINE
  8
0
 10
0.1492
 20
-3.23474
 11
0.143448
 21
-3.24088
  0
LINE
  8
0
 10
0.143448
 20
-3.24088
 11
0.137436
 21
-3.24675
  0
LINE
  8
0
 10
0.137436
 20
-3.24675
 11
0.131195
 21
-3.25238
  0
LINE
  8
0
 10
0.131195
 20
-3.25238
 11
0.12471
 21
-3.25774
  0
LINE
  8
0
 10
0.12471
 20
-3.25774
 11
0.118011
 21
-3.26283
  0
LINE
  8
0
 10
0.118011
 20
-3.26283
 11
0.111115
 21
-3.26762
  0
LINE
  8
0
 10
0.111115
 20
-3.26762
 11
0.104004
 21
-3.27213
  0
LINE
  8
0
 10
0.104004
 20
-3.27213
 11
0.0967255
 21
-3.27634
  0
LINE
  8
0
 10
0.0967255
 20
-3.27634
 11
0.0892639
 21
-3.28023
  0
LINE
  8
0
 10
0.0892639
 20
-3.28023
 11
0.081665
 21
-3.28381
  0
LINE
  8
0
 10
0.081665
 20
-3.28381
 11
0.0739136
 21
-3.28708
  0
LINE
  8
0
 10
0.0739136
 20
-3.28708
 11
0.0660248
 21
-3.29001
  0
LINE
  8
0
 10
0.0660248
 20
-3.29001
 11
0.0580292
 21
-3.2926
  0
LINE
  8
0
 10
0.0580292
 20
-3.2926
 11
0.0499268
 21
-3.29486
  0
LINE
  8
0
 10
0.0499268
 20
-3.29486
 11
0.0417328
 21
-3.29678
  0
LINE
  8
0
 10
0.0417328
 20
-3.29678
 11
0.0334778
 21
-3.29836
  0
LINE
  8
0
 10
0.0334778
 20
-3.29836
 11
0.0251617
 21
-3.29959
  0
LINE
  8
0
 10
0.0251617
 20
-3.29959
 11
0.0167999
 21
-3.30048
  0
LINE
  8
0
 10
0.0167999
 20
-3.30048
 11
0.00840759
 21
-3.30099
  0
LINE
  8
0
 10
0.00840759
 20
-3.30099
 11
0
 21
-3.30118
  0
LINE
  8
0
 10
0
 20
-3.30118
 11
-0.00840759
 21
-3.30099
  0
LINE
  8
0
 10
-0.00840759
 20
-3.8817
 11
-0.0167999
 21
-3.88118
  0
LINE
  8
0
 10
-0.0167999
 20
-3.88118
 11
-0.0251617
 21
-3.88029
  0
LINE
  8
0
 10
-0.0251617
 20
-3.88029
 11
-0.0334778
 21
-3.87907
  0
LINE
  8
0
 10
-0.0334778
 20
-3.87907
 11
-0.0417328
 21
-3.87749
  0
LINE
  8
0
 10
-0.0417328
 20
-3.87749
 11
-0.0499268
 21
-3.87558
  0
LINE
  8
0
 10
-0.0499268
 20
-3.87558
 11
-0.0580292
 21
-3.87331
  0
LINE
  8
0
 10
-0.0580292
 20
-3.87331
 11
-0.0660248
 21
-3.87071
  0
LINE
  8
0
 10
-0.0660248
 20
-3.87071
 11
-0.0739136
 21
-3.86778
  0
LINE
  8
0
 10
-0.0739136
 20
-3.86778
 11
-0.081665
 21
-3.86452
  0
LINE
  8
0
 10
-0.081665
 20
-3.86452
 11
-0.0892639
 21
-3.86095
  0
LINE
  8
0
 10
-0.0892639
 20
-3.86095
 11
-0.0967255
 21
-3.85704
  0
LINE
  8
0
 10
-0.0967255
 20
-3.85704
 11
-0.104004
 21
-3.85284
  0
LINE
  8
0
 10
-0.104004
 20
-3.85284
 11
-0.111099
 21
-3.84833
  0
LINE
  8
0
 10
-0.111099
 20
-3.84833
 11
-0.118011
 21
-3.84354
  0
LINE
  8
0
 10
-0.118011
 20
-3.84354
 11
-0.12471
 21
-3.83846
  0
LINE
  8
0
 10
-0.12471
 20
-3.83846
 11
-0.131195
 21
-3.83308
  0
LINE
  8
0
 10
-0.131195
 20
-3.83308
 11
-0.137436
 21
-3.82747
  0
LINE
  8
0
 10
-0.137436
 20
-3.82747
 11
-0.143448
 21
-3.82158
  0
LINE
  8
0
 10
-0.143448
 20
-3.82158
 11
-0.1492
 21
-3.81544
  0
LINE
  8
0
 10
-0.1492
 20
-3.81544
 11
-0.154709
 21
-3.80908
  0
LINE
  8
0
 10
-0.154709
 20
-3.80908
 11
-0.159927
 21
-3.80249
  0
LINE
  8
0
 10
-0.159927
 20
-3.80249
 11
-0.164871
 21
-3.79568
  0
LINE
  8
0
 10
-0.164871
 20
-3.79568
 11
-0.169525
 21
-3.78868
  0
LINE
  8
0
 10
-0.169525
 20
-3.78868
 11
-0.173874
 21
-3.78149
  0
LINE
  8
0
 10
-0.173874
 20
-3.78149
 11
-0.177933
 21
-3.77412
  0
LINE
  8
0
 10
-0.177933
 20
-3.77412
 11
-0.181671
 21
-3.76659
  0
LINE
  8
0
 10
-0.181671
 20
-3.76659
 11
-0.185089
 21
-3.7589
  0
LINE
  8
0
 10
-0.185089
 20
-3.7589
 11
-0.188187
 21
-3.75108
  0
LINE
  8
0
 10
-0.188187
 20
-3.75108
 11
-0.190948
 21
-3.74313
  0
LINE
  8
0
 10
-0.190948
 20
-3.74313
 11
-0.19339
 21
-3.73509
  0
LINE
  8
0
 10
-0.19339
 20
-3.73509
 11
-0.19548
 21
-3.72694
  0
LINE
  8
0
 10
-0.19548
 20
-3.72694
 11
-0.19722
 21
-3.71872
  0
LINE
  8
0
 10
-0.19722
 20
-3.71872
 11
-0.198624
 21
-3.71042
  0
LINE
  8
0
 10
-0.198624
 20
-3.71042
 11
-0.199677
 21
-3.70209
  0
LINE
  8
0
 10
-0.199677
 20
-3.70209
 11
-0.200378
 21
-3.6937
  0
LINE
  8
0
 10
-0.200378
 20
-3.6937
 11
-0.200729
 21
-3.6853
  0
LINE
  8
0
 10
-0.200729
 20
-3.6853
 11
-0.200729
 21
-3.6769
  0
LINE
  8
0
 10
-0.200729
 20
-3.6769
 11
-0.200378
 21
-3.66849
  0
LINE
  8
0
 10
-0.200378
 20
-3.66849
 11
-0.199677
 21
-3.66011
  0
LINE
  8
0
 10
-0.199677
 20
-3.66011
 11
-0.198624
 21
-3.65176
  0
LINE
  8
0
 10
-0.198624
 20
-3.65176
 11
-0.19722
 21
-3.64348
  0
LINE
  8
0
 10
-0.19722
 20
-3.64348
 11
-0.19548
 21
-3.63524
  0
LINE
  8
0
 10
-0.19548
 20
-3.63524
 11
-0.19339
 21
-3.62711
  0
LINE
  8
0
 10
-0.19339
 20
-3.62711
 11
-0.190948
 21
-3.61905
  0
LINE
  8
0
 10
-0.190948
 20
-3.61905
 11
-0.188187
 21
-3.6111
  0
LINE
  8
0
 10
-0.188187
 20
-3.6111
 11
-0.185089
 21
-3.60329
  0
LINE
  8
0
 10
-0.185089
 20
-3.60329
 11
-0.181671
 21
-3.5956
  0
LINE
  8
0
 10
-0.181671
 20
-3.5956
 11
-0.177933
 21
-3.58807
  0
LINE
  8
0
 10
-0.177933
 20
-3.58807
 11
-0.173874
 21
-3.5807
  0
LINE
  8
0
 10
-0.173874
 20
-3.5807
 11
-0.169525
 21
-3.5735
  0
LINE
  8
0
 10
-0.169525
 20
-3.5735
 11
-0.164871
 21
-3.5665
  0
LINE
  8
0
 10
-0.164871
 20
-3.5665
 11
-0.159927
 21
-3.55969
  0
LINE
  8
0
 10
-0.159927
 20
-3.55969
 11
-0.154709
 21
-3.5531
  0
LINE
  8
0
 10
-0.154709
 20
-3.5531
 11
-0.1492
 21
-3.54674
  0
LINE
  8
0
 10
-0.1492
 20
-3.54674
 11
-0.143448
 21
-3.5406
  0
LINE
  8
0
 10
-0.143448
 20
-3.5406
 11
-0.137436
 21
-3.53473
  0
LINE
  8
0
 10
-0.137436
 20
-3.53473
 11
-0.131195
 21
-3.5291
  0
LINE
  8
0
 10
-0.131195
 20
-3.5291
 11
-0.12471
 21
-3.52374
  0
LINE
  8
0
 10
-0.12471
 20
-3.52374
 11
-0.118011
 21
-3.51865
  0
LINE
  8
0
 10
-0.118011
 20
-3.51865
 11
-0.111099
 21
-3.51385
  0
LINE
  8
0
 10
-0.111099
 20
-3.51385
 11
-0.104004
 21
-3.50935
  0
LINE
  8
0
 10
-0.104004
 20
-3.50935
 11
-0.0967255
 21
-3.50514
  0
LINE
  8
0
 10
-0.0967255
 20
-3.50514
 11
-0.0892639
 21
-3.50125
  0
LINE
  8
0
 10
-0.0892639
 20
-3.50125
 11
-0.081665
 21
-3.49767
  0
LINE
  8
0
 10
-0.081665
 20
-3.49767
 11
-0.0739136
 21
-3.4944
  0
LINE
  8
0
 10
-0.0739136
 20
-3.4944
 11
-0.0660248
 21
-3.49147
  0
LINE
  8
0
 10
-0.0660248
 20
-3.49147
 11
-0.0580292
 21
-3.48888
  0
LINE
  8
0
 10
-0.0580292
 20
-3.48888
 11
-0.0499268
 21
-3.48662
  0
LINE
  8
0
 10
-0.0499268
 20
-3.48662
 11
-0.0417328
 21
-3.4847
  0
LINE
  8
0
 10
-0.0417328
 20
-3.4847
 11
-0.0334778
 21
-3.48312
  0
LINE
  8
0
 10
-0.0334778
 20
-3.48312
 11
-0.0251617
 21
-3.48189
  0
LINE
  8
0
 10
-0.0251617
 20
-3.48189
 11
-0.0167999
 21
-3.48102
  0
LINE
  8
0
 10
-0.0167999
 20
-3.48102
 11
-0.00840759
 21
-3.48048
  0
LINE
  8
0
 10
-0.00840759
 20
-3.48048
 11
0
 21
-3.4803
  0
LINE
  8
0
 10
0
 20
-3.4803
 11
0.00840759
 21
-3.48048
  0
LINE
  8
0
 10
0.00840759
 20
-3.48048
 11
0.0167999
 21
-3.48102
  0
LINE
  8
0
 10
0.0167999
 20
-3.48102
 11
0.0251617
 21
-3.48189
  0
LINE
  8
0
 10
0.0251617
 20
-3.48189
 11
0.0334778
 21
-3.48312
  0
LINE
  8
0
 10
0.0334778
 20
-3.48312
 11
0.0417328
 21
-3.4847
  0
LINE
  8
0
 10
0.0417328
 20
-3.4847
 11
0.0499268
 21
-3.48662
  0
LINE
  8
0
 10
0.0499268
 20
-3.48662
 11
0.0580292
 21
-3.48888
  0
LINE
  8
0
 10
0.0580292
 20
-3.48888
 11
0.0660248
 21
-3.49147
  0
LINE
  8
0
 10
0.0660248
 20
-3.49147
 11
0.0739136
 21
-3.4944
  0
LINE
  8
0
 10
0.0739136
 20
-3.4944
 11
0.081665
 21
-3.49767
  0
LINE
  8
0
 10
0.081665
 20
-3.49767
 11
0.0892639
 21
-3.50125
  0
LINE
  8
0
 10
0.0892639
 20
-3.50125
 11
0.0967255
 21
-3.50514
  0
LINE
  8
0
 10
0.0967255
 20
-3.50514
 11
0.104004
 21
-3.50935
  0
LINE
  8
0
 10
0.104004
 20
-3.50935
 11
0.111099
 21
-3.51385
  0
LINE
  8
0
 10
0.111099
 20
-3.51385
 11
0.118011
 21
-3.51865
  0
LINE
  8
0
 10
0.118011
 20
-3.51865
 11
0.12471
 21
-3.52374
  0
LINE
  8
0
 10
0.12471
 20
-3.52374
 11
0.131195
 21
-3.5291
  0
LINE
  8
0
 10
0.131195
 20
-3.5291
 11
0.137436
 21
-3.53473
  0
LINE
  8
0
 10
0.137436
 20
-3.53473
 11
0.143448
 21
-3.5406
  0
LINE
  8
0
 10
0.143448
 20
-3.5406
 11
0.1492
 21
-3.54674
  0
LINE
  8
0
 10
0.1492
 20
-3.54674
 11
0.154709
 21
-3.5531
  0
LINE
  8
0
 10
0.154709
 20
-3.5531
 11
0.159927
 21
-3.55969
  0
LINE
  8
0
 10
0.159927
 20
-3.55969
 11
0.164871
 21
-3.5665
  0
LINE
  8
0
 10
0.164871
 20
-3.5665
 11
0.169525
 21
-3.5735
  0
LINE
  8
0
 10
0.169525
 20
-3.5735
 11
0.173874
 21
-3.5807
  0
LINE
  8
0
 10
0.173874
 20
-3.5807
 11
0.177933
 21
-3.58807
  0
LINE
  8
0
 10
0.177933
 20
-3.58807
 11
0.181671
 21
-3.5956
  0
LINE
  8
0
 10
0.181671
 20
-3.5956
 11
0.185089
 21
-3.60329
  0
LINE
  8
0
 10
0.185089
 20
-3.60329
 11
0.188187
 21
-3.6111
  0
LINE
  8
0
 10
0.188187
 20
-3.6111
 11
0.190948
 21
-3.61905
  0
LINE
  8
0
 10
0.190948
 20
-3.61905
 11
0.19339
 21
-3.62711
  0
LINE
  8
0
 10
0.19339
 20
-3.62711
 11
0.19548
 21
-3.63524
  0
LINE
  8
0
 10
0.19548
 20
-3.63524
 11
0.19722
 21
-3.64348
  0
LINE
  8
0
 10
0.19722
 20
-3.64348
 11
0.198624
 21
-3.65176
  0
LINE
  8
0
 10
0.198624
 20
-3.65176
 11
0.199677
 21
-3.66011
  0
LINE
  8
0
 10
0.199677
 20
-3.66011
 11
0.200378
 21
-3.66849
  0
LINE
  8
0
 10
0.200378
 20
-3.66849
 11
0.200729
 21
-3.6769
  0
LINE
  8
0
 10
0.200729
 20
-3.6769
 11
0.200729
 21
-3.6853
  0
LINE
  8
0
 10
0.200729
 20
-3.6853
 11
0.200378
 21
-3.6937
  0
LINE
  8
0
 10
0.200378
 20
-3.6937
 11
0.199677
 21
-3.70209
  0
LINE
  8
0
 10
0.199677
 20
-3.70209
 11
0.198624
 21
-3.71042
  0
LINE
  8
0
 10
0.198624
 20
-3.71042
 11
0.19722
 21
-3.71872
  0
LINE
  8
0
 10
0.19722
 20
-3.71872
 11
0.19548
 21
-3.72694
  0
LINE
  8
0
 10
0.19548
 20
-3.72694
 11
0.19339
 21
-3.73509
  0
LINE
  8
0
 10
0.19339
 20
-3.73509
 11
0.190948
 21
-3.74313
  0
LINE
  8
0
 10
0.190948
 20
-3.74313
 11
0.188187
 21
-3.75108
  0
LINE
  8
0
 10
0.188187
 20
-3.75108
 11
0.185089
 21
-3.7589
  0
LINE
  8
0
 10
0.185089
 20
-3.7589
 11
0.181671
 21
-3.76659
  0
LINE
  8
0
 10
0.181671
 20
-3.76659
 11
0.177933
 21
-3.77412
  0
LINE
  8
0
 10
0.177933
 20
-3.77412
 11
0.173874
 21
-3.78149
  0
LINE
  8
0
 10
0.173874
 20
-3.78149
 11
0.169525
 21
-3.78868
  0
LINE
  8
0
 10
0.169525
 20
-3.78868
 11
0.164871
 21
-3.79568
  0
LINE
  8
0
 10
0.164871
 20
-3.79568
 11
0.159927
 21
-3.80249
  0
LINE
  8
0
 10
0.159927
 20
-3.80249
 11
0.154709
 21
-3.80908
  0
LINE
  8
0
 10
0.154709
 20
-3.80908
 11
0.1492
 21
-3.81544
  0
LINE
  8
0
 10
0.1492
 20
-3.81544
 11
0.143448
 21
-3.82158
  0
LINE
  8
0
 10
0.143448
 20
-3.82158
 11
0.137436
 21
-3.82747
  0
LINE
  8
0
 10
0.137436
 20
-3.82747
 11
0.131195
 21
-3.83308
  0
LINE
  8
0
 10
0.131195
 20
-3.83308
 11
0.12471
 21
-3.83846
  0
LINE
  8
0
 10
0.12471
 20
-3.83846
 11
0.118011
 21
-3.84354
  0
LINE
  8
0
 10
0.118011
 20
-3.84354
 11
0.111099
 21
-3.84833
  0
LINE
  8
0
 10
0.111099
 20
-3.84833
 11
0.104004
 21
-3.85284
  0
LINE
  8
0
 10
0.104004
 20
-3.85284
 11
0.0967255
 21
-3.85704
  0
LINE
  8
0
 10
0.0967255
 20
-3.85704
 11
0.0892639
 21
-3.86095
  0
LINE
  8
0
 10
0.0892639
 20
-3.86095
 11
0.081665
 21
-3.86452
  0
LINE
  8
0
 10
0.081665
 20
-3.86452
 11
0.0739136
 21
-3.86778
  0
LINE
  8
0
 10
0.0739136
 20
-3.86778
 11
0.0660248
 21
-3.87071
  0
LINE
  8
0
 10
0.0660248
 20
-3.87071
 11
0.0580292
 21
-3.87331
  0
LINE
  8
0
 10
0.0580292
 20
-3.87331
 11
0.0499268
 21
-3.87558
  0
LINE
  8
0
 10
0.0499268
 20
-3.87558
 11
0.0417328
 21
-3.87749
  0
LINE
  8
0
 10
0.0417328
 20
-3.87749
 11
0.0334778
 21
-3.87907
  0
LINE
  8
0
 10
0.0334778
 20
-3.87907
 11
0.0251617
 21
-3.88029
  0
LINE
  8
0
 10
0.0251617
 20
-3.88029
 11
0.0167999
 21
-3.88118
  0
LINE
  8
0
 10
0.0167999
 20
-3.88118
 11
0.00840759
 21
-3.8817
  0
LINE
  8
0
 10
0.00840759
 20
-3.8817
 11
0
 21
-3.88188
  0
LINE
  8
0
 10
0
 20
-3.88188
 11
-0.00840759
 21
-3.8817
  0
LINE
  8
0
 10
-3.54674
 20
0.1492
 11
-3.5406
 21
0.143448
  0
LINE
  8
0
 10
-3.5406
 20
0.143448
 11
-3.53473
 21
0.137436
  0
LINE
  8
0
 10
-3.53473
 20
0.137436
 11
-3.5291
 21
0.131195
  0
LINE
  8
0
 10
-3.5291
 20
0.131195
 11
-3.52374
 21
0.12471
  0
LINE
  8
0
 10
-3.52374
 20
0.12471
 11
-3.51865
 21
0.118011
  0
LINE
  8
0
 10
-3.51865
 20
0.118011
 11
-3.51385
 21
0.111099
  0
LINE
  8
0
 10
-3.51385
 20
0.111099
 11
-3.50935
 21
0.104004
  0
LINE
  8
0
 10
-3.50935
 20
0.104004
 11
-3.50514
 21
0.0967255
  0
LINE
  8
0
 10
-3.50514
 20
0.0967255
 11
-3.50125
 21
0.0892639
  0
LINE
  8
0
 10
-3.50125
 20
0.0892639
 11
-3.49767
 21
0.081665
  0
LINE
  8
0
 10
-3.49767
 20
0.081665
 11
-3.4944
 21
0.0739136
  0
LINE
  8
0
 10
-3.4944
 20
0.0739136
 11
-3.49147
 21
0.0660248
  0
LINE
  8
0
 10
-3.49147
 20
0.0660248
 11
-3.48888
 21
0.0580292
  0
LINE
  8
0
 10
-3.48888
 20
0.0580292
 11
-3.48662
 21
0.0499268
  0
LINE
  8
0
 10
-3.48662
 20
0.0499268
 11
-3.4847
 21
0.0417328
  0
LINE
  8
0
 10
-3.4847
 20
0.0417328
 11
-3.48312
 21
0.0334778
  0
LINE
  8
0
 10
-3.48312
 20
0.0334778
 11
-3.48189
 21
0.0251617
  0
LINE
  8
0
 10
-3.48189
 20
0.0251617
 11
-3.48102
 21
0.0167999
  0
LINE
  8
0
 10
-3.48102
 20
0.0167999
 11
-3.48048
 21
0.00840759
  0
LINE
  8
0
 10
-3.48048
 20
0.00840759
 11
-3.4803
 21
0
  0
LINE
  8
0
 10
-3.4803
 20
0
 11
-3.48048
 21
-0.00840759
  0
LINE
  8
0
 10
-3.48048
 20
-0.00840759
 11
-3.48102
 21
-0.0167999
  0
LINE
  8
0
 10
-3.48102
 20
-0.0167999
 11
-3.48189
 21
-0.0251617
  0
LINE
  8
0
 10
-3.48189
 20
-0.0251617
 11
-3.48312
 21
-0.0334778
  0
LINE
  8
0
 10
-3.48312
 20
-0.0334778
 11
-3.4847
 21
-0.0417328
  0
LINE
  8
0
 10
-3.4847
 20
-0.0417328
 11
-3.48662
 21
-0.0499268
  0
LINE
  8
0
 10
-3.48662
 20
-0.0499268
 11
-3.48888
 21
-0.0580292
  0
LINE
  8
0
 10
-3.48888
 20
-0.0580292
 11
-3.49147
 21
-0.0660248
  0
LINE
  8
0
 10
-3.49147
 20
-0.0660248
 11
-3.4944
 21
-0.0739136
  0
LINE
  8
0
 10
-3.4944
 20
-0.0739136
 11
-3.49767
 21
-0.081665
  0
LINE
  8
0
 10
-3.49767
 20
-0.081665
 11
-3.50125
 21
-0.0892639
  0
LINE
  8
0
 10
-3.50125
 20
-0.0892639
 11
-3.50514
 21
-0.0967255
  0
LINE
  8
0
 10
-3.50514
 20
-0.0967255
 11
-3.50935
 21
-0.104004
  0
LINE
  8
0
 10
-3.50935
 20
-0.104004
 11
-3.51385
 21
-0.111099
  0
LINE
  8
0
 10
-3.51385
 20
-0.111099
 11
-3.51865
 21
-0.118011
  0
LINE
  8
0
 10
-3.51865
 20
-0.118011
 11
-3.52374
 21
-0.12471
  0
LINE
  8
0
 10
-3.52374
 20
-0.12471
 11
-3.5291
 21
-0.131195
  0
LINE
  8
0
 10
-3.5291
 20
-0.131195
 11
-3.53473
 21
-0.137436
  0
LINE
  8
0
 10
-3.53473
 20
-0.137436
 11
-3.5406
 21
-0.143448
  0
LINE
  8
0
 10
-3.5406
 20
-0.143448
 11
-3.54674
 21
-0.1492
  0
LINE
  8
0
 10
-3.54674
 20
-0.1492
 11
-3.5531
 21
-0.154709
  0
LINE
  8
0
 10
-3.5531
 20
-0.154709
 11
-3.55969
 21
-0.159927
  0
LINE
  8
0
 10
-3.55969
 20
-0.159927
 11
-3.5665
 21
-0.164871
  0
LINE
  8
0
 10
-3.5665
 20
-0.164871
 11
-3.5735
 21
-0.169525
  0
LINE
  8
0
 10
-3.5735
 20
-0.169525
 11
-3.5807
 21
-0.173874
  0
LINE
  8
0
 10
-3.5807
 20
-0.173874
 11
-3.58807
 21
-0.177933
  0
LINE
  8
0
 10
-3.58807
 20
-0.177933
 11
-3.5956
 21
-0.181671
  0
LINE
  8
0
 10
-3.5956
 20
-0.181671
 11
-3.60329
 21
-0.185089
  0
LINE
  8
0
 10
-3.60329
 20
-0.185089
 11
-3.6111
 21
-0.188187
  0
LINE
  8
0
 10
-3.6111
 20
-0.188187
 11
-3.61905
 21
-0.190948
  0
LINE
  8
0
 10
-3.61905
 20
-0.190948
 11
-3.62711
 21
-0.19339
  0
LINE
  8
0
 10
-3.62711
 20
-0.19339
 11
-3.63524
 21
-0.19548
  0
LINE
  8
0
 10
-3.63524
 20
-0.19548
 11
-3.64348
 21
-0.19722
  0
LINE
  8
0
 10
-3.64348
 20
-0.19722
 11
-3.65176
 21
-0.198624
  0
LINE
  8
0
 10
-3.65176
 20
-0.198624
 11
-3.66011
 21
-0.199677
  0
LINE
  8
0
 10
-3.66011
 20
-0.199677
 11
-3.66849
 21
-0.200378
  0
LINE
  8
0
 10
-3.66849
 20
-0.200378
 11
-3.6769
 21
-0.200729
  0
LINE
  8
0
 10
-3.6769
 20
-0.200729
 11
-3.6853
 21
-0.200729
  0
LINE
  8
0
 10
-3.6853
 20
-0.200729
 11
-3.6937
 21
-0.200378
  0
LINE
  8
0
 10
-3.6937
 20
-0.200378
 11
-3.70209
 21
-0.199677
  0
LINE
  8
0
 10
-3.70209
 20
-0.199677
 11
-3.71042
 21
-0.198624
  0
LINE
  8
0
 10
-3.71042
 20
-0.198624
 11
-3.71872
 21
-0.19722
  0
LINE
  8
0
 10
-3.71872
 20
-0.19722
 11
-3.72694
 21
-0.19548
  0
LINE
  8
0
 10
-3.72694
 20
-0.19548
 11
-3.73509
 21
-0.19339
  0
LINE
  8
0
 10
-3.73509
 20
-0.19339
 11
-3.74313
 21
-0.190948
  0
LINE
  8
0
 10
-3.74313
 20
-0.190948
 11
-3.75108
 21
-0.188187
  0
LINE
  8
0
 10
-3.75108
 20
-0.188187
 11
-3.7589
 21
-0.185089
  0
LINE
  8
0
 10
-3.7589
 20
-0.185089
 11
-3.76659
 21
-0.181671
  0
LINE
  8
0
 10
-3.76659
 20
-0.181671
 11
-3.77412
 21
-0.177933
  0
LINE
  8
0
 10
-3.77412
 20
-0.177933
 11
-3.78149
 21
-0.173874
  0
LINE
  8
0
 10
-3.78149
 20
-0.173874
 11
-3.78868
 21
-0.169525
  0
LINE
  8
0
 10
-3.78868
 20
-0.169525
 11
-3.79568
 21
-0.164871
  0
LINE
  8
0
 10
-3.79568
 20
-0.164871
 11
-3.80249
 21
-0.159927
  0
LINE
  8
0
 10
-3.80249
 20
-0.159927
 11
-3.80908
 21
-0.154709
  0
LINE
  8
0
 10
-3.80908
 20
-0.154709
 11
-3.81544
 21
-0.1492
  0
LINE
  8
0
 10
-3.81544
 20
-0.1492
 11
-3.82158
 21
-0.143448
  0
LINE
  8
0
 10
-3.82158
 20
-0.143448
 11
-3.82747
 21
-0.137436
  0
LINE
  8
0
 10
-3.82747
 20
-0.137436
 11
-3.83308
 21
-0.131195
  0
LINE
  8
0
 10
-3.83308
 20
-0.131195
 11
-3.83846
 21
-0.12471
  0
LINE
  8
0
 10
-3.83846
 20
-0.12471
 11
-3.84354
 21
-0.118011
  0
LINE
  8
0
 10
-3.84354
 20
-0.118011
 11
-3.84833
 21
-0.111099
  0
LINE
  8
0
 10
-3.84833
 20
-0.111099
 11
-3.85284
 21
-0.104004
  0
LINE
  8
0
 10
-3.85284
 20
-0.104004
 11
-3.85704
 21
-0.0967255
  0
LINE
  8
0
 10
-3.85704
 20
-0.0967255
 11
-3.86095
 21
-0.0892639
  0
LINE
  8
0
 10
-3.86095
 20
-0.0892639
 11
-3.86452
 21
-0.081665
  0
LINE
  8
0
 10
-3.86452
 20
-0.081665
 11
-3.86778
 21
-0.0739136
  0
LINE
  8
0
 10
-3.86778
 20
-0.0739136
 11
-3.87071
 21
-0.0660248
  0
LINE
  8
0
 10
-3.87071
 20
-0.0660248
 11
-3.87331
 21
-0.0580292
  0
LINE
  8
0
 10
-3.87331
 20
-0.0580292
 11
-3.87558
 21
-0.0499268
  0
LINE
  8
0
 10
-3.87558
 20
-0.0499268
 11
-3.87749
 21
-0.0417328
  0
LINE
  8
0
 10
-3.87749
 20
-0.0417328
 11
-3.87907
 21
-0.0334778
  0
LINE
  8
0
 10
-3.87907
 20
-0.0334778
 11
-3.88029
 21
-0.0251617
  0
LINE
  8
0
 10
-3.88029
 20
-0.0251617
 11
-3.88118
 21
-0.0167999
  0
LINE
  8
0
 10
-3.88118
 20
-0.0167999
 11
-3.8817
 21
-0.00840759
  0
LINE
  8
0
 10
-3.8817
 20
-0.00840759
 11
-3.88188
 21
0
  0
LINE
  8
0
 10
-3.88188
 20
0
 11
-3.8817
 21
0.00840759
  0
LINE
  8
0
 10
-3.8817
 20
0.00840759
 11
-3.88118
 21
0.0167999
  0
LINE
  8
0
 10
-3.88118
 20
0.0167999
 11
-3.88029
 21
0.0251617
  0
LINE
  8
0
 10
-3.88029
 20
0.0251617
 11
-3.87907
 21
0.0334778
  0
LINE
  8
0
 10
-3.87907
 20
0.0334778
 11
-3.87749
 21
0.0417328
  0
LINE
  8
0
 10
-3.87749
 20
0.0417328
 11
-3.87558
 21
0.0499268
  0
LINE
  8
0
 10
-3.87558
 20
0.0499268
 11
-3.87331
 21
0.0580292
  0
LINE
  8
0
 10
-3.87331
 20
0.0580292
 11
-3.87071
 21
0.0660248
  0
LINE
  8
0
 10
-3.87071
 20
0.0660248
 11
-3.86778
 21
0.0739136
  0
LINE
  8
0
 10
-3.86778
 20
0.0739136
 11
-3.86452
 21
0.081665
  0
LINE
  8
0
 10
-3.86452
 20
0.081665
 11
-3.86095
 21
0.0892639
  0
LINE
  8
0
 10
-3.86095
 20
0.0892639
 11
-3.85704
 21
0.0967255
  0
LINE
  8
0
 10
-3.85704
 20
0.0967255
 11
-3.85284
 21
0.104004
  0
LINE
  8
0
 10
-3.85284
 20
0.104004
 11
-3.84833
 21
0.111099
  0
LINE
  8
0
 10
-3.84833
 20
0.111099
 11
-3.84354
 21
0.118011
  0
LINE
  8
0
 10
-3.84354
 20
0.118011
 11
-3.83846
 21
0.12471
  0
LINE
  8
0
 10
-3.83846
 20
0.12471
 11
-3.83308
 21
0.131195
  0
LINE
  8
0
 10
-3.83308
 20
0.131195
 11
-3.82747
 21
0.137436
  0
LINE
  8
0
 10
-3.82747
 20
0.137436
 11
-3.82158
 21
0.143448
  0
LINE
  8
0
 10
-3.82158
 20
0.143448
 11
-3.81544
 21
0.1492
  0
LINE
  8
0
 10
-3.81544
 20
0.1492
 11
-3.80908
 21
0.154709
  0
LINE
  8
0
 10
-3.80908
 20
0.154709
 11
-3.80249
 21
0.159927
  0
LINE
  8
0
 10
-3.80249
 20
0.159927
 11
-3.79568
 21
0.164871
  0
LINE
  8
0
 10
-3.79568
 20
0.164871
 11
-3.78868
 21
0.169525
  0
LINE
  8
0
 10
-3.78868
 20
0.169525
 11
-3.78149
 21
0.173874
  0
LINE
  8
0
 10
-3.78149
 20
0.173874
 11
-3.77412
 21
0.177933
  0
LINE
  8
0
 10
-3.77412
 20
0.177933
 11
-3.76659
 21
0.181671
  0
LINE
  8
0
 10
-3.76659
 20
0.181671
 11
-3.7589
 21
0.185089
  0
LINE
  8
0
 10
-3.7589
 20
0.185089
 11
-3.75108
 21
0.188187
  0
LINE
  8
0
 10
-3.75108
 20
0.188187
 11
-3.74313
 21
0.190948
  0
LINE
  8
0
 10
-3.74313
 20
0.190948
 11
-3.73509
 21
0.19339
  0
LINE
  8
0
 10
-3.73509
 20
0.19339
 11
-3.72694
 21
0.19548
  0
LINE
  8
0
 10
-3.72694
 20
0.19548
 11
-3.71872
 21
0.19722
  0
LINE
  8
0
 10
-3.71872
 20
0.19722
 11
-3.71042
 21
0.198624
  0
LINE
  8
0
 10
-3.71042
 20
0.198624
 11
-3.70209
 21
0.199677
  0
LINE
  8
0
 10
-3.70209
 20
0.199677
 11
-3.6937
 21
0.200378
  0
LINE
  8
0
 10
-3.6937
 20
0.200378
 11
-3.6853
 21
0.200729
  0
LINE
  8
0
 10
-3.6853
 20
0.200729
 11
-3.6769
 21
0.200729
  0
LINE
  8
0
 10
-3.6769
 20
0.200729
 11
-3.66849
 21
0.200378
  0
LINE
  8
0
 10
-3.66849
 20
0.200378
 11
-3.66011
 21
0.199677
  0
LINE
  8
0
 10
-3.66011
 20
0.199677
 11
-3.65176
 21
0.198624
  0
LINE
  8
0
 10
-3.65176
 20
0.198624
 11
-3.64348
 21
0.19722
  0
LINE
  8
0
 10
-3.64348
 20
0.19722
 11
-3.63524
 21
0.19548
  0
LINE
  8
0
 10
-3.63524
 20
0.19548
 11
-3.62711
 21
0.19339
  0
LINE
  8
0
 10
-3.62711
 20
0.19339
 11
-3.61905
 21
0.190948
  0
LINE
  8
0
 10
-3.61905
 20
0.190948
 11
-3.6111
 21
0.188187
  0
LINE
  8
0
 10
-3.6111
 20
0.188187
 11
-3.60329
 21
0.185089
  0
LINE
  8
0
 10
-3.60329
 20
0.185089
 11
-3.5956
 21
0.181671
  0
LINE
  8
0
 10
-3.5956
 20
0.181671
 11
-3.58807
 21
0.177933
  0
LINE
  8
0
 10
-3.58807
 20
0.177933
 11
-3.5807
 21
0.173874
  0
LINE
  8
0
 10
-3.5807
 20
0.173874
 11
-3.5735
 21
0.169525
  0
LINE
  8
0
 10
-3.5735
 20
0.169525
 11
-3.5665
 21
0.164871
  0
LINE
  8
0
 10
-3.5665
 20
0.164871
 11
-3.55969
 21
0.159927
  0
LINE
  8
0
 10
-3.55969
 20
0.159927
 11
-3.5531
 21
0.154709
  0
LINE
  8
0
 10
-3.5531
 20
0.154709
 11
-3.54674
 21
0.1492
  0
LINE
  8
0
 10
6.53291
 20
-0.341492
 11
6.53172
 21
-0.344666
  0
LINE
  8
0
 10
6.53172
 20
-0.344666
 11
6.53043
 21
-0.347778
  0
LINE
  8
0
 10
6.53043
 20
-0.347778
 11
6.52898
 21
-0.350845
  0
LINE
  8
0
 10
6.52898
 20
-0.350845
 11
6.52742
 21
-0.353836
  0
LINE
  8
0
 10
6.52742
 20
-0.353836
 11
6.52573
 21
-0.356766
  0
LINE
  8
0
 10
6.52573
 20
-0.356766
 11
6.52391
 21
-0.359619
  0
LINE
  8
0
 10
6.52391
 20
-0.359619
 11
6.52199
 21
-0.362396
  0
LINE
  8
0
 10
6.52199
 20
-0.362396
 11
6.51994
 21
-0.365082
  0
LINE
  8
0
 10
6.51994
 20
-0.365082
 11
6.51779
 21
-0.367691
  0
LINE
  8
0
 10
6.51779
 20
-0.367691
 11
6.51552
 21
-0.370209
  0
LINE
  8
0
 10
6.51552
 20
-0.370209
 11
6.51315
 21
-0.37262
  0
LINE
  8
0
 10
6.51315
 20
-0.37262
 11
6.5107
 21
-0.374939
  0
LINE
  8
0
 10
6.5107
 20
-0.374939
 11
6.50813
 21
-0.377136
  0
LINE
  8
0
 10
6.50813
 20
-0.377136
 11
6.50549
 21
-0.379242
  0
LINE
  8
0
 10
6.50549
 20
-0.379242
 11
6.50275
 21
-0.381226
  0
LINE
  8
0
 10
6.50275
 20
-0.381226
 11
6.49994
 21
-0.383102
  0
LINE
  8
0
 10
6.49994
 20
-0.383102
 11
6.49704
 21
-0.384842
  0
LINE
  8
0
 10
6.49704
 20
-0.384842
 11
6.49408
 21
-0.386475
  0
LINE
  8
0
 10
6.49408
 20
-0.386475
 11
6.49106
 21
-0.387985
  0
LINE
  8
0
 10
6.49106
 20
-0.387985
 11
6.48796
 21
-0.389359
  0
LINE
  8
0
 10
6.48796
 20
-0.389359
 11
6.48482
 21
-0.390594
  0
LINE
  8
0
 10
6.48482
 20
-0.390594
 11
6.48163
 21
-0.391708
  0
LINE
  8
0
 10
6.48163
 20
-0.391708
 11
6.47839
 21
-0.392685
  0
LINE
  8
0
 10
6.47839
 20
-0.392685
 11
6.47511
 21
-0.393524
  0
LINE
  8
0
 10
6.47511
 20
-0.393524
 11
6.47182
 21
-0.394226
  0
LINE
  8
0
 10
6.47182
 20
-0.394226
 11
6.46848
 21
-0.394791
  0
LINE
  8
0
 10
6.46848
 20
-0.394791
 11
6.46512
 21
-0.395218
  0
LINE
  8
0
 10
6.46512
 20
-0.395218
 11
6.46176
 21
-0.395508
  0
LINE
  8
0
 10
6.46176
 20
-0.395508
 11
6.45837
 21
-0.395645
  0
LINE
  8
0
 10
6.45837
 20
-0.395645
 11
6.455
 21
-0.395645
  0
LINE
  8
0
 10
6.455
 20
-0.395645
 11
6.45161
 21
-0.395508
  0
LINE
  8
0
 10
6.45161
 20
-0.395508
 11
6.44826
 21
-0.395218
  0
LINE
  8
0
 10
6.44826
 20
-0.395218
 11
6.4449
 21
-0.394791
  0
LINE
  8
0
 10
6.4449
 20
-0.394791
 11
6.44156
 21
-0.394226
  0
LINE
  8
0
 10
6.44156
 20
-0.394226
 11
6.43826
 21
-0.393524
  0
LINE
  8
0
 10
6.43826
 20
-0.393524
 11
6.43498
 21
-0.392685
  0
LINE
  8
0
 10
6.43498
 20
-0.392685
 11
6.43175
 21
-0.391708
  0
LINE
  8
0
 10
6.43175
 20
-0.391708
 11
6.42856
 21
-0.390594
  0
LINE
  8
0
 10
6.42856
 20
-0.390594
 11
6.42542
 21
-0.389359
  0
LINE
  8
0
 10
6.42542
 20
-0.389359
 11
6.42232
 21
-0.387985
  0
LINE
  8
0
 10
6.42232
 20
-0.387985
 11
6.4193
 21
-0.386475
  0
LINE
  8
0
 10
6.4193
 20
-0.386475
 11
6.41634
 21
-0.384842
  0
LINE
  8
0
 10
6.41634
 20
-0.384842
 11
6.41344
 21
-0.383102
  0
LINE
  8
0
 10
6.41344
 20
-0.383102
 11
6.41063
 21
-0.381226
  0
LINE
  8
0
 10
6.41063
 20
-0.381226
 11
6.4079
 21
-0.379242
  0
LINE
  8
0
 10
6.4079
 20
-0.379242
 11
6.40524
 21
-0.377136
  0
LINE
  8
0
 10
6.40524
 20
-0.377136
 11
6.40268
 21
-0.374939
  0
LINE
  8
0
 10
6.40268
 20
-0.374939
 11
6.40022
 21
-0.37262
  0
LINE
  8
0
 10
6.40022
 20
-0.37262
 11
6.39786
 21
-0.370209
  0
LINE
  8
0
 10
6.39786
 20
-0.370209
 11
6.3956
 21
-0.367691
  0
LINE
  8
0
 10
6.3956
 20
-0.367691
 11
6.39343
 21
-0.365082
  0
LINE
  8
0
 10
6.39343
 20
-0.365082
 11
6.39139
 21
-0.362396
  0
LINE
  8
0
 10
6.39139
 20
-0.362396
 11
6.38947
 21
-0.359619
  0
LINE
  8
0
 10
6.38947
 20
-0.359619
 11
6.38765
 21
-0.356766
  0
LINE
  8
0
 10
6.38765
 20
-0.356766
 11
6.38597
 21
-0.353836
  0
LINE
  8
0
 10
6.38597
 20
-0.353836
 11
6.3844
 21
-0.350845
  0
LINE
  8
0
 10
6.3844
 20
-0.350845
 11
6.38297
 21
-0.347778
  0
LINE
  8
0
 10
6.38297
 20
-0.347778
 11
6.38165
 21
-0.344666
  0
LINE
  8
0
 10
6.38165
 20
-0.344666
 11
6.38046
 21
-0.341492
  0
LINE
  8
0
 10
6.38046
 20
-0.341492
 11
6.37943
 21
-0.338287
  0
LINE
  8
0
 10
6.37943
 20
-0.338287
 11
6.37851
 21
-0.335022
  0
LINE
  8
0
 10
6.37851
 20
-0.335022
 11
6.37775
 21
-0.331726
  0
LINE
  8
0
 10
6.37775
 20
-0.331726
 11
6.37711
 21
-0.328415
  0
LINE
  8
0
 10
6.37711
 20
-0.328415
 11
6.37662
 21
-0.325073
  0
LINE
  8
0
 10
6.37662
 20
-0.325073
 11
6.37627
 21
-0.321701
  0
LINE
  8
0
 10
6.37627
 20
-0.321701
 11
6.37605
 21
-0.318329
  0
LINE
  8
0
 10
6.37605
 20
-0.318329
 11
6.37598
 21
-0.314957
  0
LINE
  8
0
 10
6.37598
 20
-0.314957
 11
6.37605
 21
-0.311569
  0
LINE
  8
0
 10
6.37605
 20
-0.311569
 11
6.37627
 21
-0.308197
  0
LINE
  8
0
 10
6.37627
 20
-0.308197
 11
6.37662
 21
-0.30484
  0
LINE
  8
0
 10
6.37662
 20
-0.30484
 11
6.37711
 21
-0.301498
  0
LINE
  8
0
 10
6.37711
 20
-0.301498
 11
6.37775
 21
-0.298172
  0
LINE
  8
0
 10
6.37775
 20
-0.298172
 11
6.37851
 21
-0.294876
  0
LINE
  8
0
 10
6.37851
 20
-0.294876
 11
6.37943
 21
-0.291626
  0
LINE
  8
0
 10
6.37943
 20
-0.291626
 11
6.38046
 21
-0.288406
  0
LINE
  8
0
 10
6.38046
 20
-0.288406
 11
6.38165
 21
-0.285248
  0
LINE
  8
0
 10
6.38165
 20
-0.285248
 11
6.38297
 21
-0.28212
  0
LINE
  8
0
 10
6.38297
 20
-0.28212
 11
6.3844
 21
-0.279068
  0
LINE
  8
0
 10
6.3844
 20
-0.279068
 11
6.38597
 21
-0.276077
  0
LINE
  8
0
 10
6.38597
 20
-0.276077
 11
6.38765
 21
-0.273148
  0
LINE
  8
0
 10
6.38765
 20
-0.273148
 11
6.38947
 21
-0.270294
  0
LINE
  8
0
 10
6.38947
 20
-0.270294
 11
6.39139
 21
-0.267517
  0
LINE
  8
0
 10
6.39139
 20
-0.267517
 11
6.39343
 21
-0.264816
  0
LINE
  8
0
 10
6.39343
 20
-0.264816
 11
6.3956
 21
-0.262222
  0
LINE
  8
0
 10
6.3956
 20
-0.262222
 11
6.39786
 21
-0.259705
  0
LINE
  8
0
 10
6.39786
 20
-0.259705
 11
6.40022
 21
-0.257294
  0
LINE
  8
0
 10
6.40022
 20
-0.257294
 11
6.40268
 21
-0.254974
  0
LINE
  8
0
 10
6.40268
 20
-0.254974
 11
6.40524
 21
-0.252762
  0
LINE
  8
0
 10
6.40524
 20
-0.252762
 11
6.4079
 21
-0.250671
  0
LINE
  8
0
 10
6.4079
 20
-0.250671
 11
6.41063
 21
-0.248672
  0
LINE
  8
0
 10
6.41063
 20
-0.248672
 11
6.41344
 21
-0.246811
  0
LINE
  8
0
 10
6.41344
 20
-0.246811
 11
6.41634
 21
-0.245056
  0
LINE
  8
0
 10
6.41634
 20
-0.245056
 11
6.4193
 21
-0.243423
  0
LINE
  8
0
 10
6.4193
 20
-0.243423
 11
6.42232
 21
-0.241928
  0
LINE
  8
0
 10
6.42232
 20
-0.241928
 11
6.42542
 21
-0.240555
  0
LINE
  8
0
 10
6.42542
 20
-0.240555
 11
6.42856
 21
-0.239304
  0
LINE
  8
0
 10
6.42856
 20
-0.239304
 11
6.43175
 21
-0.23819
  0
LINE
  8
0
 10
6.43175
 20
-0.23819
 11
6.43498
 21
-0.237213
  0
LINE
  8
0
 10
6.43498
 20
-0.237213
 11
6.43826
 21
-0.236374
  0
LINE
  8
0
 10
6.43826
 20
-0.236374
 11
6.44156
 21
-0.235672
  0
LINE
  8
0
 10
6.44156
 20
-0.235672
 11
6.4449
 21
-0.235107
  0
LINE
  8
0
 10
6.4449
 20
-0.235107
 11
6.44826
 21
-0.23468
  0
LINE
  8
0
 10
6.44826
 20
-0.23468
 11
6.45161
 21
-0.234406
  0
LINE
  8
0
 10
6.45161
 20
-0.234406
 11
6.455
 21
-0.234268
  0
LINE
  8
0
 10
6.455
 20
-0.234268
 11
6.45837
 21
-0.234268
  0
LINE
  8
0
 10
6.45837
 20
-0.234268
 11
6.46176
 21
-0.234406
  0
LINE
  8
0
 10
6.46176
 20
-0.234406
 11
6.46512
 21
-0.23468
  0
LINE
  8
0
 10
6.46512
 20
-0.23468
 11
6.46848
 21
-0.235107
  0
LINE
  8
0
 10
6.46848
 20
-0.235107
 11
6.47182
 21
-0.235672
  0
LINE
  8
0
 10
6.47182
 20
-0.235672
 11
6.47511
 21
-0.236374
  0
LINE
  8
0
 10
6.47511
 20
-0.236374
 11
6.47839
 21
-0.237213
  0
LINE
  8
0
 10
6.47839
 20
-0.237213
 11
6.48163
 21
-0.23819
  0
LINE
  8
0
 10
6.48163
 20
-0.23819
 11
6.48482
 21
-0.239304
  0
LINE
  8
0
 10
6.48482
 20
-0.239304
 11
6.48796
 21
-0.240555
  0
LINE
  8
0
 10
6.48796
 20
-0.240555
 11
6.49106
 21
-0.241928
  0
LINE
  8
0
 10
6.49106
 20
-0.241928
 11
6.49408
 21
-0.243423
  0
LINE
  8
0
 10
6.49408
 20
-0.243423
 11
6.49704
 21
-0.245056
  0
LINE
  8
0
 10
6.49704
 20
-0.245056
 11
6.49994
 21
-0.246811
  0
LINE
  8
0
 10
6.49994
 20
-0.246811
 11
6.50275
 21
-0.248672
  0
LINE
  8
0
 10
6.50275
 20
-0.248672
 11
6.50549
 21
-0.250671
  0
LINE
  8
0
 10
6.50549
 20
-0.250671
 11
6.50813
 21
-0.252762
  0
LINE
  8
0
 10
6.50813
 20
-0.252762
 11
6.5107
 21
-0.254974
  0
LINE
  8
0
 10
6.5107
 20
-0.254974
 11
6.51315
 21
-0.257294
  0
LINE
  8
0
 10
6.51315
 20
-0.257294
 11
6.51552
 21
-0.259705
  0
LINE
  8
0
 10
6.51552
 20
-0.259705
 11
6.51779
 21
-0.262222
  0
LINE
  8
0
 10
6.51779
 20
-0.262222
 11
6.51994
 21
-0.264816
  0
LINE
  8
0
 10
6.51994
 20
-0.264816
 11
6.52199
 21
-0.267517
  0
LINE
  8
0
 10
6.52199
 20
-0.267517
 11
6.52391
 21
-0.270294
  0
LINE
  8
0
 10
6.52391
 20
-0.270294
 11
6.52573
 21
-0.273148
  0
LINE
  8
0
 10
6.52573
 20
-0.273148
 11
6.52742
 21
-0.276077
  0
LINE
  8
0
 10
6.52742
 20
-0.276077
 11
6.52898
 21
-0.279068
  0
LINE
  8
0
 10
6.52898
 20
-0.279068
 11
6.53043
 21
-0.28212
  0
LINE
  8
0
 10
6.53043
 20
-0.28212
 11
6.53172
 21
-0.285248
  0
LINE
  8
0
 10
6.53172
 20
-0.285248
 11
6.53291
 21
-0.288406
  0
LINE
  8
0
 10
6.53291
 20
-0.288406
 11
6.53395
 21
-0.291626
  0
LINE
  8
0
 10
6.53395
 20
-0.291626
 11
6.53487
 21
-0.294876
  0
LINE
  8
0
 10
6.53487
 20
-0.294876
 11
6.53563
 21
-0.298172
  0
LINE
  8
0
 10
6.53563
 20
-0.298172
 11
6.53627
 21
-0.301498
  0
LINE
  8
0
 10
6.53627
 20
-0.301498
 11
6.53676
 21
-0.30484
  0
LINE
  8
0
 10
6.53676
 20
-0.30484
 11
6.53711
 21
-0.308197
  0
LINE
  8
0
 10
6.53711
 20
-0.308197
 11
6.53732
 21
-0.311569
  0
LINE
  8
0
 10
6.53732
 20
-0.311569
 11
6.5374
 21
-0.314957
  0
LINE
  8
0
 10
6.5374
 20
-0.314957
 11
6.53732
 21
-0.318329
  0
LINE
  8
0
 10
6.53732
 20
-0.318329
 11
6.53711
 21
-0.321701
  0
LINE
  8
0
 10
6.53711
 20
-0.321701
 11
6.53676
 21
-0.325073
  0
LINE
  8
0
 10
6.53676
 20
-0.325073
 11
6.53627
 21
-0.328415
  0
LINE
  8
0
 10
6.53627
 20
-0.328415
 11
6.53563
 21
-0.331726
  0
LINE
  8
0
 10
6.53563
 20
-0.331726
 11
6.53487
 21
-0.335022
  0
LINE
  8
0
 10
6.53487
 20
-0.335022
 11
6.53395
 21
-0.338287
  0
LINE
  8
0
 10
6.53395
 20
-0.338287
 11
6.53291
 21
-0.341492
  0
ENDSEC
  0
SECTION
  2
OBJECTS
  0
DICTIONARY
  0
ENDSEC
  0
EOF
